ingredient_id|inci_name|cosing_matched|cosing_ref_no|cas_number|ec_number|functions|chemical_description|cosing_restriction|cosing_update_date|annex_ii|annex_iii|annex_iv|annex_v|annex_vi|is_common_allergen|allergen_source|comedogenic_rating|is_fungal_acne_trigger|rating_source
52|( /-)|0|||||||||||||0||||
204|(F.I.L B38252/3)|0|||||||||||||0||||
205|(F.I.L B48924/1)|0|||||||||||||0||||
347|(F.I.L,Y70037597/1)|0|||||||||||||0||||
405|(F.I.L.Z70042467/1)|0|||||||||||||0||||
419|(F01)|0|||||||||||||0||||
436|(FIL B44107/1)|0|||||||||||||0||||
547|(SD ALCOHOL 39-C)|0|||||||||||||0||||
797|1,2-HEXANEDIOL|1|54170|6920-22-5|230-029-6|SKIN CONDITIONING;SOLVENT||||0.0|0.0|0.0|0.0|0.0|0||||
835|1-METHYLHYDANTOIN-2-IMIDE|1|54178|60-27-5|200-466-7|SKIN CONDITIONING||||0.0|0.0|0.0|0.0|0.0|0||||
836|1-NAPHTHOL|1|31470|90-15-3|201-969-4|HAIR DYEING||III/16||0.0|1.0|0.0|0.0|0.0|0||||
1287|12M BEIERSDOCF OUY HI|0|||||||||||||0||||
1494|2,4-DIAMINOPHENOXYETHANOL HCL|1|31476|66422-95-5|266-357-1|HAIR DYEING||III/242||0.0|0.0|0.0|0.0|0.0|0||||
1503|2,6-DICARBOXYPYRIDINE|1|31481|499-83-2|207-894-3|CHELATING||||0.0|0.0|0.0|0.0|0.0|0||||
1519|2-AMINO-3-HYDROXYPYRIDINE|1|31485|16867-03-1|240-886-8|HAIR DYEING||Annex III/211 - Directive 2012/21/EU||0.0|1.0|0.0|0.0|0.0|0||||
1522|2-AMINO-6-CHLORO-4-NITROPHENOL|1|31489|6358-09-4|228-762-1|HAIR DYEING||III/252||0.0|1.0|0.0|0.0|0.0|0||||
1535|2-BROMO-2-NITROPROPANE-1,3-DIOL|1|31492|52-51-7|200-143-0|PRESERVATIVE|2-Bromo-2-Nitropropane-1,3-Diol is a substituted aliphatic diol that conforms to the formula:|V/21||0.0|0.0|0.0|0.0|0.0|0||||
1541|2-METHOXYMETHYL-P-PHENYLENEDIAMINE|1|98564|337906-36-2|679-526-3|HAIR DYEING|2-Methoxymethyl-p-Phenylenediamine is the substituted aromatic amine that conforms to the formula:|||0.0|1.0|0.0|0.0|0.0|0||||
1548|2-METHYL-5-HYDROXYETHYLAMINOPHENOL|1|31502|55302-96-0|259-583-7|HAIR DYEING||III/229||0.0|1.0|0.0|0.0|0.0|0||||
1549|2-METHYLRESORCINOL|1|31503|608-25-3|210-155-8|HAIR DYEING||III/243||0.0|1.0|0.0|0.0|0.0|0||||
2201|505 4464-503 SR DA HORA|0|||||||||||||0||||
2293|64521 GROSS-GERAU|0|||||||||||||0||||
2305|65823 SCHWALBACH/TS. GERMANY FR E 22J A HDPE P|0|||||||||||||0||||
2321|695126 41 INGREDIENTS|0|||||||||||||0||||
2378|737201 6 - INGREDIENTS|0|||||||||||||0||||
2549|8855963-INGREDIENTS|0|||||||||||||0||||
2916|ACETIC ACID|1|31572|64-19-7|200-580-7|BUFFERING;FRAGRANCE|Acetic Acid is the organic acid that conforms to the formula:|||0.0|0.0|0.0|0.0|0.0|0||||
2924|ACETYL CEDRENE|1|100214|||FRAGRANCE|Acetyl Cedrene is the organic compound that conforms to the formula|||0.0|1.0|0.0|0.0|0.0|1|EU_ANNEX_III|||
2946|ACETYL TRIBUTYL CITRATE|1|73988|77-90-7|201-067-0|FRAGRANCE;PLASTICISER;PERFUMING|Acetylcitric acid tributyl ester|||0.0|0.0|0.0|0.0|0.0|0||||
2979|ACID BLUE 9|1|31613|3844-45-9|223-339-8|HAIR DYEING|Acid Blue 9 is classed chemically as a triphenylmethane colour. It conforms to the formula:|III/190||0.0|1.0|1.0|0.0|0.0|0||||
2984|ACID ORANGE 7|1|31620|633-96-5|211-199-0|HAIR DYEING|Acid Orange 7 is classed chemically as a monoazo colour (see also CI 15510). It conforms to the formula:|III/318||0.0|1.0|1.0|0.0|0.0|0||||
2990|ACID VIOLET 43|1|31634|4430-18-6|224-618-7|HAIR DYEING|Acid Violet 43 is classed chemically as an anthraquinone colour. It conforms to the formula:|III/291||0.0|1.0|1.0|0.0|0.0|0||||
2992|ACID YELLOW 3|1|100075|38615-46-2/ 39354-67-1/ 8004-92-0||HAIR DYEING|Acid Yellow 3 is a mixture of the sodium salts of the mono- and disulfonic acids of 2-(2-quinolyl)-1H-indene-1,3(2H)-dione. It is principally disulfonated, similar to CI 47005 and Ki203, whereas Yellow 10 is principally monosulfonated. (To identify the disulfonated colorant allowed for use in the European Union (EU), the INCI Name CI 47005 (q.v.) must be used, except for hair dye products).|||0.0|1.0|0.0|0.0|0.0|0||||
3111|ACORUS CALAMUS ROOT EXTRACT|1|74044|84775-39-3|283-869-0|SKIN CONDITIONING;PERFUMING|Acorus Calamus Root Extract is an extract of the roots of the Sweet Flag, Acorus calamus L., Araceae|||0.0|0.0|0.0|0.0|0.0|0||||
3141|ACRYLAMIDOPROPYLTRIMONIUM CHLORIDE/ACRYLATES COPOLYMER|1|31647|||FILM FORMING|Propenamidopropyltrimethylammonium chloride, polymer with propenoic acid, butenoic acid, and/or alkyl propenoates|||0.0|0.0|0.0|0.0|0.0|0||||
3150|ACRYLATE/C10-30 ALKYL ACRYLATE CROSSPOLYMER|0|||||||||||||0||||
3158|ACRYLATES ACRYLATE CROSSPOLYMER|0|||||||||||||0||||
3169|ACRYLATES COPOLYMER|1|31648|25133-97-5 / 25035-69-2 / 25212-88-8||ANTISTATIC;BINDING;FILM FORMING||||1.0|0.0|0.0|0.0|0.0|0||||
3175|ACRYLATES CROSSPOLYMER-4|1|87994|||EMULSION STABILISING;FILM FORMING;SURFACTANT - CLEANSING;VISCOSITY CONTROLLING|Acrylates Crosspolymer-4 is copolymer of acrylic acid, methacrylic acid or one of its simple esters, crosslinked with trimethylolpropane triacrylate|||0.0|0.0|0.0|0.0|0.0|0||||
3189|ACRYLATES/BEHENETH-25 METHACRYLATE COPOLYMER|1|54266|||VISCOSITY CONTROLLING|Copolymer formed from the ester of 2-methylpropenoic acid and docosanol, ethoxylated, 25 mol EO (average molar ratio) and one or more monomers of acrylic acid, methacrylic acid or one of their simple esters|||0.0|0.0|0.0|0.0|0.0|0||||
3212|ACRYLATES/C10-30 ALKYL ACRYLATE CROSSPOLYMER|1|74162|||EMULSION STABILISING;FILM FORMING;VISCOSITY CONTROLLING|C10-30 alkyl propenoate, polymer with propenoic acid, butenoic acidand/or alkyl propenoates, product with propenyl sucrose ether or propenyl 2,2-dihydroxymethyl-1,3-propanediol|||0.0|0.0|0.0|0.0|0.0|0||||
3257|ACRYLATES/DIMETHICONE COPOLYMER|1|74167|||ANTICAKING;BINDING;FILM FORMING;SKIN CONDITIONING|Copolymer of dimethicone acrylate and one or more monomers of acrylic acid, methacrylic acid or one of their simple esters|||0.0|0.0|0.0|0.0|0.0|0||||
3276|ACRYLATES/STEARYL METHACRYLATE COPOLYMER|1|54384|||EMULSION STABILISING;VISCOSITY CONTROLLING|Copolymer formed from stearyl 2-methylpropenoate and one or more monomers of acrylic acid, methacrylic acid or one of their simple esters|||0.0|0.0|0.0|0.0|0.0|0||||
3315|ACTINIDIA DELICIOSA FRUIT EXTRACT|1|84881|||SKIN CONDITIONING|Actinidia Deliciosa Fruit Extract is the extract obtained from the kiwi, Actinidia Deliciosa, Actinidiaceae|||0.0|0.0|0.0|0.0|0.0|0||||
3326|ACTIVATOR AQUA/WATER/EAU|0|||||||||||||0||||
3392|ADANSONIA DIGITATA FRUIT EXTRACT|1|83594|91745-12-9|294-680-8|SKIN CONDITIONING - EMOLLIENT|Adansonia Digitata Fruit Extract is the extract of the fruits of the Monkey Bread Tree or the Baobab, Adansonia digitata L., Bombacaceae|||0.0|0.0|0.0|0.0|0.0|0||||
3395|ADANSONIA DIGITATA SEED OIL|1|54411|91745-12-9|294-680-8|SKIN CONDITIONING - EMOLLIENT;HAIR CONDITIONING;SKIN CONDITIONING|Adansonia Digitata Seed Oil is the oil expressd from the seeds of the Monkey Bread Tree or the Baobab, Adansonia digitata L., Bombacaceae|||0.0|0.0|0.0|0.0|0.0|0||||
3442|ADIPIC ACID/FUMARIC ACID/PHTHALIC ACID/TRICYCLODECANE DIMETHANOL COPOLYMER|1|54420|||FILM FORMING|Adipic Acid/Fumaric Acid/Phthalic Acid/ Twistanedimethanol Copolymer|||0.0|0.0|0.0|0.0|0.0|0||||
3451|ADIPIC ACID/NEOPENTYL GLYCOL/TRIMELLITIC ANHYDRIDE COPOLYMER|1|31381|28407-73-0||FILM FORMING|Hexanedioic acid, polymer with 1,3-dihydro-1,3-dioxo-5-isobenzofurancarboxylic acid and 2,2-dimethyl-1,3-propanediol|||0.0|0.0|0.0|0.0|0.0|0||||
3523|AGAVE AMERICANA LEAF EXTRACT|1|54434|85186-53-4|286-037-5|SKIN CONDITIONING|Agave Americana Leaf Extract is an extract of the leaves of the American Sisal, Agave americana L., Agavaceae|||0.0|0.0|0.0|0.0|0.0|0||||
3703|ALANINE|1|31395|302-72-7 / 56-41-7|206-126-4 / 200-273-8|ANTISTATIC;HAIR CONDITIONING;FRAGRANCE;SKIN CONDITIONING||||0.0|0.0|0.0|0.0|0.0|0||||
3746|ALCOHOL|1|31401|64-17-5|200-578-6|ANTIFOAMING;ANTIMICROBIAL;ASTRINGENT;FRAGRANCE;SOLVENT;VISCOSITY CONTROLLING|Alcohol is undenatured ethyl alcohol that conforms to the formula:|||0.0|0.0|0.0|0.0|0.0|0||||
3785|ALCOHOL DENAT.|1|74174|64-17-5|200-578-6|ANTIFOAMING;ANTIMICROBIAL;ASTRINGENT;FRAGRANCE;SOLVENT;VISCOSITY CONTROLLING|Alcohol Denat. is ethyl alcohol that is denatured with one or more denaturing agents in accordance with the national legislation of each European Community (EU) country.|||0.0|0.0|0.0|0.0|0.0|0||||
3787|ALCOHOL DENAT. SD ALCOHOL 39-C|1|84737|||SOLVENT|SD Alcohol 39-C is ethyl alcohol denatured with diethyl phthalate in accordance with 27CFR21|||0.0|0.0|0.0|0.0|0.0|0||||
3912|ALGIN|1|74179|9005-38-3 / 57606-04-9||BINDING;FRAGRANCE;VISCOSITY CONTROLLING||||0.0|0.0|0.0|0.0|0.0|0||||
3954|ALLANTOIN|1|31411|97-59-6|202-592-8|SKIN CONDITIONING;SKIN PROTECTING;SOOTHING||||0.0|0.0|0.0|0.0|0.0|0||0|0.0|Fulton JE Jr. Comedogenicity and irritancy of commonly used ingredients in skin care products. J Soc Cosmet Chem 1989;40:321-333, Table I, p.326; ISSN:0037-9832 (no DOI/PMID assigned; PDF from library.scconline.org/v040n06/13)
3965|ALLANTON COCAMIDOPROPYL BETAINE|0|||||||||||||0||||
4076|ALOE BARBADENSIS LEAF EXTRACT|1|54346|85507-69-3 / 94349-62-9|287-390-8 / 305-181-2|SKIN CONDITIONING - EMOLLIENT;HUMECTANT;ORAL CARE;SKIN CONDITIONING|Aloe Barbadensis Leaf Extract is an extract of the leaves of the aloe, Aloe barbadensis, Liliaceae|||0.0|0.0|0.0|0.0|0.0|0||||
4086|ALOE BARBADENSIS LEAF JUICE|1|54347|85507-69-3 / 94349-62-9|287-390-8 / 305-181-2|SKIN CONDITIONING|Aloe Barbadensis Leaf Juice is the juice expressed from the leaves of the aloe, Aloe barbadensis, Liliaceae|||0.0|0.0|0.0|0.0|0.0|0||||
4100|ALOE BARBADENSIS LEAF JUICE POWDER|1|54348|85507-69-3 / 94349-62-9|287-390-8 / 305-181-2|SKIN CONDITIONING|Aloe Barbadensis Leaf Juice Powder is the powder obtained from the dried juice leaves of the aloe, Aloe barbadensis, Liliaceae|||0.0|0.0|0.0|0.0|0.0|0||||
4278|ALPHA-ISOMETHYL IONONE|1|39665|127-51-5|204-846-3|SKIN CONDITIONING;PERFUMING|Alpha-Isomethyl Ionone is the organic compound that conforms to the formula|III/90||0.0|1.0|0.0|0.0|0.0|1|EU_ANNEX_III|||
4290|ALPHA-ISOMETHYL LONONE|0|||||||||||||0||||
4332|ALPHA-TERPINENE|1|41318|99-86-5|202-795-1|PERFUMING|Alpha-Terpinene is the organic compound that conforms to the formula:|III/131||0.0|1.0|0.0|0.0|0.0|1|EU_ANNEX_III|||
4384|ALUMINA|1|74191|1344-28-1|215-691-6|ABRASIVE;ABSORBENT;ANTICAKING;BULKING;OPACIFYING;VISCOSITY CONTROLLING||||0.0|0.0|0.0|0.0|0.0|0||||
4393|ALUMINIUM CHLOROHYDRATE|0|||||||||||||0||||
4409|ALUMINIUM ZIRCONIUM TETRACHLOROHYDREX GLY|0|||||||||||||0||||
4428|ALUMINUM CHLOROHYDRATE|1|31452|12042-91-0|234-933-1|ANTIPERSPIRANT;ASTRINGENT;DEODORANT||||0.0|0.0|0.0|0.0|0.0|0||||
4439|ALUMINUM HYDROXIDE|1|74215|21645-51-2|244-492-7|SKIN CONDITIONING - EMOLLIENT;HUMECTANT;OPACIFYING;SKIN PROTECTING;VISCOSITY CONTROLLING||||0.0|0.0|0.0|0.0|0.0|0||||
4446|ALUMINUM POWDER|1|105090|7429-90-5|231-072-3|COLORANT|Aluminum Powder is a metallic element composed of finely divided particles of aluminum free of other added materials. To identify the colorant allowed for use in the European Union (EU), the INCI Name CI 77000 must be used.|||0.0|0.0|0.0|0.0|0.0|0||||
4451|ALUMINUM SESQUICHLOROHYDRATE|1|31686|11089-92-2|234-310-4|ANTIPERSPIRANT;ASTRINGENT;DEODORANT||||0.0|0.0|0.0|0.0|0.0|0||||
4457|ALUMINUM STARCH OCTENYLSUCCINATE|1|31809|9087-61-0||ABSORBENT;ANTICAKING;VISCOSITY CONTROLLING|Starch, hydrogen octenylbutanedionate, aluminum salt|||0.0|0.0|0.0|0.0|0.0|0||||
4474|ALUMINUM ZIRCONIUM TETRACHLOROHYDREX GLY|1|31820|134910-86-4||ANTIPERSPIRANT;ASTRINGENT;DEODORANT|Complex reaction products obtained from the reaction of aluminium zirconium tetrachlorohydrate (Al8Zr(OH)12Cl4.xH2O) and glycine|III/50||0.0|1.0|0.0|0.0|0.0|0||||
4503|AMARA (BITTER ORANGE) FLOWER OIL|0|||||||||||||0||||
4574|AMINOMETHYL PROPANEDIOL|1|74366|115-69-5|204-100-7|BUFFERING;FRAGRANCE|Aminomethyl Propanediol is a substituted aliphatic diol that conforms to the formula.|III/61||0.0|0.0|0.0|0.0|0.0|0||||
4575|AMINOMETHYL PROPANOL|1|74367|124-68-5|204-709-8|BUFFERING||III/61||0.0|1.0|0.0|0.0|0.0|0||||
4622|AMMONIUM ALUM|1|31844|7784-25-0|232-055-3|ANTIPERSPIRANT;ASTRINGENT|Ammonium Alum is an inorganic salt|||0.0|0.0|0.0|0.0|0.0|0||||
4638|AMMONIUM HYDROXIDE|1|31870|1336-21-6|215-647-6|BUFFERING;DENATURANT||III/4||0.0|1.0|0.0|0.0|0.0|0||||
4645|AMMONIUM LAURETH SULFATE|1|74404|32612-48-9 / 67762-19-0||CLEANSING;FOAMING;SURFACTANT - CLEANSING|Dodecan-1-ol, ethoxylated, sulfates, ammonium salts, 1-4 mol EO (average molar ratio)|||0.0|0.0|0.0|0.0|0.0|0||||
4647|AMMONIUM LAURYL SULFATE|1|74412|2235-54-3|218-793-9|CLEANSING;FOAMING;SURFACTANT - CLEANSING||||0.0|0.0|0.0|0.0|0.0|0||||
4664|AMMONIUM POLYACRYLOYLDIMETHYL TAURATE|1|54601|62152-14-1||EMULSION STABILISING;VISCOSITY CONTROLLING|1-Propanesulfonic acid, 2-methyl-2-[(1-oxo-2-propenyl)amino]-, monoammonium salt, homopolymer|||0.0|0.0|0.0|0.0|0.0|0||||
4668|AMMONIUM SULFATE|1|31899|7783-20-2|231-984-1|VISCOSITY CONTROLLING||||0.0|0.0|0.0|0.0|0.0|0||||
4685|AMODIMETHICONE|1|31907|71750-80-6||ANTISTATIC;HAIR CONDITIONING|Dimethylsiloxane, polymer, (((3-((2-aminoethyl)amino)propyl)-dimethoxysilyl)oxy)-terminated|||0.0|0.0|0.0|0.0|0.0|0||||
4740|AMYL CINNAMAL|1|31923|122-40-7|204-541-5|PERFUMING||III/67||0.0|1.0|0.0|0.0|0.0|1|EU_ANNEX_III|||
4755|AMYL SALICYLATE|1|31924|2050-08-0|218-080-2|SKIN CONDITIONING;PERFUMING|Amyl Salicylate is the ester of amyl alcohol and salicylic acid that conforms to the formula|||0.0|1.0|0.0|0.0|0.0|1|EU_ANNEX_III|||
4763|AMYLCINNAMYL ALCOHOL|1|39033|101-85-9|202-982-8|PERFUMING||III/74||0.0|1.0|0.0|0.0|0.0|1|EU_ANNEX_III|||
4781|ANANAS SATIVUS FRUIT EXTRACT|1|54454|||SKIN CONDITIONING|Ananas Sativus Fruit Extract is an extract of the fruit of the pineapple, Ananas sativus, Bromeliaceae|||0.0|0.0|0.0|0.0|0.0|0||||
4885|ANETHOLE|1|74302|104-46-1|203-205-5|DENATURANT;FRAGRANCE||III/329||0.0|1.0|0.0|0.0|0.0|1|EU_ANNEX_III|||
4914|ANHYDROXYLITOL|1|54477|53448-53-6|258-560-9|HUMECTANT;SKIN CONDITIONING||||0.0|0.0|0.0|0.0|0.0|0||||
4983|ANTHEMIS NOBILIS FLOWER WATER|1|54548|84649-86-5|283-467-5|FRAGRANCE;SKIN CONDITIONING|Anthemis Nobilis Flower Water is the aqueous solution of the steam distillate obtained from the flowers of the Roman Chamomile, Anthemis nobilis L., Compositae|||0.0|0.0|0.0|0.0|0.0|0||||
5084|APHANIZOMENON FLOS-AQUAE EXTRACT|0|||||||||||||0||||
5197|AQUA|1|31959|7732-18-5|231-791-2|SOLVENT|Water|||0.0|0.0|0.0|0.0|0.0|0||||
5302|AQUA VATER)|0|||||||||||||0||||
5438|ARACHIDIC ACID|1|74353|506-30-9|208-031-3|CLEANSING;SURFACTANT - EMULSIFYING;OPACIFYING;SURFACTANT - CLEANSING||||0.0|0.0|0.0|0.0|0.0|0||2|1.0|"Fulton JE Jr. Comedogenicity and irritancy of commonly used ingredients in skin care products. J Soc Cosmet Chem 1989;40:321-333, Table I, p.324; ISSN:0037-9832 (no DOI/PMID assigned; PDF from library.scconline.org/v040n06/13) | rule: C11-C24 fatty acid, one of its esters, or polysorbate 20/40/60/80 (src/enrichment/fungal_rule.py); basis: DOI:10.3389/fcimb.2020.00112; DOI:10.1093/femsyr/foaf043"
5516|ARGAN OIL POLYGLYCERYL-6 ESTERS|1|54492|||SKIN CONDITIONING - EMOLLIENT;SURFACTANT - EMULSIFYING;SKIN CONDITIONING;SURFACTANT - CLEANSING|Argan Oil Polyglyceryl-6 Esters is the product obtained by the transesterification of Argania Spinosa Kernel Oil and Polyglyceryl-6|||0.0|0.0|0.0|0.0|0.0|0||||
5536|ARGANIA SPINOSA EXTRACT|1|54493|223747-87-3||SKIN CONDITIONING|Argania Spinosa Extract is an extract of the whole plant, Argania Spinosa (L.), Sapotaceae|||0.0|0.0|0.0|0.0|0.0|0||||
5548|ARGANIA SPINOSA KERNEL OIL|1|54495|223747-87-3 ; 299184-75-1||SKIN CONDITIONING - EMOLLIENT;SKIN CONDITIONING|Argania Spinosa Kernel Oil is the fixed oil expressed from the kernels, Argania Spinosa (L.), Sapotaceae|||0.0|0.0|0.0|0.0|0.0|0||||
5591|ARGILLA|1|31980|12199-37-0|235-374-6|ABRASIVE;BULKING;HUMECTANT|Naturally occuring substances. Smectite group minerals|||0.0|0.0|0.0|0.0|0.0|0||||
5600|ARGININE|1|74314|74-79-3 / 7200-25-1|200-811-1 / 230-571-3|ANTISTATIC;HAIR CONDITIONING;FRAGRANCE;SKIN CONDITIONING||||0.0|0.0|0.0|0.0|0.0|0||||
5639|AROMA|1|31992|||FLAVOURING|Flavours or aromatic compositions and their ingredients|||0.0|0.0|0.0|0.0|0.0|0||||
5754|ASCORBIC ACID|1|74328|50-81-7 / 62624-30-0|200-066-2 / 263-644-3|ANTIOXIDANT;BUFFERING;FRAGRANCE;SKIN CONDITIONING||||1.0|0.0|0.0|0.0|0.0|0||||
5782|ASCORBYL PALMITATE|1|32007|137-66-6|205-305-4|ANTIOXIDANT;FRAGRANCE||||0.0|0.0|0.0|0.0|0.0|0||2|1.0|"Fulton JE Jr. Comedogenicity and irritancy of commonly used ingredients in skin care products. J Soc Cosmet Chem 1989;40:321-333, Table I, p.324; ISSN:0037-9832 (no DOI/PMID assigned; PDF from library.scconline.org/v040n06/13) | rule: C11-C24 fatty acid, one of its esters, or polysorbate 20/40/60/80 (src/enrichment/fungal_rule.py); basis: DOI:10.3389/fcimb.2020.00112; DOI:10.1093/femsyr/foaf043"
6050|AVENA SATIVA KERNEL EXTRACT|1|74463|84012-26-0|281-672-4|ABRASIVE;ANTIOXIDANT;SKIN CONDITIONING - EMOLLIENT;SKIN CONDITIONING|Avena Sativa Kernel Extract is an extract of the kernels of the Oat, Avena sativa L., Poaceae|||0.0|0.0|0.0|0.0|0.0|0||||
6056|AVENA SATIVA KERNEL FLOUR|1|54649|134134-86-4 / 84012-26-0|281-672-4|ABRASIVE;ABSORBENT;BULKING;VISCOSITY CONTROLLING|Avena Sativa Kernel Flour is is the powder obtained by the fine grinding of the kernels of the Oat, Avena sativa L., Poaceae|||0.0|0.0|0.0|0.0|0.0|0||||
6058|AVENA SATIVA KERNEL OIL|1|74464|84012-26-0|281-672-4|SKIN CONDITIONING|Avena Sativa Kernel Oil is the fixed oil expressed from the kernels of the Oat, Avena sativa L., Poaceae|||0.0|0.0|0.0|0.0|0.0|0||||
6204|AZELAIC ACID|1|74538|123-99-9|204-669-1|BUFFERING;FRAGRANCE||||0.0|0.0|0.0|0.0|0.0|0||||
6347|BALANITES AEGYPTIACA SEED EXTRACT|1|88920|||SKIN CONDITIONING|Balanites Aegyptiaca Seed Extract is the extract of the seeds of Balanites aegyptiaca, Zygophyllaceae|||0.0|0.0|0.0|0.0|0.0|0||||
6365|BAMBUSA ARUNDINACEA LEAF EXTRACT|1|83072|91771-32-3|294-922-2|HAIR CONDITIONING;SKIN CONDITIONING|Bambusa Arundinacea Leaf Extract is the extract of the leaves of the Bamboo, Bambusa arundinacea, Poaceae|||0.0|0.0|0.0|0.0|0.0|0||||
6400|BAPTISIA TINCTORIA ROOT EXTRACT|1|54813|84775-46-2|283-875-3|SKIN CONDITIONING|Baptisia Tinctoria Root Extract is an extract of the roots of the Wild Indigo, Baptisia tinctoria, Leguminosae|||0.0|0.0|0.0|0.0|0.0|0||||
6439|BASIC RED 51|1|54821|77061-58-6|278-601-4|HAIR DYEING||||0.0|1.0|0.0|0.0|0.0|0||||
6513|BEESWAX|1|92344|8006-40-4,8012-89-3|,232-383-7 (I)|BINDING;EMULSION STABILISING;FRAGRANCE;SKIN CONDITIONING;VISCOSITY CONTROLLING|Beeswax is the purified wax from the honeycomb of the bee, Apis mellifera , free from all other waxes.|||0.0|0.0|0.0|0.0|0.0|0||||
6543|BEHENIC ACID|1|74584|112-85-6|204-010-8|CLEANSING;SURFACTANT - EMULSIFYING;OPACIFYING;SURFACTANT - CLEANSING||||0.0|0.0|0.0|0.0|0.0|0||0|1.0|"Fulton JE Jr. Comedogenicity and irritancy of commonly used ingredients in skin care products. J Soc Cosmet Chem 1989;40:321-333, Table I, p.324; ISSN:0037-9832 (no DOI/PMID assigned; PDF from library.scconline.org/v040n06/13) | rule: C11-C24 fatty acid, one of its esters, or polysorbate 20/40/60/80 (src/enrichment/fungal_rule.py); basis: DOI:10.3389/fcimb.2020.00112; DOI:10.1093/femsyr/foaf043"
6557|BEHENTRIMONIUM CHLORIDE|1|32112|17301-53-0|241-327-0|ANTISTATIC;HAIR CONDITIONING;PRESERVATIVE|Behentrimonium Chloride is the quaternary ammonium salt that conforms to the formula:|V/44||0.0|0.0|0.0|1.0|0.0|0||||
6563|BEHENTRIMONIUM METHOSULFATE|1|74588|81646-13-1 / 241148-21-0|279-791-1|ANTISTATIC;HAIR CONDITIONING;SURFACTANT - CLEANSING||||0.0|0.0|0.0|0.0|0.0|0||||
6623|BELLIS PERENNIS FLOWER EXTRACT|1|54842|84776-11-4|283-935-9|SKIN CONDITIONING|Bellis Perennis Flower Extract is an extract of the flowers of the Daisy, Bellis perennis L., Asteraceae|||0.0|0.0|0.0|0.0|0.0|0||||
6654|BENINCASA CERIFERA SEED EXTRACT|1|82240|97659-61-5|307-467-2|SKIN CONDITIONING|Benincasa Cerifera Seed Extract is an extract of the seeds of Benincasa cerifera, Cucurbitaceae|||0.0|0.0|0.0|0.0|0.0|0||||
6680|BENZALDEHYDE|1|330|100-52-7|202-860-4|||||0.0|1.0|0.0|0.0|0.0|1|EU_ANNEX_III|||
6709|BENZOIC ACID|1|32134|65-85-0|200-618-2|FRAGRANCE;PRESERVATIVE;PH ADJUSTERS|Benzoic Acid is an aromatic acid that conforms to the formula:|V/1||0.0|0.0|0.0|1.0|0.0|0||||
6734|BENZOPHENONE-1|1|32137|131-56-6|205-029-4|LIGHT STABILIZER;UV ABSORBER|Benzophenone-1 is a benzophenone derivative that conforms to the formula:|||0.0|0.0|0.0|0.0|0.0|0||||
6736|BENZOPHENONE-3|1|32142|131-57-7|205-031-5|LIGHT STABILIZER;UV ABSORBER;UV FILTER|Benzophenone-3 is a benzophenone derivative that conforms to the formula:|VI/4||0.0|0.0|0.0|0.0|1.0|0||||
6738|BENZOPHENONE-4|1|32143|4065-45-6|223-772-2|LIGHT STABILIZER;UV ABSORBER;UV FILTER|Benzophenone-4 is a benzophenone derivative that conforms to the formula:|VI/22||0.0|0.0|0.0|0.0|1.0|0||||
6755|BENZTL SALICYLATE|0|||||||||||||0||||
6802|BENZYL ALCOHOL|1|32153|100-51-6|202-859-9|PRESERVATIVE;SOLVENT;VISCOSITY CONTROLLING;PERFUMING|Benzyl Alcohol is an aromatic alcohol that conforms to the formula:|"III/45 and
V/34"||0.0|1.0|0.0|1.0|0.0|1|EU_ANNEX_III|||
6860|BENZYL BENZOATE|1|85|120-51-4|204-402-9|||||0.0|1.0|0.0|0.0|0.0|1|EU_ANNEX_III|||
6910|BENZYL SALICYLATE|1|75|118-58-1|204-262-9|||||0.0|1.0|0.0|0.0|0.0|1|EU_ANNEX_III|||
6933|BENZYL SALL CYLATE|0|||||||||||||0||||
6937|BENZYL SALYCILATE|0|||||||||||||0||||
6953|BENZYLALCOHOL|0|||||||||||||0||||
7034|BETA-CARYOPHYLLENE|1|54743|87-44-5|201-746-1|FRAGRANCE;SKIN CONDITIONING;PERFUMING||III/332||0.0|1.0|0.0|0.0|0.0|1|EU_ANNEX_III|||
7044|BETAINE|1|74520|107-43-7/ 590-47-6|203-490-6/ 209-684-7|HAIR CONDITIONING;HUMECTANT;SKIN CONDITIONING - HUMECTANT|Betaine is the zwitterion (inner salt) that conforms to the formula|||0.0|0.0|0.0|0.0|0.0|0||||
7101|BHA|1|32184|25013-16-5|246-563-8|ANTIOXIDANT;FRAGRANCE|BHA is a mixture of isomers of tertiary butyl-substituted 4-methoxyphenols. It consists chiefly of 3-t-butyl-4-hydroxyanisole with lesser amounts of 2-t-butyl-4-hydroxyanisole. It conforms generally to the formula:|||0.0|0.0|0.0|0.0|0.0|0||||
7110|BHT|1|32185|128-37-0|204-881-4|ANTIOXIDANT;FRAGRANCE|BHT is a substituted toluene that conforms to the formula:|III / 325||0.0|1.0|0.0|0.0|0.0|0||||
7137|BI 446|0|||||||||||||0||||
7229|BIOSACCHARIDE GUM-1|1|32187|194237-89-3||SKIN CONDITIONING|"Biosaccharide Gum-1 is a fermentation gum derived from sorbitol. It is described as a polymer of α-L-fucose-1|->|3-α- D-galactose-1|->|3-α-D-galacturonic acid trisaccharides"|||0.0|0.0|0.0|0.0|0.0|0||||
7237|BIOTIN|1|32188|58-85-5|200-399-3|HAIR CONDITIONING;SKIN CONDITIONING - MISCELLANEOUS|Biotin is the organic compound that conforms to the formula|||0.0|0.0|0.0|0.0|0.0|0||||
7264|BIS-(ISOSTEAROYL/OLEOYL ISOPROPYL) DIMONIUM METHOSULFATE|1|99543|||HAIR CONDITIONING;SKIN CONDITIONING - MISCELLANEOUS|Bis-(Isostearoyl/Oleoyl Isopropyl) Dimonium Methosulfate is the quaternary ammonium salt that conforms to the formula below, where R represents the isostearoyl group, and R' represents the oleoyl group.|||0.0|0.0|0.0|0.0|0.0|0||||
7273|BIS-AMINOPROPYL DIMETHICONE|1|54678|106214-84-0||HAIR CONDITIONING|Siloxanes and Silicones, di-Me, 3-Aminopropyl Group-Terminated|||0.0|0.0|0.0|0.0|0.0|0||||
7275|BIS-ASMINOPROPYL DIMETHICONE|0|||||||||||||0||||
7288|BIS-DIGLYCERYL POLYACYLADIPATE-2|1|74501|82249-33-0|406-144-4|SKIN CONDITIONING - EMOLLIENT;SKIN CONDITIONING|Hexanedioic acid, 3-(2,3-dihydroxypropyloxy)-2-hydroxypropyl diester, esters from reaction with a mixture of octanoic, decanoic, isooctadecanoic, octadecanoic and 12-hydroxyoctadecanoic acids|||0.0|0.0|0.0|0.0|0.0|0||||
7304|BIS-ETHYLHEXYL HYDROXYDIMETHOXY BENZYLMALONATE|1|85246|872182-46-2||ANTIOXIDANT;SKIN CONDITIONING;SKIN PROTECTING||||0.0|0.0|0.0|0.0|0.0|0||||
7326|BIS-ETHYLHEXYLOXYPHENOL METHOXYPHENYL TRIAZINE|1|74502|187393-00-6||HAIR CONDITIONING;LIGHT STABILIZER;UV ABSORBER;UV FILTER|Bis-Ethylhexyloxyphenol Methoxyphenyl Triazine is the heterocyclic compound that conforms to the formula:|VI/25||0.0|0.0|0.0|0.0|1.0|0||||
7336|BIS-HYDROXY/METHOXY AMODIMETHICONE|1|85389|831241-93-1||HAIR CONDITIONING||||0.0|0.0|0.0|0.0|0.0|0||||
7362|BISABOLOL|1|74499|515-69-5 / 23089-26-1|208-205-9 / 245-423-3|FRAGRANCE;SKIN CONDITIONING;SOOTHING|"(R*,R*)-.alpha.,4-dimethyl-.alpha.-(4-methyl-3-pentenyl)cyclohex-3-ene-1-methanol; 
3-Cyclohexene-1-methanol, alpha,4-dimethyl-alpha-(4-methyl-3-pentenyl)-, (theta,theta)-(+/-)-;
3-Cyclohexene-1-methanol, alpha,4-dimethyl-alpha-(4-methyl-3-pentenyl)-, (S-(theta,theta))- (levomenol)"|||0.0|0.0|0.0|0.0|0.0|0||||
7481|BLUE 1 LAKE (CI 42090)|0|||||||||||||0||||
7546|BONDING PRIMER AQUA/WATER/EAU|0|||||||||||||0||||
7547|BONDING TREATMENT AQUA/WATER/EAU|0|||||||||||||0||||
7558|BORAGO OFFICINALIS SEED OIL|1|74513|225234-12-8||SKIN CONDITIONING - EMOLLIENT;SKIN CONDITIONING|Borago Officinalis Seed Oil is the fixed oil obtained from the seeds of Borago officinalis L., Boraginaceae|||0.0|0.0|0.0|0.0|0.0|0||||
7811|BUTANE|1|31692|106-97-8|203-448-7|PROPELLANT|Butane, less than 0.1% w/w butadiene|||0.0|0.0|0.0|0.0|0.0|0||||
7824|BUTETH-3|1|54988|||SOLVENT|Poly(oxy-1,2-ethanediyl), .alpha.-butyl-.omega.-hydroxy- (3 mol EO average molar ratio)|||0.0|0.0|0.0|0.0|0.0|0||||
7883|BUTYL AC TATE|0|||||||||||||0||||
7884|BUTYL ACETATE|1|74737|123-86-4|204-658-1|FRAGRANCE;SOLVENT||||0.0|0.0|0.0|0.0|0.0|0||||
7922|BUTYL METHOXYDIBENZOYLMETHANE|1|31713|70356-09-1|274-581-6|LIGHT STABILIZER;UV ABSORBER;UV FILTER|Butyl Methoxydibenzoylmethane is the substituted aromatic compound that conforms to the formula:|VI/8||0.0|0.0|0.0|0.0|1.0|0||||
7982|BUTYLENE GLYCOL|1|74756|107-88-0 (i), 6290-03-5 (ii)|203-529-7 (i), 228-532-0 (ii)|HUMECTANT;FRAGRANCE;SKIN CONDITIONING;SOLVENT;VISCOSITY CONTROLLING||||0.0|0.0|0.0|0.0|0.0|0||1|0.0|Fulton JE Jr. Comedogenicity and irritancy of commonly used ingredients in skin care products. J Soc Cosmet Chem 1989;40:321-333, Table I, p.324; ISSN:0037-9832 (no DOI/PMID assigned; PDF from library.scconline.org/v040n06/13)
8009|BUTYLENE/ETHYLENE/STYRENE COPOLYMER|1|55019|||VISCOSITY CONTROLLING|Butylene/Ethylene/Styrene Copolymer is a polymer of butylene and ethylene and styrene monomers terminated by hydrogenation|||0.0|0.0|0.0|0.0|0.0|0||||
8029|BUTYLPARABEN|1|31734|94-26-8|202-318-7|FRAGRANCE;PRESERVATIVE|Butylparaben is the ester of butyl alcohol and p-hydroxybenzoic acid. It conforms to the formula:|V/12a||0.0|0.0|0.0|1.0|0.0|0||||
8072|BUTYLPHENYL METHYLPROPIONAL|1|31735|80-54-6|201-289-8|FRAGRANCE;PERFUMING|Butylphenyl Methylpropional is the aromatic aldehyde that conforms to the formula:|II/1666||1.0|0.0|0.0|0.0|0.0|0||||
8196|BUTYROSPERMUM PARKII (SHEA BUTTER)|0|||||||||||||0||||
8223|BUTYROSPERMUM PARKII BUTTER|1|84401|194043-92-0 -  91080-23-8|293-515-7|SKIN CONDITIONING;VISCOSITY CONTROLLING|Butyrospermum Parkii Butter is the fat obtained from the fruit of the Shea Tree, Butyrospernum parkii, Sapotaceae|||0.0|0.0|0.0|0.0|0.0|0||||
8229|BUTYROSPERMUM PARKII BUTTER EXTRACT|1|84402|91080-23-8|293-515-7|SKIN CONDITIONING|Butyrospermum Parkii Butter Extract is an extract obtained from the Shea Tree, Butyrospermum parkii, Sapotaceae|||0.0|0.0|0.0|0.0|0.0|0||||
8268|BUTYROSPERMUMPARKII BUTTER|0|||||||||||||0||||
8466|C.I.16255|0|||||||||||||0||||
8527|C10-18 TRIGLYCERIDES|1|74614|85665-33-4|288-123-8|SKIN CONDITIONING - EMOLLIENT;SKIN CONDITIONING;SOLVENT|Glycerides, C10-18|||0.0|0.0|0.0|0.0|0.0|0||||
8596|C12-15 ALKYL BENZOALE CETEARYL ALCOHOL|0|||||||||||||0||||
8597|C12-15 ALKYL BENZOATE|1|74635|68411-27-8|270-112-4|ANTIMICROBIAL;SKIN CONDITIONING - EMOLLIENT;SKIN CONDITIONING|Benzoic acid, C12-15 alkyl esters|||0.0|0.0|0.0|0.0|0.0|0||||
8638|C12-22 ALKYL ACRYLATE/HYDROXYETHYLACRYLATE COPOLYMER|1|83107|||BINDING;LIGHT STABILIZER;VISCOSITY CONTROLLING|C12-22 Alkyl Acrylate/Hydroxyethylacrylate Copolymer is a copolymer of C12-22 alkyl acrylate and hydroxyethylacrylate|||0.0|0.0|0.0|0.0|0.0|0||||
8651|C13-14 ISOPARAFFIN|1|32236|246538-79-4||SKIN CONDITIONING - EMOLLIENT;SOLVENT|Alkanes, C13-14-iso|||0.0|0.0|0.0|0.0|0.0|0||||
8683|C15-19 ALKANE|1|91129|64742-46-7;|934-956-3|SOLVENT|C15-C19 Alkane is a mixture of alkanes with 15 to 19 carbon atoms in the alkyl chain.|"II/875
Distillates (petroleum), hydrotreated middle, except if the full refining history is known and it can be shown that the substance from which it is produced is not a carcinogen."||0.0|0.0|0.0|0.0|0.0|0||||
8746|C20-40 ALKYL STEARATE|1|54912|||SKIN CONDITIONING;VISCOSITY CONTROLLING|C20-40 Alkyl Stearate is the ester of C20-40 alcohols and stearic acid|||0.0|0.0|0.0|0.0|0.0|0|||1.0|rule: C11-C24 fatty acid, one of its esters, or polysorbate 20/40/60/80 (src/enrichment/fungal_rule.py); basis: DOI:10.3389/fcimb.2020.00112; DOI:10.1093/femsyr/foaf043
8793|C8-12 ACID TRIGLYCERIDE|1|55053|||SKIN CONDITIONING;SOLVENT;VISCOSITY CONTROLLING|C8-12 Acid Triglyceride is the triester of glycerin and a mixture of saturated acids containing 8 to 12 carbons in the alkyl chain|||0.0|0.0|0.0|0.0|0.0|0||||
8870|CAFFEINE|1|32304|58-08-2|200-362-1|SKIN CONDITIONING;PERFUMING;FRAGRANCE|Caffeine is the heterocyclic organic compound that conforms to the formula|||0.0|0.0|0.0|0.0|0.0|0||||
8890|CALCIUM ALGINATE|1|74883|9005-35-0||FRAGRANCE;VISCOSITY CONTROLLING||||0.0|0.0|0.0|0.0|0.0|0||||
8894|CALCIUM ALUMINUM BOROSILICATE|1|55174|65997-17-3|266-046-0|BULKING|Calcium Aluminium Borosilicate is a glass consisting essentially of calcium and aluminium borosilicates|||0.0|0.0|0.0|0.0|0.0|0||||
8902|CALCIUM CARBONATE|1|32314|471-34-1|207-439-9 -- 215-279-6|ABRASIVE;BUFFERING;BULKING;OPACIFYING;ORAL CARE||IV/124||0.0|0.0|1.0|0.0|0.0|0||||
8905|CALCIUM CHLORIDE|1|32318|10043-52-4|233-140-8|ASTRINGENT;VISCOSITY CONTROLLING||||0.0|0.0|0.0|0.0|0.0|0||||
8913|CALCIUM GLUCONATE|1|32326|299-28-5|206-075-8|CHELATING;SKIN CONDITIONING - MISCELLANEOUS|Calcium Gluconate is the calcium salt of gluconic acid that conforms to the formula:|||0.0|0.0|0.0|0.0|0.0|0||||
8917|CALCIUM GLYCEROPHOSPHATE|1|74900|27214-00-2 / 126-95-4 / 1336-00-1 / 58409-70-4|248-328-5 / 204-813-3 / 215-643-4 / 261-240-1|ANTIPLAQUE;ORAL CARE||||0.0|0.0|0.0|0.0|0.0|0||||
8957|CALCIUM/ZINC PVM/MA COPOLYMER|1|86931|||BINDING|Calcium/Zinc PVM/MA Copolymer is a mixed zinc and calcium salt of PVM/MA Copolymer|||0.0|0.0|0.0|0.0|0.0|0||||
8999|CALENDULA OFFICINALIS FLOWER EXTRACT|1|74929|84776-23-8|283-949-5|FRAGRANCE;SKIN CONDITIONING;PERFUMING|Calendula Officinalis Flower Extract is an extract obrained from the flowers of the Calendula, Calendula officinalis L., Compositae|||0.0|0.0|0.0|0.0|0.0|0||||
9079|CAMELINA SATIVA SEED OIL|1|55206|||SKIN CONDITIONING|Camelina Sativa Seed Oil is a fixed oil expressed from the seeds of the Gold of Pleasure, Camelina sativa (L.), Brassicaceae|||0.0|0.0|0.0|0.0|0.0|0||||
9090|CAMELLIA JAPONICA SEED OIL|1|55212|223748-13-8||SKIN CONDITIONING - EMOLLIENT;SKIN CONDITIONING|Camellia Japonica Seed Oil is the fixed oil expressed from the seeds of the Camellia, Camellia japonica L., Theaceae|||0.0|0.0|0.0|0.0|0.0|0||||
9096|CAMELLIA OLEIFERA SEED OIL|1|55217|225233-97-6||SKIN CONDITIONING|Camellia Oleifera Seed Oil is a fixed oil from the seeds of Camellia oleifera, Theaceae|||0.0|0.0|0.0|0.0|0.0|0||||
9106|CAMELLIA SINENSIS LEAF EXTRACT|1|55220|84650-60-2|283-519-7|ANTIMICROBIAL;ANTIOXIDANT;ASTRINGENT;SKIN CONDITIONING - EMOLLIENT;HUMECTANT;FRAGRANCE;ORAL CARE;SKIN CONDITIONING;SKIN PROTECTING;TONIC;UV ABSORBER|Camellia Sinensis Leaf Extract is an extract of the leaves of the Tea, Camellia sinensis, Theaceae|||0.0|0.0|0.0|0.0|0.0|0||||
9134|CAMPHOC FAMESOL|0|||||||||||||0||||
9135|CAMPHOR|1|32377|464-49-3 / 76-22-2|207-355-2 / 200-945-0|DENATURANT;FRAGRANCE;PLASTICISER||||0.0|1.0|0.0|0.0|0.0|1|EU_ANNEX_III|||
9163|CANANGA ODORATA FLOWER OIL|1|55230|83863-30-3 / 8006-81-3 / 68606-83-7|281-092-1|FRAGRANCE;PERFUMING|Cananga Odorata Flower Oil is the volatile oil obtained from the flowers Cananga odorata.|III/347||0.0|1.0|0.0|0.0|0.0|1|EU_ANNEX_III|||
9165|CANANGA ODORATA OIL / CANANGA ODORATA FLOWER OIL|0|||||||||||||0||||
9176|CANDELILLA CERA|1|32382|8006-44-8|232-347-0|SKIN CONDITIONING - EMOLLIENT;FILM FORMING|Candelilla Cera is the extract of the wax obtained from the candelilla, Euphorbia cerifera, Euphorbiaceae|||0.0|0.0|0.0|0.0|0.0|0||||
9187|CANDELILLA CERA/ CANDELILLA WAX|0|||||||||||||0||||
9215|CANNABIS SATIVA SEED EXTRACT|1|83414|89958-21-4|289-644-3|SKIN CONDITIONING - EMOLLIENT|Cannabis Sativa Seed Extract is the extract of the seeds of Cannabis sativa L., Cannabaceae|||0.0|0.0|0.0|0.0|0.0|0||||
9216|CANNABIS SATIVA SEED OIL|1|55065|89958-21-4|289-644-3|SKIN CONDITIONING - EMOLLIENT;SKIN CONDITIONING|Cannabis Sativa Seed Oil is the fixed oil expressed from the seeds of Cannabis sativa L., Cannabaceae|||0.0|0.0|0.0|0.0|0.0|0||||
9264|CAPRIC ACID|1|74803|334-48-5|206-376-4|CLEANSING;SURFACTANT - EMULSIFYING;FRAGRANCE;SURFACTANT - CLEANSING;PERFUMING||||0.0|0.0|0.0|0.0|0.0|0||2|0.0|Fulton JE Jr. Comedogenicity and irritancy of commonly used ingredients in skin care products. J Soc Cosmet Chem 1989;40:321-333, Table I, p.324; ISSN:0037-9832 (no DOI/PMID assigned; PDF from library.scconline.org/v040n06/13)
9287|CAPROOYL PHYTOSPHINGOSINE|1|85475|||HAIR CONDITIONING;SKIN CONDITIONING|Caprooyl Phytosphingosine is the product obtained by the reaction of Caproic Acid  and Phytosphingosine|||0.0|0.0|0.0|0.0|0.0|0||||
9288|CAPROOYL SPHINGOSINE|1|85474|||HAIR CONDITIONING;SKIN CONDITIONING|Caprooyl Sphingosine is the product obtained by the reaction of Caproic Acid and Sphingosine|||0.0|0.0|0.0|0.0|0.0|0||||
9311|CAPRYLHYDROXAMIC ACID|1|86262|7377-03-9|230-936-7|CHELATING||||0.0|0.0|0.0|0.0|0.0|0||||
9322|CAPRYLIC ACID|1|74813|124-07-2|204-677-5|CLEANSING;SURFACTANT - EMULSIFYING;FRAGRANCE;SURFACTANT - CLEANSING;PERFUMING||||0.0|0.0|0.0|0.0|0.0|0||1|0.0|Fulton JE Jr. Comedogenicity and irritancy of commonly used ingredients in skin care products. J Soc Cosmet Chem 1989;40:321-333, Table I, p.324; ISSN:0037-9832 (no DOI/PMID assigned; PDF from library.scconline.org/v040n06/13)
9375|CAPRYLIC/CAPRIC TRIGLYCERIDE|1|74816|73398-61-5/ 65381-09-1|277-452-2/ 265-724-3|FRAGRANCE;SOLVENT;PERFUMING;SKIN CONDITIONING - OCCLUSIVE|Caprylic/Capric Triglyceride is the mixed triester of glycerin and caprylic and capric acids.|||0.0|0.0|0.0|0.0|0.0|0||1|0.0|Fulton JE Jr. Comedogenicity and irritancy of commonly used ingredients in skin care products. J Soc Cosmet Chem 1989;40:321-333, Table I, p.324; ISSN:0037-9832 (no DOI/PMID assigned; PDF from library.scconline.org/v040n06/13)
9426|CAPRYLOYL GLYCINE|1|74851|14246-53-8|238-122-3|ANTI-SEBORRHEIC;ANTIMICROBIAL;ANTI-SEBUM;DEODORANT;HAIR CONDITIONING;SURFACTANT - CLEANSING|Capryloyl Glycine is the acylation product of glycine with caprylic acid chloride. It conforms to the formula:|||0.0|0.0|0.0|0.0|0.0|0||||
9429|CAPRYLOYL SALICYLIC ACID|1|32421|70424-62-3||SKIN CONDITIONING||||0.0|0.0|0.0|0.0|0.0|0||||
9464|CAPRYLYL GLYCOL|1|74860|1117-86-8|214-254-7|DEODORANT;SKIN CONDITIONING - EMOLLIENT;HAIR CONDITIONING;SKIN CONDITIONING|Caprylyl Glycol is the diol that conforms to the formula|||0.0|0.0|0.0|0.0|0.0|0||||
9494|CAPRYLYL/CAPRYL GLUCOSIDE|1|32427|68515-73-1|500-220-1|CLEANSING;FOAMING;SURFACTANT - CLEANSING|D-Glucopyranose, oligomers, decyl octyl glycosides|||0.0|0.0|0.0|0.0|0.0|0||||
9538|CARAMEL|1|146||232-435-9|||||0.0|0.0|1.0|0.0|0.0|0||||
9559|CARBOMER|1|74820|9007-20-9 / 9003-01-4 / 76050-42-5 / 9062-04-8 / 9007-16-3 / 9007-17-4||EMULSION STABILISING;GEL FORMING;VISCOSITY CONTROLLING|2-Propenoic acid, polymer with 2,2-bis(hydroxymethyl)propane-1,3-diol 2-propenyl ether|||0.0|0.0|0.0|0.0|0.0|0||||
9631|CARICA PAPAYA FRUIT EXTRACT|1|55079|84012-30-6|281-675-0|SKIN CONDITIONING|Carica Papaya Fruit Extract is an extract of the fruit of the Papaya, Carica papaya L., Caricaceae|||0.0|0.0|0.0|0.0|0.0|0||||
9671|CARRAGEENAN|1|88730|9000-07-1|232-524-2 (I)||Carrageenan is the plant material obtained from various members of the Gigartinaceae or Solieriaceae families of the red seaweed, Rodophyceae.|||0.0|0.0|0.0|0.0|0.0|0||||
9716|CARTHAMUS TINCTORIUS SEED OIL|1|55096|8001-23-8|232-276-5|FRAGRANCE;SKIN CONDITIONING|Carthamus Tinctorius Seed Oil is the oily liquid obtained from the seeds of Safflower, Carthamus tinctorius L., Compositae. It consists principally of the triglycerides of linoleic acid|||0.0|0.0|0.0|0.0|0.0|0||||
9730|CARVONE|1|74838|6485-40-1 / 99-49-0 / 2244-16-8|229-352-5 / 218-827-2 / 202-759-5|FRAGRANCE;PERFUMING;FLAVOURING||III/333||0.0|1.0|0.0|0.0|0.0|1|EU_ANNEX_III|||
9893|CELLULOSE ACETATE BUTYRATE|1|32482|9004-36-8||FILM FORMING|Cellulose, acetates, butanoates|||0.0|0.0|0.0|0.0|0.0|0||||
9898|CELLULOSE GUM|1|32485|9004-32-4||BINDING;EMULSION STABILISING;FILM FORMING;FRAGRANCE;VISCOSITY CONTROLLING|Cellulose, carboxymethyl ether, sodium salt|||0.0|0.0|0.0|0.0|0.0|0||||
9971|CERA ALBA|1|32492|8012-89-3|232-383-7|SKIN CONDITIONING - EMOLLIENT;SURFACTANT - EMULSIFYING;FILM FORMING;PERFUMING|Beeswax. The wax obtained from the honeycomb of the bee. It consists primarily of myricyl palmitate, cerotic acid and esters and some high-carbon paraffins|||0.0|0.0|0.0|0.0|0.0|0||||
9980|CERA ALBA / BEESWAX / CIRE DABEILLE|0|||||||||||||0||||
9989|CERA ALBA/BEESWAX/CIRE D ABEILLE|0|||||||||||||0||||
10021|CERA MICROCRISTALLINA|1|88725|63231-60-7/64742-42-3|264-038-1/265-144-0|BINDING;EMULSION STABILISING;OPACIFYING;VISCOSITY CONTROLLING|Paraffin waxes and Hydrocarbon waxes, microcryst. A combination of long, branched chain hydrocarbons obtained from residual oils by solvent crystallization. It consists of saturated straight and branched chain hydrocarbons greater than C35|||0.0|0.0|0.0|0.0|0.0|0||||
10055|CERAMIDE AP|1|32501|100403-19-8|309-560-3|HAIR CONDITIONING;SKIN CONDITIONING|"Ceramide AP, formerly known under the INCI name Ceramide 6 II, is the N-acylated sphingolipid consisting of Phytosphingosine having the
D-erythro structure linked to an alpha-hydroxy saturated or unsaturated fatty acid."|||0.0|0.0|0.0|0.0|0.0|0||||
10057|CERAMIDE EOP|1|92562|||HAIR CONDITIONING;SKIN CONDITIONING|Ceramide EOP, formerly known under either of the INCI Names, Ceramide 1 or Ceramide 1 A, is the N-acylated sphingolipid consisting of Phytosphingosine having the D-erythro structure linked to an omega-hydroxy acid which is esterified with a saturated or unsaturated fatty acid.|||0.0|0.0|0.0|0.0|0.0|0||||
10058|CERAMIDE EOS|1|85535|||HAIR CONDITIONING;SKIN CONDITIONING|Ceramide EOS is a synthetic N-acylated sphingolipid consisting of Sphingosine having the D-erythro structure linked to an esterified omega-hydroxy saturated or unsaturated fatty acid|||0.0|0.0|0.0|0.0|0.0|0||||
10060|CERAMIDE NP|1|92555|34354-88-6/100403-19-8 (generic)|-/309-560-3|HAIR CONDITIONING;SKIN CONDITIONING - MISCELLANEOUS|Ceramide NP is the N-acylated sphingolipid consisting of Phytosphingosine having the D-erythro structure linked to normal saturated or unsaturated fatty acid.|||0.0|0.0|0.0|0.0|0.0|0||||
10062|CERAMIDE NS|1|92564|2304-81-6||HAIR CONDITIONING;SKIN CONDITIONING - MISCELLANEOUS|Ceramide NS, formerly known under the INCI Name Ceramide 2, is the N-acylated sphingolipid consisting of sphingosine having the D-erythro structure linked to a normal saturated or unsaturated fatty acid. As opposed to the broader definition for Ceramide 2 which includes sphingolipids consisting of either sphingosine or dihydrosphingosine (sphinganine), Ceramide NS is limited to sphingosine-based ceramides.|||0.0|0.0|0.0|0.0|0.0|0||||
10071|CERATONIA SILIQUA GUM|1|75086|9000-40-2 / 84961-45-5|232-541-5 / 284-634-5|BINDING;SKIN CONDITIONING - EMOLLIENT;EMULSION STABILISING;FILM FORMING;FRAGRANCE;VISCOSITY CONTROLLING|Ceratonia Siliqua Gum is the ground seed of the ripe fruit of St. John's Bread (carob), Ceratonia siliqua L. (Locust bean), Leguminosae|||0.0|0.0|0.0|0.0|0.0|0||||
10080|CERESIN|1|75087|8001-75-0|232-290-1|ANTISTATIC;BINDING;EMULSION STABILISING;HAIR CONDITIONING;OPACIFYING;VISCOSITY CONTROLLING|Ceresin. A complex combination of hydrocarbons produced by the purification of ozocerite with sulfuric acid and filtration through bone black to form waxy cakes|||0.0|0.0|0.0|0.0|0.0|0||||
10165|CETEARETH-20|1|75105|68439-49-6||CLEANSING;SURFACTANT - EMULSIFYING;SURFACTANT - CLEANSING|C16-18 alcohols, ethoxylated (20 mol EO average molar ratio)|||0.0|0.0|0.0|0.0|0.0|0||2|0.0|Fulton JE Jr. Comedogenicity and irritancy of commonly used ingredients in skin care products. J Soc Cosmet Chem 1989;40:321-333, Table I, p.324; ISSN:0037-9832 (no DOI/PMID assigned; PDF from library.scconline.org/v040n06/13)
10171|CETEARETH-25|1|75108|68439-49-6||CLEANSING;SURFACTANT - EMULSIFYING;SURFACTANT - CLEANSING|C16-18 alcohols, ethoxylated (25 mol EO average molar ratio)|||0.0|0.0|0.0|0.0|0.0|0||||
10175|CETEARETH-30|1|75114|68439-49-6||CLEANSING;SURFACTANT - EMULSIFYING;SURFACTANT - CLEANSING|C16-18 alcohols, ethoxylated (30 mol EO average molar ratio)|||0.0|0.0|0.0|0.0|0.0|0||||
10180|CETEARETH-6|1|75124|68439-49-6||SURFACTANT - EMULSIFYING;SURFACTANT - CLEANSING|C16-18 alcohols, ethoxylated (6 mol EO average molar ratio)|||0.0|0.0|0.0|0.0|0.0|0||||
10222|CETEARYL ALCOHOL|1|75132|67762-27-0 / 8005-44-5|267-008-6|SKIN CONDITIONING - EMOLLIENT;SURFACTANT - EMULSIFYING;EMULSION STABILISING;SURFACTANT - FOAM BOOSTING;OPACIFYING;SURFACTANT - CLEANSING;VISCOSITY CONTROLLING|Alcohols, C16-18|||0.0|0.0|0.0|0.0|0.0|0||2|0.0|Fulton JE Jr. Comedogenicity and irritancy of commonly used ingredients in skin care products. J Soc Cosmet Chem 1989;40:321-333, Table I, p.324; ISSN:0037-9832 (no DOI/PMID assigned; PDF from library.scconline.org/v040n06/13)
10269|CETEARYL ETHYLHEXANO - AT|0|||||||||||||0||||
10318|CETETH-10 PHOSPHATE|1|32562|50643-20-4||CLEANSING;SURFACTANT - CLEANSING|Poly(oxy-1,2-ethanediyl), .alpha.-hexadecyl-.omega.-hydroxy-, phosphate (10 mol EO average molar ratio)|||0.0|0.0|0.0|0.0|0.0|0||||
10356|CETRIMONIUM BROMIDE|1|32589|57-09-0|200-311-3|ANTIMICROBIAL;ANTISTATIC;SURFACTANT - EMULSIFYING;PRESERVATIVE|Cetrimonium Bromide is a quaternary ammonium salt that conforms generally to the formula:|V/44||0.0|0.0|0.0|1.0|0.0|0||||
10360|CETRIMONIUM CHLORIDE|1|32590|112-02-7|203-928-6|ANTIMICROBIAL;ANTISTATIC;SURFACTANT - EMULSIFYING;PRESERVATIVE|Cetrimonium Chloride is a quaternary ammonium salt that conforms generally to the formula:|V/44||0.0|0.0|0.0|1.0|0.0|0||||
10409|CETYL ALCOHOL|1|32596|36653-82-4|253-149-0|SKIN CONDITIONING - EMOLLIENT;SURFACTANT - EMULSIFYING;EMULSION STABILISING;SURFACTANT - FOAM BOOSTING;FRAGRANCE;OPACIFYING;SURFACTANT - CLEANSING;VISCOSITY CONTROLLING||||0.0|0.0|0.0|0.0|0.0|0||2|0.0|Fulton JE Jr. Comedogenicity and irritancy of commonly used ingredients in skin care products. J Soc Cosmet Chem 1989;40:321-333, Table I, p.324; ISSN:0037-9832 (no DOI/PMID assigned; PDF from library.scconline.org/v040n06/13)
10443|CETYL ESTERS|1|74954|||SKIN CONDITIONING - EMOLLIENT;SKIN CONDITIONING|The complex reaction product of blended acids and blended alcohols which simulates the composition of natural spermaceti. It consists primarily of myristyl, cetyl and palmityl esters of myristic and palmitic acids|||0.0|0.0|0.0|0.0|0.0|0||1|0.0|Fulton JE Jr. Comedogenicity and irritancy of commonly used ingredients in skin care products. J Soc Cosmet Chem 1989;40:321-333, Table I, p.324; ISSN:0037-9832 (no DOI/PMID assigned; PDF from library.scconline.org/v040n06/13)
10449|CETYL ETHYLHEXANOATE|1|32603|59130-69-7|261-619-1|SKIN CONDITIONING - EMOLLIENT||||0.0|0.0|0.0|0.0|0.0|0||||
10461|CETYL PALMITATE|1|74965|540-10-3|208-736-6|SKIN CONDITIONING - EMOLLIENT;FRAGRANCE;SKIN CONDITIONING||||0.0|0.0|0.0|0.0|0.0|0||0|1.0|"Fulton JE Jr. Comedogenicity and irritancy of commonly used ingredients in skin care products. J Soc Cosmet Chem 1989;40:321-333, Table I, p.324; ISSN:0037-9832 (no DOI/PMID assigned; PDF from library.scconline.org/v040n06/13) | rule: C11-C24 fatty acid, one of its esters, or polysorbate 20/40/60/80 (src/enrichment/fungal_rule.py); basis: DOI:10.3389/fcimb.2020.00112; DOI:10.1093/femsyr/foaf043"
10469|CETYL PEG/PPG-10/1 DIMETHICONE|1|55251|||SURFACTANT - EMULSIFYING;SKIN CONDITIONING;SURFACTANT - CLEANSING|Cetyl PEG/PPG-10/1 Dimethicone is the copolymer of Cetyl Dimethicone and an alkoxylated derivative of Dimethicone containing an average of 10 moles of ethylene oxide and 1 mole of propylene oxide|||0.0|0.0|0.0|0.0|0.0|0||||
10506|CETYLPYRIDINIUM CHLORIDE|1|32626|123-03-5/ 6004-24-6|204-593-9/ -|ANTIMICROBIAL;ANTISTATIC;DEODORANT;ORAL CARE|Cetylpyridinium Chloride is a quaternary ammonium salt that conforms generally to the formula|||0.0|0.0|0.0|0.0|0.0|0||||
10589|CHAMOMILLA RECUTITA FLOWER EXTRACT|1|55292|84082-60-0|282-006-5|FRAGRANCE;SKIN CONDITIONING|Chamomilla Recutita Flower Extract is an extract of the flowerheads of the matricaria, Chamomilla recutita (L.), Compositae|||0.0|0.0|0.0|0.0|0.0|0||||
10628|CHARCDAL POWDER|0|||||||||||||0||||
10636|CHARCOAL POWDER|1|55298|16291-96-6 ; 7440-44-0 (generic)|240-383-3|ABRASIVE;ABSORBENT;OPACIFYING|Charcoal Powder is the dried, carbonaceous material obtained from the heating of organic substances|||0.0|0.0|0.0|0.0|0.0|0||||
10720|CHLORHEXIDINE DIGLUCONATE|1|32659|18472-51-0|242-354-0|ANTIMICROBIAL;ORAL CARE;PRESERVATIVE|Chlorhexidine Digluconate is a salt of Chlorhexidine and gluconic acid. It conforms generally to the formula:|V/42||0.0|0.0|0.0|1.0|0.0|0||||
10723|CHLORHEXIDINE DIHYDROCHLORIDE|1|32660|3697-42-5|223-026-6|ANTIMICROBIAL;ORAL CARE;PRESERVATIVE|Chlorhexidine Dihydrochloride is a salt of Chlorhexidine and hydrochloric acid. It conforms generally to the formula:|V/42||0.0|0.0|0.0|1.0|0.0|0||||
10763|CHLORPHENESIN|1|32667|104-29-0|203-192-6|ANTIMICROBIAL;PRESERVATIVE|Chlorphenesin is the organic compound that conforms to the formula:|V/50||0.0|0.0|0.0|1.0|0.0|0||||
10791|CHOLESTEROL|1|74991|57-88-5|200-353-2|SKIN CONDITIONING - EMOLLIENT;SURFACTANT - EMULSIFYING;SKIN CONDITIONING;LIGHT STABILIZER;VISCOSITY CONTROLLING||||0.0|0.0|0.0|0.0|0.0|0||0|0.0|Fulton JE Jr. Comedogenicity and irritancy of commonly used ingredients in skin care products. J Soc Cosmet Chem 1989;40:321-333, Table I, p.325; ISSN:0037-9832 (no DOI/PMID assigned; PDF from library.scconline.org/v040n06/13)
10804|CHONDRUS CRISPUS|1|90042|||FRAGRANCE;SKIN CONDITIONING|Chondrus Crispus is the material obtained from the whole alga, Chondrus crispus, Gigartinacea.|||0.0|0.0|0.0|0.0|0.0|0||||
10806|CHONDRUS CRISPUS EXTRACT|1|75010|244023-79-8||SKIN CONDITIONING;VISCOSITY CONTROLLING|Chondrus Crispus Extract is an extract of the carrageenan, Chondrus crispus, Gigartinaceae|||0.0|0.0|0.0|0.0|0.0|0||||
10852|CI 11680|1|32697|2512-29-0|219-730-8|COLORANT|CI 11680 is classed chemically as a monoazo colour. It conforms to the formula:|IV/4||0.0|0.0|1.0|0.0|0.0|0||||
10863|CI 14700|1|32711|4548-53-2|224-909-9|COLORANT|CI 14700 is classed chemically as a monoazo colour. It conforms to the formula:|"IV/18 ( CI 14700)
II/1341 (Ponceau SX; CI 14700: when used as a substance in hair dye products)"||0.0|0.0|0.0|0.0|0.0|0||||
10868|CI 14700/RED 4|0|||||||||||||0||||
10876|CI 14720|1|32712|3567-69-9|222-657-4|COLORANT|CI 14720 is classed chemically as a monoazo colour. It conforms to the formula:|IV/19||0.0|0.0|1.0|0.0|0.0|0||||
10887|CI 15850|1|32720|5858-81-1|227-497-9|COLORANT;HAIR DYEING|CI 15850 is classed chemically as a monoazo colour. It conforms to the formula:|"IV/27 (CI 15850)
III/296 (Pigment Red 57)"||0.0|0.0|1.0|0.0|0.0|0||||
10909|CI 15985|1|32724|2783-94-0|220-491-7|COLORANT|CI 15985 is classed chemically as a monoazo colour. It conforms to the formula:|IV/31||0.0|0.0|1.0|0.0|0.0|0||||
10910|CI 15985 / YELLOW 6|0|||||||||||||0||||
10919|CI 15985/YELLOW 6|0|||||||||||||0||||
10921|CI 16035 / RED 40|0|||||||||||||0||||
10927|CI 16035. INGREDIENT OF NATURAL ORIGIN|0|||||||||||||0||||
10935|CI 16255|1|32728|2611-82-7|220-036-2|COLORANT;HAIR DYEING|CI 16255 is classed chemically as a monoazo colour. It conforms to the formula:|"IV/35 (CI 16255)
III/192 (Acid Red 18; Acid Red 18 Aluminum Lake)"||0.0|1.0|1.0|0.0|0.0|0||||
10943|CI 17200|1|32730|3567-66-6|222-656-9|COLORANT;HAIR DYEING|CI 17200 is classed chemically as a monoazo colour. It conforms to the formula:|"IV/37 (CI 17200)
III/254 (Acid Red 33)"||0.0|1.0|1.0|0.0|0.0|0||||
10949|CI 17200 / RED 33|0|||||||||||||0||||
10974|CI 18965|1|32736|6359-98-4|228-819-0|COLORANT|CI 18965 is classed chemically as a monoazo colour. It conforms to the formula:|IV/43||0.0|0.0|1.0|0.0|0.0|0||||
10979|CI 19140|1|32737|1934-21-0|217-699-5|COLORANT;HAIR DYEING|CI 19140 is classed chemically as a pyrazole colour. It conforms to the formula:|"IV/44 (CI 19140)
III/189 (Acid Yellow 23; Acid Yellow 23 Aluminum lake)"||0.0|1.0|1.0|0.0|0.0|0||||
11033|CI 420|0|||||||||||||0||||
11038|CI 42051|1|32753|3536-49-0|222-573-8|COLORANT|CI 42051 is classed chemically as a triphenylmethane colour. It conforms to the formula:|"IV/60 (CI 42051)
II/1356 (Acid Blue 3; CI 42051: when used as a substance in hair dye products)"||1.0|0.0|1.0|0.0|0.0|0||||
11057|CI 42053|1|32754|2353-45-9|219-091-5|COLORANT|CI 42053 is classed chemically as a triphenylmethane colour. It conforms to the formula:|"IV/61 (CI 42053)
II/1357 (Fast Green FCF: when used as a substance in hair dye products)"||1.0|0.0|1.0|0.0|0.0|0||||
11064|CI 42090|1|32756|2650-18-2/ 37307-56-5/ 3844-45-9|-/ -/ 223-339-8|COLORANT;HAIR DYEING|CI 42090 is classed chemically as a triphenylmethane colour. It conforms to the formula:|"IV/63 (CI 42090)
III/190 (Acid Blue 9; Acid Blue 9 Ammonium Salt; Acid Blue 9 Aluminum Lake)"||0.0|1.0|1.0|0.0|0.0|0||||
11075|CI 42090 / BLUE 1|0|||||||||||||0||||
11087|CI 42090 FR TEL. 0800 944 803 (SERVICE ET APPEL GRATUITS). NL TEL. 0800-4455388 BE TEL. 0800-14592 LU TEL. 800 21172 FABRIQU PAR /GEPRODUCEERD DOOR PROCTER GAMBLE MANUFACTURING GMBH|0|||||||||||||0||||
11171|CI 47005|1|32776|8004-92-0 / 94891-32-4 / 95193-83-2 / 68814-04-0|305-632-3 / 305-897-5|COLORANT|CI 47005 is a mixture of the sodium salts of the mono- and disulfonic acids of 2-(2-quinolyl)-1H-indene-1,3(2H)-dione. It is principally disulfonated, similar to Ki203 and Acid Yellow 3, whereas Yellow 10 is principally monosulfonated. It conforms to the formula:|IV/82||0.0|1.0|1.0|0.0|0.0|0||||
11192|CI 60730|1|32784|4430-18-6|224-618-7|COLORANT|CI 60730 is classed chemically as an anthraquinone colour. It conforms to the formula:|IV/90||0.0|0.0|1.0|0.0|0.0|0||||
11218|CI 61570|1|32786|4403-90-1|224-546-6|COLORANT|CI 61570 is classed chemically as an anthraquinone colour. It conforms to the formula:|IV/92||0.0|0.0|1.0|0.0|0.0|0||||
11225|CI 73360|1|32794|2379-74-0|219-163-6|COLORANT|CI 73360 is classed chemically as a thioindigoid colour. It conforms to the formula:|IV/100||1.0|0.0|1.0|0.0|0.0|0||||
11237|CI 74160|1|32799|147-14-8|205-685-1|COLORANT|CI 74160 is classed chemically as a phthalocyanine colour. It conforms to the formula:|IV/105||1.0|0.0|1.0|0.0|0.0|0||||
11253|CI 74260|1|32801|1328-53-6|215-524-7|COLORANT|CI 74260 is classed chemically as a phthalocyanine colour. It conforms to the formula:|IV/107||1.0|0.0|1.0|0.0|0.0|0||||
11275|CI 75470 / CARMINE|0|||||||||||||0||||
11289|CI 75810|1|32810|11006-34-1 / 8049-84-1|234-242-5 / 232-471-5|COLORANT|CI 75810 is a copper derivative of a botanically derived color obtained from green plants.|IV/116||0.0|0.0|1.0|0.0|0.0|0||||
11298|CI 77007|1|32814|12769-96-9 / 1302-83-6 / 57455-37-5|235-811-0 / 215-111-1|COLORANT|CI 77007 is classed chemically as an inorganic colour. It is a synthetic pigment composed of complex sodium aluminum sulfosilicates.|IV/120||0.0|0.0|1.0|0.0|0.0|0||||
11348|CI 77491|1|32829|1309-37-1 / 1317-61-9 / 1345-27-3 / 52357-70-7 / 1345-25-1|215-168-2 / 215-277-5 / 215-722-3 / 257-870-1 / 215-721-8|COLORANT|CI 77491 is classed chemically as an inorganic colour. It consists chiefly of ferric oxide that conforms to the formula:|IV/135||0.0|0.0|1.0|0.0|0.0|0||||
11376|CI 77492|1|32830|51274-00-1 / 1345-27-3 / 20344-49-4 / 52357-70-7|257-098-5 / 215-722-3 / 215-570-8 / 257-670-1|COLORANT|CI 77492 is classed chemically as an inorganic colour. It consists chiefly of hydrated ferrous oxide that conforms to the formula:|IV/136||0.0|0.0|1.0|0.0|0.0|0||||
11393|CI 77499|1|32831|12227-89-3 / 1309-37-1 / 1317-61-9 / 1345-25-1 / 1345-27-3 / 52357-70-7|235-442-5 / 215-168-2 / 215-277-5 / 215-721-8 / 215-722-3 / 257-870-1|COLORANT|CI 77499 is classed chemically as an inorganic colour. It consists chiefly of ferrous-ferric oxide (see also INCI:Iron Oxides)|IV/137||0.0|0.0|1.0|0.0|0.0|0||||
11397|CI 77499 / IRON OXIDES|0|||||||||||||0||||
11483|CI 77891|1|97171|13463-67-7|236-675-5|COLORANT|CI 77891 is classed chemically as an inorganic colour (see also INCI: Titanium dioxide). It conforms to the formula|IV/143||0.0|0.0|1.0|0.0|0.0|0||||
11500|CI 77891. CONTAINS|0|||||||||||||0||||
11502|CI 77891. CONTENENTE MENTA DA AGRICOLTURA BIOLOGICA|0|||||||||||||0||||
11584|CI73360|0|||||||||||||0||||
11606|CI77891|0|||||||||||||0||||
11673|CINNAMAL|1|32846|104-55-2|203-213-9|DENATURANT;PERFUMING;FLAVOURING||III/76||0.0|1.0|0.0|0.0|0.0|1|EU_ANNEX_III|||
11720|CINNAMYL ALCOHOL|1|69|104-54-1|203-212-3|||||0.0|1.0|0.0|0.0|0.0|1|EU_ANNEX_III|||
11779|CITRAL|1|32857|5392-40-5|226-394-6|FRAGRANCE;PERFUMING;FLAVOURING|Citral is the aldehyde that conforms to the formula:|III/70||0.0|1.0|0.0|0.0|0.0|1|EU_ANNEX_III|||
11835|CITRIC ACID|1|32858|77-92-9 / 5949-29-1|201-069-1|BUFFERING;CHELATING;FRAGRANCE|Citric Acid is the organic acid that conforms to the formula:|||0.0|0.0|0.0|1.0|0.0|0||||
11889|CITRIC ACIDLINGETTE 100 CELLULOSE|0|||||||||||||0||||
11997|CITRONELLOL|1|32861|106-22-9 / 26489-01-0 / 7540-51-4 / 1117-61-9|203-375-0 / 247-737-6 / 231-415-7 / 214-250-5|PERFUMING||III/86||0.0|1.0|0.0|0.0|0.0|1|EU_ANNEX_III|||
12065|CITRULLUS LANATUS SEED OIL|1|87444|90244-99-8|290-802-9|SKIN CONDITIONING - EMOLLIENT;SKIN CONDITIONING|"Citrullus Lanatus Seed Oil is the fixed oil obtained from the seeds of the Watermelon, Citrullus lanatus, Cucurbitaceae. The ""Citrullus vulgaris seed oil"" name is associated with ""Citrullus lanatus Seed Oil"" as a technical synonym."|||0.0|0.0|0.0|0.0|0.0|0||||
12098|CITRUS AURANTIFOLIA SEED OIL|1|83180|8008-26-2 / 90063-52-8|290-010-3|FRAGRANCE;SKIN CONDITIONING;FLAVOURING|Citrus Aurantifolia Seed Oil is the oil expressed from the seeds of the Lime, Citrus aurantifolia, Rutaceae|II/358||0.0|0.0|0.0|0.0|0.0|0||||
12099|CITRUS AURANTIUM|0|||||||||||||0||||
12106|CITRUS AURANTIUM AMARA FLOWER EXTRACT|1|75387|68916-04-1 / 72968-50-4|277-143-2|REFRESHING;SKIN CONDITIONING|Citrus Aurantium Amara Flower Extract is an extract of the flowers of the Bitter Orange, Citrus aurantium L. var. amara L., Rutaceae|||0.0|0.0|0.0|0.0|0.0|0||||
12134|CITRUS AURANTIUM BERGAMIA PEEL OIL|1|89008|89957-91-5|289-612-9|FRAGRANCE;PERFUMING|Citrus Aurantium Bergamia Peel Oil is the volatile oil obtained from the peel of Citrus aurantium bergamia, Rutaceae|III/352||0.0|1.0|0.0|0.0|0.0|1|EU_ANNEX_III|||
12156|CITRUS AURANTIUM DULCIS FRUIT EXTRACT|1|55360|8028-48-6 / 84012-28-2|232-433-8|FRAGRANCE;SKIN CONDITIONING|Citrus Aurantium Dulcis Fruit Extract is an extract of the fruit of the Sweet Orange, Citrus aurantium L. var. dulcis L., Rutaceae|||0.0|0.0|0.0|0.0|0.0|0||||
12157|CITRUS AURANTIUM DULCIS FRUIT WATER|1|55362|8028-48-6|232-433-8|FRAGRANCE|Citrus Aurantium Dulcis Fruit Water is an aqueous solution of the steam distillate obtained from the fruit of the orange, Citrus aurantium dulcis, Rutaceae|||0.0|0.0|0.0|0.0|0.0|0||||
12164|CITRUS AURANTIUM DULCIS OIL|1|75213|8008-57-9||FRAGRANCE|Citrus Aurantium Dulcis Oil is the volatile oil obtained from the whole plant, Citrus aurantium dulcis|||0.0|0.0|0.0|0.0|0.0|0||||
12172|CITRUS AURANTIUM DULCIS PEEL OIL|1|92537|8008-57-9||FRAGRANCE;SKIN CONDITIONING|Citrus Aurantium Dulcis (Orange) Peel Oil is the volatile oil obtained by expression from the peel of Citrus sinensis, Rutaceae|III/351||0.0|1.0|0.0|0.0|0.0|1|EU_ANNEX_III|||
12188|CITRUS AURANTIUM PEEL OIL|1|100219|||FRAGRANCE||||0.0|0.0|0.0|0.0|0.0|1|EU_ANNEX_III|||
12199|CITRUS BERGAMIA PEEL OIL EXPRESSED|1|41398|89957-91-5|289-612-9|PERFUMING|"""Bergamot Oil""; ""Bergamot Orange Oil"". Citrus Bergamia Peel Oil Expressed is an essential oil expressed from the epicarps of the Bergamot, Citrus bergamia risso, Rutaceae. It contains 35-45% L-linalyl acetate, about 6% linalool, D-limonene, DL-limonene and bergaptene"|||0.0|0.0|0.0|0.0|0.0|0||||
12212|CITRUS GRANDIS / GRAPEFRUIT FRUIT WATER|0|||||||||||||0||||
12215|CITRUS GRANDIS FRUIT EXTRACT|1|55373|90045-43-5 / 8016-20-4|289-904-6|ASTRINGENT;SKIN CONDITIONING;TONIC;PERFUMING|Citrus Grandis Fruit Extract is an extract of the fruit of the Grapefruit, Citrus grandis, Rutaceae|II/358||1.0|0.0|0.0|0.0|0.0|0||||
12231|CITRUS GRANDIS SEED EXTRACT|1|32893|90045-43-5 / 8016-20-4|289-904-6|ASTRINGENT;SKIN CONDITIONING;TONIC;PERFUMING|Citrus Grandis Seed Extract is an extract of the seeds of the Grapefruit, Citrus grandis, Rutaceae|II/358||0.0|0.0|0.0|0.0|0.0|0||||
12288|CITRUS LIMON PEEL OIL|1|85124|8008-56-8 / 84929-31-7|284-515-8|FRAGRANCE;SKIN CONDITIONING;PERFUMING|Citrus Limon Peel Oil is the volatile oil obtained from the fresh peel of the Lemon, Citrus limon (L.), Rutaceae|III/353||1.0|1.0|0.0|0.0|0.0|1|EU_ANNEX_III|||
12312|CITRUS MEDICA LIMONUM FRUIT EXTRACT|1|55418|92346-89-9 / 84929-31-7|296-174-2 / 284-515-8|FRAGRANCE;SKIN CONDITIONING|Citrus Medica Limonum Fruit Extract is an extract of the fruit of the Lemon, Citrus medica L. spp. limonum, Rutaceae|||0.0|0.0|0.0|0.0|0.0|0||||
12328|CITRUS NOBILIS FRUIT EXTRACT|1|75286|84929-38-4|284-521-0|FRAGRANCE;SKIN CONDITIONING|Citrus Nobilis Fruit Extract is an extract of the fruit of the Mandarin, Citrus nobilis, Rutaceae|||0.0|0.0|0.0|0.0|0.0|0||||
12417|CL 16035|0|||||||||||||0||||
12424|CL 17200|0|||||||||||||0||||
12435|CL 19140|0|||||||||||||0||||
12457|CL 42090|0|||||||||||||0||||
12474|CL 47005|0|||||||||||||0||||
12491|CL 74160|0|||||||||||||0||||
12529|CL 77891 (TITANIUM DIOXIDE)|0|||||||||||||0||||
12735|COCAMIDE MEA|1|32919|68140-00-1|268-770-2|SURFACTANT - FOAM BOOSTING;VISCOSITY CONTROLLING|Cocamide MEA is a mixture of ethanolamides of Coconut Acid. It conforms generally to the formula:|||0.0|0.0|0.0|0.0|0.0|0||||
12741|COCAMIDE MIPA|1|32920|68333-82-4|269-793-0/931-596-9|SURFACTANT - EMULSIFYING;EMULSION STABILISING;SURFACTANT - FOAM BOOSTING;SURFACTANT - CLEANSING;VISCOSITY CONTROLLING|Amides, coco, N-(2-hydroxypropyl)|||0.0|0.0|0.0|0.0|0.0|0||||
12812|COCAMIDOPROPYL BETAINE|1|75231|97862-59-4 (generic)/61789-40-0/70851-07-9/83138-08-3|-/263-058-8/274-923-4/-|ANTISTATIC;CLEANSING;SURFACTANT - FOAM BOOSTING;HAIR CONDITIONING;SURFACTANT - CLEANSING;VISCOSITY CONTROLLING;SKIN CONDITIONING - MISCELLANEOUS|Cocamidopropyl Betaine is the zwitterion (inner salt) that conforms generally to the formula:|||0.0|0.0|0.0|0.0|0.0|0||||
12855|COCAMIDOPROPYL PG-DIMONIUM CHLORIDE PHOSPHATE|1|32936|||ANTISTATIC;HAIR CONDITIONING|Phosphoric acid, triester with N-(2,3-dihydroxypropyl)-N,N-dimethyl-3-[(1-oxococo-alkyl)amino-1-propanaminium chloride|||0.0|0.0|0.0|0.0|0.0|0||||
12865|COCAMIDOPROPYLBETAINE|0|||||||||||||0||||
12914|COCO NUCIFERA OIL|0|||||||||||||0||||
12921|COCO-BETAINE|1|75265|68424-94-2|270-329-4/931-700-2|ANTISTATIC;CLEANSING;SURFACTANT - FOAM BOOSTING;HAIR CONDITIONING;SKIN CONDITIONING;SURFACTANT - CLEANSING;VISCOSITY CONTROLLING|Betaines, coco alkyldimethyl|||0.0|0.0|0.0|0.0|0.0|0||||
12927|COCO-CAPRYLATE|1|87158|||SKIN CONDITIONING - EMOLLIENT||||0.0|0.0|0.0|0.0|0.0|0||||
12934|COCO-CAPRYLATE/CAPRATE|1|75266|||SKIN CONDITIONING - EMOLLIENT;SKIN CONDITIONING|Alcohols, coco, mixed esters with octanoic and decanoic acids|||0.0|0.0|0.0|0.0|0.0|0||||
12955|COCO-GLUCOSIDE|1|75276|110615-47-9||CLEANSING;FOAMING;SURFACTANT - CLEANSING|Coco-Glucoside is the product obtained by the condensation of coconut alcohol with glucose.|||0.0|0.0|0.0|0.0|0.0|0||||
13022|COCODIMONIUM HYDROXYPROPYL HYDROLYZED WHEAT PROTEIN|1|75273|130381-04-3||ANTISTATIC;CLEANSING;HAIR CONDITIONING;SKIN CONDITIONING;SURFACTANT - CLEANSING|2-Hydroxy-1-propanaminium, N,N-dimethyl-N-(coco-alkyl)-, 3-hydrolyzed wheat protein, chlorides|||0.0|0.0|0.0|0.0|0.0|0||||
13025|COCOGLUCOSIDE|0|||||||||||||0||||
13031|COCOGLYCERIDES|1|75277|92045-31-3|295-412-2|SKIN CONDITIONING - EMOLLIENT;SURFACTANT - EMULSIFYING;SKIN CONDITIONING|Glycerides, coco|||0.0|0.0|0.0|0.0|0.0|0||||
13049|COCONUT ACID|1|75280|61788-47-4|262-978-7|CLEANSING;SKIN CONDITIONING - EMOLLIENT;SURFACTANT - EMULSIFYING;SURFACTANT - CLEANSING|Fatty acids, coco|||0.0|0.0|0.0|0.0|0.0|0||||
13052|COCONUT ALKANES|1|86954|||SKIN CONDITIONING - EMOLLIENT;SOLVENT|Coconut Alkanes is the product obtained from the complete reduction and hydrogenation of a mixture of fatty acids derived from Cocos Nucifera (Coconut) Oil|||0.0|0.0|0.0|0.0|0.0|0||||
13125|COCOS NUCIFERA (COCONUT) MILK PROTEIN|0|||||||||||||0||||
13160|COCOS NUCIFERA FRUIT EXTRACT|1|55633|8001-31-8|232-282-8|SKIN CONDITIONING - EMOLLIENT;HAIR CONDITIONING;SKIN CONDITIONING|Cocos Nucifera Fruit Extract is an extract of the fruit of the Coconut, Cocos nucifera L., Palmaceae|||0.0|0.0|0.0|0.0|0.0|0||||
13174|COCOS NUCIFERA OIL|1|75444|8001-31-8|232-282-8|HAIR CONDITIONING;FRAGRANCE;SKIN CONDITIONING;PERFUMING|Cocos Nucifera Oil is the fixed oil obtained by expression of the kernels of the seeds of the Coconut, Cocos nucifera L., Palmaceae|||0.0|0.0|0.0|0.0|0.0|0||||
13188|COCOS NUCIFERA SHELL POWDER|1|75445|8001-31-8|232-282-8|ABRASIVE;BULKING;SKIN CONDITIONING - EMOLLIENT;HAIR CONDITIONING;SKIN CONDITIONING|Cocos Nucifera Shell Powder is a powder of the finely ground shells of the Coconut, Cocos Nucifera L., Palmaceae|||0.0|0.0|0.0|0.0|0.0|0||||
13253|CODE F.I.L. C182660/1|0|||||||||||||0||||
13345|COLLAGEN|1|75462|9007-34-5|232-697-4|HAIR CONDITIONING;MOISTURISING;SKIN CONDITIONING|Collagens. A fibrous protein comprising one third of the total protein in mammalian organisms. It is a polypeptide containing three peptide chains and rich in proline and hydroxyproline|||0.0|0.0|0.0|0.0|0.0|0||||
13349|COLLAGEN EXTRACT|1|55665|||HAIR CONDITIONING;SKIN CONDITIONING|Collagen Extract is an oil-soluble extract of Collagen|||0.0|0.0|0.0|0.0|0.0|0||||
13648|COMMIPHORA MYRRHA RESIN EXTRACT|1|55678|84929-26-0|284-510-0|NAIL CONDITIONING;SKIN CONDITIONING|Commiphora Myrrha Resin Extract is an extract of the resin of the Myrrh, Commiphora myrrha, Burseraceae|||0.0|0.0|0.0|0.0|0.0|0||||
14031|COPERNICIA CERIFERA CERA / CARNAUBA WAX / CIRE DE CARNAUBA|0|||||||||||||0||||
14039|COPERNICIA CERIFERA WAX|1|91028|8015-86-9|232-399-4|ABRASIVE;EPILATING;EXFOLIATING;FILM FORMING;SKIN CONDITIONING - EMOLLIENT;VISCOSITY CONTROLLING|Copernicia Cerifera (Carnauba) Wax is a wax obtained from the leaves and leaf buds of Copernicia cerifera. The accepted scientific name for Copernicia cerifera is Copernicia prunifera.|||0.0|0.0|0.0|0.0|0.0|0||||
14067|COPPER GLUCONATE|1|33028|527-09-3|208-408-2|SKIN CONDITIONING;SKIN PROTECTING||||0.0|0.0|0.0|0.0|0.0|0||||
14115|CORN STARCH MODIFIED|1|55700|||ABSORBENT;FILM FORMING;SKIN CONDITIONING;VISCOSITY CONTROLLING|Corn starch, reaction products with 3-(dodecenyl)dihydro-2,5-furandione, calcium salt, degree of substitution per glucose unit less than 0.1|||0.0|0.0|0.0|0.0|0.0|0||||
14205|COUMARIN|1|33057|91-64-5|202-086-7|PERFUMING||III/77||0.0|1.0|0.0|0.0|0.0|1|EU_ANNEX_III|||
14250|CR ME COLORANTE|0|||||||||||||0||||
14286|CREATINE|1|55520|57-00-1 / 6020-87-7|200-306-6|SKIN CONDITIONING||||0.0|0.0|0.0|0.0|0.0|0||||
14430|CUCUMIS SATIVUS FRUIT EXTRACT|1|55603|89998-01-6|289-738-4|SKIN CONDITIONING - EMOLLIENT;SKIN CONDITIONING|Cucumis Sativus Fruit Extract is an extract of the fruit of the Cucumber, Cucumis sativus L., Cucurbitaceae|||0.0|0.0|0.0|0.0|0.0|0||||
14431|CUCUMIS SATIVUS FRUIT EXTRACT/CUCUMBER FRUIT EXTRACT|0|||||||||||||0||||
14533|CYCLODEXTRIN|1|75402|7585-39-9 / 12619-70-4|231-493-2|ABSORBENT;CHELATING||||0.0|0.0|0.0|0.0|0.0|0||||
14535|CYCLOHEXASILOXANE|1|75406|540-97-6|208-762-8|SKIN CONDITIONING - EMOLLIENT;HAIR CONDITIONING;SOLVENT|Cyclohexasiloxane is the cyclic dimethyl polysiloxane that conforms to the formula, where n equals 6, and the other components of cyclomethicone (where n equals 4, 5, or 7) are present at levels of less than 1%.|"Restricted under COMMISSION REGULATION (EU) 2024/1328.
1. Shall not be placed on the market
(a) as a substance on its own;
(b) as a constituent of other substances; or
(c) in mixtures; in a concentration equal to or greater than 0,1 % by weight of the respective substance after 6 June 2026. 
[...] 
3. By way of derogation: 
(a) for D4 and D5 in wash-off cosmetic products, paragraph 1, point (c), shall apply after 31 January 2020. For the purposes of this point, “wash-off cosmetic products” means cosmetic products as defined in Article 2(1), point (a), of Regulation (EC) No 1223/2009 of the European Parliament and of the Council (*1) that, under normal conditions of use, are washed off with water after application;
(b) for all cosmetic products other than the ones mentioned in paragraph 3(a), paragraph 1 shall apply after 6 June 2027."||0.0|0.0|0.0|0.0|0.0|0||||
14545|CYCLOMETHICONE|1|33101|69430-24-6 / 556-67-2 / 541-02-6 / 540-97-6|209-136-7 / 208-764-9 / 208-762-8|SKIN CONDITIONING - EMOLLIENT;HAIR CONDITIONING;SOLVENT|Cyclomethicone is a generic name for a mixture of cyclic dimethyl polysiloxane compounds that conform to the formula, where n has a value between 4 and 6.|"Entry 1388 of Annex II corresponds to D4 (Cyclotetrasiloxane). If Cyclomethicone contains D4 then entry II/1388 applies.

Restricted under COMMISSION REGULATION (EU) 2024/1328. 1. Shall not be placed on the market (a) as a substance on its own; (b) as a constituent of other substances; or (c) in mixtures; in a concentration equal to or greater than 0,1 % by weight of the respective substance after 6 June 2026. [...] 3. By way of derogation: (a) for D4 and D5 in wash-off cosmetic products, paragraph 1, point (c), shall apply after 31 January 2020. For the purposes of this point, “wash-off cosmetic products” means cosmetic products as defined in Article 2(1), point (a), of Regulation (EC) No 1223/2009 of the European Parliament and of the Council (*1) that, under normal conditions of use, are washed off with water after application; (b) for all cosmetic products other than the ones mentioned in paragraph 3(a), paragraph 1 shall apply after 6 June 2027."||1.0|0.0|0.0|0.0|0.0|0||0|0.0|Fulton JE Jr. Comedogenicity and irritancy of commonly used ingredients in skin care products. J Soc Cosmet Chem 1989;40:321-333, Table I, p.325; ISSN:0037-9832 (no DOI/PMID assigned; PDF from library.scconline.org/v040n06/13)
14559|CYCLOPENTASILOXANE|1|75413|541-02-6|208-764-9|SKIN CONDITIONING - EMOLLIENT;HAIR CONDITIONING;SKIN CONDITIONING;SOLVENT|Cyclopentasiloxane is the cyclic dimethyl polysiloxane that conforms to the formula:|"Restricted under COMMISSION REGULATION (EU) 2024/1328.
1. Shall not be placed on the market
(a) as a substance on its own;
(b) as a constituent of other substances; or
(c) in mixtures;
in a concentration equal to or greater than 0,1 % by weight of the respective substance after 6 June 2026.
[...]
3. By way of derogation:
(a) for D4 and D5 in wash-off cosmetic products, paragraph 1, point (c), shall apply after 31 January 2020.
For the purposes of this point, “wash-off cosmetic products” means cosmetic products as defined in Article 2(1), point (a), of Regulation (EC) No 1223/2009 of the European Parliament and of the Council (*1) that, under normal conditions of use, are washed off with water after application;
(b) for all cosmetic products other than the ones mentioned in paragraph 3(a), paragraph 1 shall apply after 6 June 2027."||0.0|0.0|0.0|0.0|0.0|0||||
14571|CYCLOTETRASILOXANE|1|33104|556-67-2 / 293-51-6|209-136-7|SKIN CONDITIONING - EMOLLIENT;HAIR CONDITIONING;SOLVENT|Cyclotetrasiloxane is the cyclic dimethyl polysiloxane that conforms to the formula:|II/1388||0.0|0.0|0.0|0.0|0.0|0||||
14630|CYSTINE|1|75424|56-89-3|200-296-3|ANTISTATIC;HAIR CONDITIONING;FRAGRANCE||||0.0|0.0|0.0|0.0|0.0|0||||
14631|CYSTINE BIS-PG-PROPYL SILANETRIOL|1|55571|||SKIN CONDITIONING|L-Cystine, diallylglycidyltrihydroxymethylsilyl ester|||0.0|0.0|0.0|0.0|0.0|0||||
14632|CYSTOSEIRA COMPRESSA EXTRACT|1|89061||||Cystoseira Compressa Extract is the extract of the alga, Cystoseira compressa, Fucaceae.|||0.0|0.0|0.0|0.0|0.0|0||||
14645|D C BLACK NO. 2 (CI 77266), CLEARLY QUICK TOP COAT 103 ETHYL ACETATE|0|||||||||||||0||||
14664|D C RED NO. 34 CALCIUM LAKE (CI 15880)|0|||||||||||||0||||
14670|D C RED NO. 7 CALCIUM LAKE (CI 15850)|0|||||||||||||0||||
14673|D C VIOLET NO. 2 (CI 60725). GRAPE SHIFTER 483 ETHYL ACETATE|0|||||||||||||0||||
15104|DECYL GLUCOSIDE|1|75502|54549-25-6; 58846-77-8; 141464-42-8; 68515-73-1|259-218-1|CLEANSING;EMULSION STABILISING;SURFACTANT - CLEANSING|Decyl Glucoside is the product obtained from the condensation of decyl alcohol with glucose|||0.0|0.0|0.0|0.0|0.0|0||||
15123|DECYLENE GLYCOL|1|55718|1119-86-4|214-288-2|SKIN CONDITIONING||||0.0|0.0|0.0|0.0|0.0|0||||
15161|DEHYDROACETIC ACID|1|33185|520-45-6 / 771-03-9 / 16807-48-0|208-293-9 / 212-227-4|PRESERVATIVE|Dehydroacetic Acid is the cyclic ketone that conforms to the formula:|V/13||0.0|0.0|0.0|1.0|0.0|0||||
15182|DEHYDROXANTHAN GUM|1|55723|||EMULSION STABILISING;FILM FORMING;HAIR FIXING;VISCOSITY CONTROLLING|Dehydroxanthan Gum is the product obtained by the dehydration of Xanthan Gum|||0.0|0.0|0.0|0.0|0.0|0||||
15234|DENATONIUM BENZOATE|1|33188|3734-33-6|223-095-2|DENATURANT;FRAGRANCE||||0.0|0.0|0.0|0.0|0.0|0||||
15397|DEXTRIN PALMITATE/ETHYLHEXANOATE|1|55811|183387-52-2||ANTICAKING;SURFACTANT - EMULSIFYING;SURFACTANT - CLEANSING|2-Ethylhexanoic acid and hexadecanoic acid, dextrin ester|||0.0|0.0|0.0|0.0|0.0|0||||
15446|DIACETONE ALCOHOL|1|75628|123-42-2|204-626-7|FRAGRANCE;SOLVENT;PERFUMING|Diacetone Alcohol is the ketone that conforms to the formula|||0.0|0.0|0.0|0.0|0.0|0||||
15473|DIAZOLIDINYL UREA|1|33218|78491-02-8|278-928-2|PRESERVATIVE|Diazolidinyl Urea is the heterocyclic substituted urea that conforms to the formula:|V/46||0.0|0.0|0.0|1.0|0.0|0||||
15483|DIBUTYL ADIPATE|1|75650|105-99-7|203-350-4|SKIN CONDITIONING - EMOLLIENT;FILM FORMING;PLASTICISER;SKIN CONDITIONING;SOLVENT||||0.0|0.0|0.0|0.0|0.0|0||||
15497|DICALCIUM PHOSPHATE|1|75666|7757-93-9|231-826-1|ABRASIVE;BULKING;OPACIFYING;ORAL CARE||||0.0|0.0|0.0|0.0|0.0|0||||
15515|DICAPRYLYL CARBONATE|1|55832|1680-31-5|434-850-2|SKIN CONDITIONING - EMOLLIENT;SKIN CONDITIONING||||0.0|0.0|0.0|0.0|0.0|0||||
15524|DICAPRYLYL ETHER|1|75672|629-82-3|211-112-6|SKIN CONDITIONING - EMOLLIENT;SKIN CONDITIONING;SOLVENT||||0.0|0.0|0.0|0.0|0.0|0||||
15540|DICETYL PHOSPHATE|1|75677|2197-63-9|218-594-7|SURFACTANT - EMULSIFYING;SURFACTANT - CLEANSING||||0.0|0.0|0.0|0.0|0.0|0||||
15543|DICHLOROBENZYL ALCOHOL|1|33259|1777-82-8|217-210-5|ANTIMICROBIAL;PRESERVATIVE|Dichlorobenzyl Alcohol is the substituted aromatic compound that conforms to the formula:|V/22||0.0|0.0|0.0|1.0|0.0|0||||
15622|DIETHYLAMINO HYDROXYBENZOYL HEXYL BENZOATE|1|38990|302776-68-7|443-860-6|LIGHT STABILIZER;UV ABSORBER;UV FILTER|Diethylamino Hydroxybenzoyl Hexyl Benzoate is the organic compound that conforms to the formula:|VI/28||0.0|0.0|0.0|0.0|1.0|0||||
15648|DIETHYLHEXYL BUTAMIDO TRIAZONE|1|33301|154702-15-5||LIGHT STABILIZER;UV ABSORBER;UV FILTER|Diethylhexyl Butamido Triazone is the organic compound that conforms to the formula:|VI/17||0.0|0.0|0.0|0.0|1.0|0||||
15654|DIETHYLHEXYL SIRINGYLIDENEMALONATE|0|||||||||||||0||||
15674|DIGLYCERIN|1|75728|59113-36-9 / 25618-55-7|261-605-5 / *607-759-2|HUMECTANT;SKIN CONDITIONING|Diglycerin is a dimer of Glycerin|||0.0|0.0|0.0|0.0|0.0|0||||
15703|DIISOPROPYL SEBACATE|1|75613|7491-02-3|231-306-4|SKIN CONDITIONING - EMOLLIENT;PLASTICISER;SKIN CONDITIONING;SOLVENT||||0.0|0.0|0.0|0.0|0.0|0||||
15711|DIISOSTEARYL MALATE|1|75620|67763-18-2 / 81230-05-9|267-041-6|SKIN CONDITIONING - EMOLLIENT;SKIN CONDITIONING;SURFACTANT - CLEANSING||||0.0|0.0|0.0|0.0|0.0|0||||
15717|DILAURYLTHIODIPROPIONATE|0|||||||||||||0||||
15743|DIMER DILINOLEYL DIMER DILINOLEATE|1|55746|||BINDING;SKIN CONDITIONING - EMOLLIENT;HAIR CONDITIONING;SKIN CONDITIONING;VISCOSITY CONTROLLING||||0.0|0.0|0.0|0.0|0.0|0|||1.0|rule: C11-C24 fatty acid, one of its esters, or polysorbate 20/40/60/80 (src/enrichment/fungal_rule.py); basis: DOI:10.3389/fcimb.2020.00112; DOI:10.1093/femsyr/foaf043
15768|DIMETHICONE|1|33401|63148-62-9 / 9006-65-9 / 9016-00-6|- /|ANTIFOAMING;SKIN CONDITIONING - EMOLLIENT;SKIN CONDITIONING;SKIN PROTECTING||||0.0|0.0|0.0|0.0|0.0|0||1|0.0|Fulton JE Jr. Comedogenicity and irritancy of commonly used ingredients in skin care products. J Soc Cosmet Chem 1989;40:321-333, Table I, p.325; ISSN:0037-9832 (no DOI/PMID assigned; PDF from library.scconline.org/v040n06/13)
15804|DIMETHICONE/BIS-ISOBUTYL PPG-20 CROSSPOLYMER|1|86298|||SKIN CONDITIONING - EMOLLIENT;VISCOSITY CONTROLLING|Dimethicone/Bis-Isobutyl PPG-20 Crosspolymer is a crosslinked polymer of Hydrogen Dimethicone crosslinked with bis-methallyl PPG-20|||0.0|0.0|0.0|0.0|0.0|0||||
15806|DIMETHICONE/PEG-10/15 CROSSPOLYMER|1|55785|||FILM FORMING;OPACIFYING|Dimethicone/PEG-10/15 Crosspolymer is a copolymer of dimethicone crosslinked with a mixture of PEG-10 and PEG-15 diallyl ethers|||0.0|0.0|0.0|0.0|0.0|0||||
15823|DIMETHICONOL|1|75588|31692-79-2 / 70131-67-8||ANTIFOAMING;SKIN CONDITIONING - EMOLLIENT;MOISTURISING|Poly[oxy(dimethylsilylane)], .alpha.-hydro-.omega.-hydroxy-|||0.0|0.0|0.0|0.0|0.0|0||||
15855|DIMETHYL ISOSORBIDE|1|75870|5306-85-4|226-159-8|SOLVENT;VISCOSITY CONTROLLING||||0.0|0.0|0.0|0.0|0.0|0||||
15863|DIMETHYL PHENETHYL ACETATE|1|100220|151-05-3|205-781-3|FRAGRANCE|Dimethyl Phenethyl Acetate is the organic compound that conforms to the formula:|III/334||0.0|1.0|0.0|0.0|0.0|1|EU_ANNEX_III|||
15878|DIMETHYLGLYCERIN|0|||||||||||||0||||
15936|DIPALMITOYLETHYL DIMONIUM CHLORIDE|1|33536|97158-31-1|306-361-3|ANTISTATIC;HAIR CONDITIONING||||0.0|0.0|0.0|0.0|0.0|0||||
15981|DIPROPYLENE GLYCOL|1|75742|110-98-5 / 25265-71-8|203-821-4 / 246-770-3|FRAGRANCE;SOLVENT;VISCOSITY CONTROLLING;PERFUMING||||0.0|0.0|0.0|0.0|0.0|0||||
16099|DISODIUM COCAMPHODIACETATE|0|||||||||||||0||||
16104|DISODIUM COCOAMPHODIACETATE|1|75824||931-291-0|CLEANSING;SURFACTANT - FOAM BOOSTING;HAIR CONDITIONING;SURFACTANT - HYDROTROPE;SKIN CONDITIONING;SURFACTANT - CLEANSING|Disodium N-2-(N-(2-carboxymethoxyethyl)-N-carboxymethylamino)ethylcocamide|||0.0|0.0|0.0|0.0|0.0|0||||
16114|DISODIUM COCOYL GLUTAMATE|1|75827|68187-30-4|269-085-1|CLEANSING;SURFACTANT - CLEANSING|L-Glutamic acid, N-coco acyl derivs., disodium salts|||0.0|0.0|0.0|0.0|0.0|0||||
16143|DISODIUM EDTA|1|33604|139-33-3 --- 6381-92-6|205-358-3|CHELATING;VISCOSITY CONTROLLING||||0.0|0.0|0.0|0.0|0.0|0||||
16178|DISODIUM LAURETH SULFOSUCCINATE|1|75765|39354-45-5 / 40754-59-4 / 42016-08-0 / 58450-52-5 / 68815-56-5|255-062-3|CLEANSING;FOAMING;SURFACTANT - FOAM BOOSTING;SURFACTANT - HYDROTROPE;SURFACTANT - CLEANSING|Poly(Oxy-1,2-Ethanediyl), .alpha.-(3-Carboxy-1-Oxo-3-Sulfopropyl)-.omega.-(Dodecyloxy)-, Disodium Salt|||0.0|0.0|0.0|0.0|0.0|0||||
16199|DISODIUM PHOSPHATE|1|33650|7558-79-4 / 7782-85-6|231-448-7|ANTICORROSIVE;BUFFERING;FRAGRANCE||||0.0|0.0|0.0|0.0|0.0|0||||
16203|DISODIUM PYROPHOSPHATE|1|75795|7758-16-9|231-835-0|ANTICORROSIVE;BUFFERING;CHELATING|Disodium dihydrogenpyrophosphate|||0.0|0.0|0.0|0.0|0.0|0||||
16234|DISOPROPYL ADIPATE|0|||||||||||||0||||
16243|DISSODIUM EDTA|0|||||||||||||0||||
16256|DISTARCH PHOSPHATE|1|75950|55963-33-2||ABSORBENT;ANTICAKING;BINDING|Starch, phosphoric acid ester (2:1)|||0.0|0.0|0.0|0.0|0.0|0||||
16270|DISTEARDIMONIUM HECTORITE|1|33691|97280-96-1|306-493-1|LIGHT STABILIZER;VISCOSITY CONTROLLING|1-Octadecanaminium, N,N-dimethyl-N-octadecyl-, chloride, reaction products with hectorite|||0.0|0.0|0.0|0.0|0.0|0||||
16283|DISTEAROYLETHYL HYDROXY ETHYLMONIUM METHOSULFATE|0|||||||||||||0||||
16396|DMDM HYDANTOIN|1|33723|6440-58-0|229-222-8|PRESERVATIVE|DMDM Hydantoin is the organic compound that conforms to the formula:|V/33||0.0|0.0|0.0|1.0|0.0|0||||
16465|DODECANE|1|39797|112-40-3|203-967-9|PERFUMING||||0.0|0.0|0.0|0.0|0.0|0||||
16490|DONKEY MILK|1|56098|||SKIN CONDITIONING|Donkey Milk is the milk obtained from the donkey, Equus asinus|Please consider whether entry 419 of Annex II to the Cosmetics Regulation 1223/2009 is applicable. According to entry 419, category 1 material and Category 2 material as defined in Articles 4 and 5 respectively of Regulation (EC) No 1774/2002, and ingredients derived therefrom are prohibited in cosmetics products. Regulation (EC) No 1774/2002 has been repealed and replaced by Regulation No. 1069/2009. For Category 1 and 2 materials in Regulation No. 1069/2009, please see Article 8 and 9, respectively.||0.0|0.0|0.0|0.0|0.0|0||||
16549|DROMETRIZOLE TRISILOXANE|1|33742|155633-54-8||LIGHT STABILIZER;UV ABSORBER;UV FILTER|Drometrizole Trisiloxane is the heterocyclic compound that conforms to the formula:|VI/16||0.0|0.0|0.0|0.0|1.0|0||||
16649|DUSCHGEL MIT VERW HNENDEM DUFT NACH MAGNOLIE|0|||||||||||||0||||
16894|ECHINACEA PURPUREA EXTRACT|1|33752|90028-20-9|289-808-4|MOISTURISING;SKIN CONDITIONING;TONIC|Echinacea Purpurea Extract is an extract of the whole plant of the Coneflower, Echinacea purpurea (L.), Asteraceae|||0.0|0.0|0.0|0.0|0.0|0||||
16901|ECHIUM PLANTAGINEUM SEED OIL|1|56117|||SKIN CONDITIONING;SOLVENT|Echium Plantagineum Seed Oil is the fixed oil obtained from the seeds of the Echium plantagineum L., Boraginaceae|||0.0|0.0|0.0|0.0|0.0|0||||
16950|EDTA|1|33756|60-00-4|200-449-4|CHELATING||||0.0|0.0|0.0|0.0|0.0|0||||
17193|EMULSION R V LATRICE|0|||||||||||||0||||
17479|EPILOBIUM ANGUSTIFOLIUM EXTRACT|1|33771|90028-31-2|289-821-5|SKIN CONDITIONING|Epilobium Angustifolium Extract is an extract of the aerial parts of the Rose Bay, Epilobium angustifolium L., Onagraceae|||0.0|0.0|0.0|0.0|0.0|0||||
17490|EQUISETUM ARVENSE LEAF EXTRACT|1|33775|71011-23-9|275-123-8|ASTRINGENT;SKIN CONDITIONING - EMOLLIENT;SOOTHING;TONIC|Equisetum Arvense Leaf Extract is an extract of the leaves of the Horsetail, Equisetum arvense L., Equisetaceae|||0.0|0.0|0.0|0.0|0.0|0||||
17543|ES|0|||||||||||||0||||
17756|ETHANOLAMINE|1|33796|141-43-5|205-483-3|BUFFERING||III/61||0.0|1.0|0.0|0.0|0.0|0||||
17771|ETHOXYDIGLYCOL|1|33802|111-90-0|203-919-7|HUMECTANT;SOLVENT;PERFUMING||III/297||0.0|1.0|0.0|0.0|0.0|0||0|0.0|Fulton JE Jr. Comedogenicity and irritancy of commonly used ingredients in skin care products. J Soc Cosmet Chem 1989;40:321-333, Table I, p.326; ISSN:0037-9832 (no DOI/PMID assigned; PDF from library.scconline.org/v040n06/13)
17792|ETHYL AC TATE|0|||||||||||||0||||
17793|ETHYL ACETATE|1|33805|141-78-6|205-500-4|SOLVENT;PERFUMING||||0.0|0.0|0.0|0.0|0.0|0||||
17824|ETHYL HEXYL STEARATE|0|||||||||||||0||||
17874|ETHYLENE/PROPYLENE/STYRENE COPOLYMER|1|56078|||VISCOSITY CONTROLLING|Ethylene/Propylene/Styrene Copolymer is a polymer of ethylene, propylene and styrene monomers that has been terminated by hydrogenation|||0.0|0.0|0.0|0.0|0.0|0||||
17878|ETHYLENEDIAMINE/STEARYL DIMER DILINOLEATE COPOLYMER|1|56005|||ORAL CARE;SKIN CONDITIONING|Ethylenediamine/Stearyl Dimer Dilinoleate Copolymer is a copolymer of ethylenediamine and Dilinoleoic Acid monomers, end-blocked with stearyl alcohol|||0.0|0.0|0.0|0.0|0.0|0||||
17959|ETHYLHEXYL METHOXYCINNAMATE|1|33886|5466-77-3/83834-59-7 (trans-)|226-775-7/ 629-661-9|LIGHT STABILIZER;UV ABSORBER;UV FILTER|Ethylhexyl Methoxycinnamate is the ester of 2-ethylhexyl alcohol and methoxycinnamic acid. It conforms to the formula|VI/12||0.0|0.0|0.0|0.0|1.0|0||||
17973|ETHYLHEXYL PALMITATE|1|33890|29806-73-3|249-862-1|SKIN CONDITIONING - EMOLLIENT;PERFUMING||||0.0|0.0|0.0|0.0|0.0|0||4|1.0|"Fulton JE Jr. Comedogenicity and irritancy of commonly used ingredients in skin care products. J Soc Cosmet Chem 1989;40:321-333, Table I, p.324; ISSN:0037-9832 (no DOI/PMID assigned; PDF from library.scconline.org/v040n06/13) | rule: C11-C24 fatty acid, one of its esters, or polysorbate 20/40/60/80 (src/enrichment/fungal_rule.py); basis: DOI:10.3389/fcimb.2020.00112; DOI:10.1093/femsyr/foaf043"
17985|ETHYLHEXYL SALICYLATE|1|33893|118-60-5|204-263-4|LIGHT STABILIZER;UV ABSORBER;UV FILTER|Ethylhexyl Salicylate is the ester of 2-ethylhexyl alcohol and salicylic acid. It conforms to the formula:|VI/20||0.0|0.0|0.0|0.0|1.0|0||0|0.0|Fulton JE Jr. Comedogenicity and irritancy of commonly used ingredients in skin care products. J Soc Cosmet Chem 1989;40:321-333, Table I, p.326; ISSN:0037-9832 (no DOI/PMID assigned; PDF from library.scconline.org/v040n06/13)
17992|ETHYLHEXYL STEARATE|1|33894|22047-49-0|244-754-0|SKIN CONDITIONING - EMOLLIENT|2-Ethylhexyl stearate|||0.0|0.0|0.0|0.0|0.0|0|||1.0|rule: C11-C24 fatty acid, one of its esters, or polysorbate 20/40/60/80 (src/enrichment/fungal_rule.py); basis: DOI:10.3389/fcimb.2020.00112; DOI:10.1093/femsyr/foaf043
17998|ETHYLHEXYL TRIAZONE|1|33895|88122-99-0|402-070-1|LIGHT STABILIZER;UV ABSORBER;UV FILTER|Ethylhexyl Triazone is the heterocyclic organic compound that conforms to the formula:|VI/15||0.0|0.0|0.0|0.0|1.0|0||||
18025|ETHYLHEXYLGLYCERIN|1|33896|70445-33-9|408-080-2|DEODORANT;SKIN CONDITIONING|Ethylhexylglycerin is the organic compound that conforms to the formula|||0.0|0.0|0.0|0.0|0.0|0||||
18067|ETHYLPARABEN|1|33899|120-47-8|204-399-4|FRAGRANCE;PRESERVATIVE|Ethylparaben is the ester of ethyl alcohol and p-hydroxybenzoic acid. It conforms to the formula:|V/12||0.0|0.0|0.0|1.0|0.0|0||||
18081|ETIDRONIC ACID|1|33900|2809-21-4|220-552-8|CHELATING|Etidronic Acid is the organic diphosphonic acid that conforms to the formula|III/53||0.0|1.0|0.0|0.0|0.0|0||||
18099|ETOCRYLENE|1|33901|5232-99-5|226-029-0|UV ABSORBER||||0.0|0.0|0.0|0.0|0.0|0||||
18128|EUCALYPTOL|1|33902|470-82-6|207-431-5|DENATURANT;TONIC;PERFUMING||||0.0|0.0|0.0|0.0|0.0|0||||
18155|EUCALYPTUS GLOBULUS LEAF EXTRACT|1|76051|84625-32-1|283-406-2|SKIN CONDITIONING;PERFUMING|Eucalyptus Globulus Leaf Extract is an extract of the fresh leaves of the Eucalyptus, Eucalyptus globulus, Myrtaceae|||0.0|0.0|0.0|0.0|0.0|0||||
18157|EUCALYPTUS GLOBULUS LEAF OIL|1|76052|8000-48-4 / 84625-32-1|283-406-2|SKIN CONDITIONING;PERFUMING|Eucalyptus Globulus Leaf Oil is the volatile oil obtained from the fresh leaves of the Eucaluptus, Eucalyptus globulus and other species of Eucalyptus, Myrtaceae. Syn. Yuukari Yu (Japanese)|III/355||0.0|1.0|0.0|0.0|0.0|1|EU_ANNEX_III|||
18162|EUCALYPTUS GLOBULUS OIL|1|100222|||FRAGRANCE||||0.0|0.0|0.0|0.0|0.0|1|EU_ANNEX_III|||
18189|EUGENCL CITRONELLOL|0|||||||||||||0||||
18218|EUGENOL|1|33910|97-53-0|202-589-1|DENATURANT;TONIC;PERFUMING||III/71||0.0|1.0|0.0|0.0|0.0|1|EU_ANNEX_III|||
18271|EUTERPE OLERACEA FRUIT OIL|1|56059|879496-95-4 ; 861902-11-6; 906351-38-0||SKIN CONDITIONING|Euterpe Oleracea Fruit Oil is is the oil expressed from the fruit of the Cabbage Palm, Euterpe oleracea, Arecaceae|||0.0|0.0|0.0|0.0|0.0|0||||
18681|FABRICADO Y EXPORTADO POR, JOHNSON HYDROXIDE|0|||||||||||||0||||
18774|FARNESOL|1|33921|4602-84-0|225-004-1|DEODORANT;PERFUMING||III/82||0.0|1.0|0.0|0.0|0.0|1|EU_ANNEX_III|||
18854|FD C YELLOW NO. 5 ALUMINUM LAKE (CI 19140)|0|||||||||||||0||||
18855|FD C YELLOW NO. 5 ALUMINUM LAKE (CI 19140), D C VIOLET NO. 2 (CI 60725)|0|||||||||||||0||||
18901|FERRIC AMMONIUM FERROCYANIDE|1|138|25869-00-5|237-875-5|||||0.0|0.0|0.0|0.0|0.0|0||||
19103|FLAVOR|0|||||||||||||0||||
19105|FLAVOR (AROMA)|0|||||||||||||0||||
19276|FORMIC ACID|1|33949|64-18-6|200-579-1|FRAGRANCE;PRESERVATIVE;PH ADJUSTERS|Formic Acid is an organic acid that conforms to the formula:|V/14||0.0|0.0|0.0|1.0|0.0|0||||
19365|FRAGARIA ANANASSA SEED OIL|1|82264|||ANTI-SEBORRHEIC;ANTIOXIDANT;HAIR CONDITIONING;NAIL CONDITIONING;SKIN CONDITIONING|Fragaria Ananassa Seed Oil is an oil obtainded from the Garden Strawberry, Fragaria ananassa, Rosaceae|||0.0|0.0|0.0|0.0|0.0|0||||
19369|FRAGARIA VESCA FRUIT EXTRACT|1|56288|84929-78-2|284-556-1|ASTRINGENT;SKIN CONDITIONING|Fragaria Vesca Fruit Extract is an extract of the fruit of the Strawberry, Fragaria vesca L., Rosaceae|||0.0|0.0|0.0|0.0|0.0|0||||
19412|FRAGRANCE (PARFUM)|0|||||||||||||0||||
19495|FRAGRANCE(PARFUM)|0|||||||||||||0||||
19610|FRUCTOOLIGOSACCHARIDES|1|85219|||HUMECTANT;SKIN CONDITIONING|Fructooligosaccharides are oligosaccharides produced enzymatically from sugar beets and consist chiefly of kestose, nystose and fructosyl nystose|||0.0|0.0|0.0|0.0|0.0|0||||
19611|FRUCTOSE|1|33960|57-48-7|200-333-3|HUMECTANT||||0.0|0.0|0.0|0.0|0.0|0||||
19648|FUMARIC ACID|1|33964|110-17-8|203-743-0|BUFFERING||||0.0|0.0|0.0|0.0|0.0|0||||
19657|FUSANUS SPICATUS (SANDALWOOD) WOOD OIL CERTIFIED ORGANIC|0|||||||||||||0||||
19794|GALACTOARABINAN|1|33968|9036-66-2|232-910-0|FILM FORMING|Galactoarabinan|||0.0|0.0|0.0|0.0|0.0|0||||
19942|GELIDIUM SESQUIPEDALE EXTRACT|1|83411|||SKIN PROTECTING|Gelidium Sesquipedale Extract is the extract of the Alga, Gelidium sesquipedale|||0.0|0.0|0.0|0.0|0.0|0||||
19997|GERANIOL|1|33991|106-24-1|203-377-1|TONIC;PERFUMING||III/78||0.0|1.0|0.0|0.0|0.0|1|EU_ANNEX_III|||
20044|GERANY ACETATE|0|||||||||||||0||||
20046|GERANYL ACETATE|1|33995|105-87-3|203-341-5|TONIC;PERFUMING||III/369||0.0|1.0|0.0|0.0|0.0|1|EU_ANNEX_III|||
20090|GERMANY MADE IN GERMANY PROCTER GAMBLE|0|||||||||||||0||||
20202|GINKGO BILOBA LEAF EXTRACT|1|56174|90045-36-6|289-896-4|SKIN CONDITIONING|Ginkgo Biloba Leaf Extract is an extract of the leaves of Ginkgo biloba, Ginkgoaceae|||0.0|0.0|0.0|0.0|0.0|0||||
20316|GLUCONOLACTONE|1|34009|90-80-2|202-016-5|CHELATING;SKIN CONDITIONING|D-Glucono-1,5-lactone|||0.0|0.0|0.0|0.0|0.0|0||||
20325|GLUCOSE|1|34012|50-99-7|200-075-1|HUMECTANT||||0.0|0.0|0.0|0.0|0.0|0||||
20349|GLUTAMIC ACID|1|34017|56-86-0|200-293-7|ANTISTATIC;HAIR CONDITIONING;HUMECTANT||||0.0|0.0|0.0|0.0|0.0|0||||
20354|GLUTATHIONE|1|34021|70-18-8|200-725-4|REDUCING||||0.0|0.0|0.0|0.0|0.0|0||||
20412|GLYCE RIN|0|||||||||||||0||||
20485|GLYCERIN|1|34040|56-81-5|200-289-5|DENATURANT;HAIR CONDITIONING;HUMECTANT;ORAL CARE;SKIN PROTECTING;SOLVENT;VISCOSITY CONTROLLING;PERFUMING;FRAGRANCE;SKIN CONDITIONING - HUMECTANT|Glycerin is the polyhydric alcohol that conforms generally to the formula|||0.0|0.0|0.0|0.0|0.0|0||0|0.0|Fulton JE Jr. Comedogenicity and irritancy of commonly used ingredients in skin care products. J Soc Cosmet Chem 1989;40:321-333, Table I, p.324; ISSN:0037-9832 (no DOI/PMID assigned; PDF from library.scconline.org/v040n06/13)
20634|GLYCERYL BEHENATE/EICOSADIOATE|1|56205|||SKIN CONDITIONING - EMOLLIENT;SURFACTANT - EMULSIFYING|1,2,3-Propanetriol esters with docosanoic acid and eicosanedioic acid|||0.0|0.0|0.0|0.0|0.0|0||||
20638|GLYCERYL CAPRYLATE|1|34049|26402-26-6|247-668-1|DEODORANT;SKIN CONDITIONING - EMOLLIENT;SURFACTANT - EMULSIFYING|Glyceryl Caprylate is the monoester of glycerin and caprylic acid. It conforms to the formula:|||0.0|0.0|0.0|0.0|0.0|0||||
20658|GLYCERYL GLUCOSIDE|1|86000|22160-26-5 / 100402-60-6|309-496-6|HUMECTANT;SKIN CONDITIONING|Glyceryl Glucoside is the product of the reaction of Glucose and Glycerin|||0.0|0.0|0.0|0.0|0.0|0||||
20665|GLYCERYL LAURATE|1|76230|27215-38-4 / 142-18-7|248-337-4 / 205-526-6|SKIN CONDITIONING - EMOLLIENT;SURFACTANT - EMULSIFYING|Lauric acid, monoester with glycerol / 2,3-dihydroxypropyl laurate|||0.0|0.0|0.0|0.0|0.0|0|||1.0|rule: C11-C24 fatty acid, one of its esters, or polysorbate 20/40/60/80 (src/enrichment/fungal_rule.py); basis: DOI:10.3389/fcimb.2020.00112; DOI:10.1093/femsyr/foaf043
20678|GLYCERYL OLE ATE|0|||||||||||||0||||
20680|GLYCERYL OLEATE|1|76237|25496-72-4 / 111-03-5|247-038-6|SKIN CONDITIONING - EMOLLIENT;SURFACTANT - EMULSIFYING;PERFUMING||||0.0|0.0|0.0|0.0|0.0|0|||1.0|rule: C11-C24 fatty acid, one of its esters, or polysorbate 20/40/60/80 (src/enrichment/fungal_rule.py); basis: DOI:10.3389/fcimb.2020.00112; DOI:10.1093/femsyr/foaf043
20717|GLYCERYL STEARATE|1|34103|31566-31-1|250-705-4/286-490-9|SKIN CONDITIONING - EMOLLIENT;SURFACTANT - EMULSIFYING|Stearic acid, monoester with glycerol|||0.0|0.0|0.0|0.0|0.0|0||1|1.0|"Fulton JE Jr. Comedogenicity and irritancy of commonly used ingredients in skin care products. J Soc Cosmet Chem 1989;40:321-333, Table I, p.324; ISSN:0037-9832 (no DOI/PMID assigned; PDF from library.scconline.org/v040n06/13) | rule: C11-C24 fatty acid, one of its esters, or polysorbate 20/40/60/80 (src/enrichment/fungal_rule.py); basis: DOI:10.3389/fcimb.2020.00112; DOI:10.1093/femsyr/foaf043"
20726|GLYCERYL STEARATE CITRATE|1|76253|55840-13-6 / 86418-55-5|259-855-5|SKIN CONDITIONING - EMOLLIENT;SURFACTANT - EMULSIFYING;SKIN CONDITIONING||||0.0|0.0|0.0|0.0|0.0|0||||
20737|GLYCERYL STEARATE SE|1|76256|11099-07-3|234-325-6|SURFACTANT - EMULSIFYING||||0.0|0.0|0.0|0.0|0.0|0||3|0.0|Fulton JE Jr. Comedogenicity and irritancy of commonly used ingredients in skin care products. J Soc Cosmet Chem 1989;40:321-333, Table I, p.324; ISSN:0037-9832 (no DOI/PMID assigned; PDF from library.scconline.org/v040n06/13)
20764|GLYCERYL UNDECYLENATE|1|56331|||SKIN CONDITIONING - EMOLLIENT;SURFACTANT - EMULSIFYING;SKIN CONDITIONING|Undecylenic Acid, Monoester with 1,2,3,-Propanetriol|||0.0|0.0|0.0|0.0|0.0|0|||1.0|rule: C11-C24 fatty acid, one of its esters, or polysorbate 20/40/60/80 (src/enrichment/fungal_rule.py); basis: DOI:10.3389/fcimb.2020.00112; DOI:10.1093/femsyr/foaf043
20773|GLYCERYLOLEATE|0|||||||||||||0||||
20782|GLYCIDYL NEODECANOATE/PHTHALIC ANHYDRIDE/TMP CROSSPOLYMER|1|89034|||BINDING|Glycidyl Neodecanoate/Phthalic Anhydride/TMP Crosspolymer is a copolymer of the glycidyl neodecanoate, Trimethylolpropane and phthalic anhydride monomers.|||0.0|0.0|0.0|0.0|0.0|0||||
20787|GLYCINE|1|34117|56-40-6|200-272-2|ANTISTATIC;BUFFERING;HAIR CONDITIONING;SKIN CONDITIONING||||0.0|0.0|0.0|0.0|0.0|0||||
20814|GLYCINE SOJA OIL|1|34121|8001-22-7|232-274-4|SKIN CONDITIONING - EMOLLIENT;SKIN CONDITIONING;PERFUMING|Glycine Soja Oil is the oil obtained from the soybean, Glycine soja, Leguminosae, by extraction or expression. It consists esentially of triglycerides of oleic, linoleic and saturated acids|||0.0|0.0|0.0|0.0|0.0|0||||
20815|GLYCINE SOJA OIL / SOYBEAN OIL|0|||||||||||||0||||
20829|GLYCINE SOJA OIL/SOYBEAN OIL|0|||||||||||||0||||
20864|GLYCOL|1|34128|107-21-1|203-473-3|HUMECTANT;SOLVENT;VISCOSITY CONTROLLING||||0.0|0.0|0.0|0.0|0.0|0||||
20866|GLYCOL DILAURATE|1|34132|624-04-4|210-827-0|SKIN CONDITIONING - EMOLLIENT;SKIN CONDITIONING;VISCOSITY CONTROLLING||||0.0|0.0|0.0|0.0|0.0|0|||1.0|rule: C11-C24 fatty acid, one of its esters, or polysorbate 20/40/60/80 (src/enrichment/fungal_rule.py); basis: DOI:10.3389/fcimb.2020.00112; DOI:10.1093/femsyr/foaf043
20872|GLYCOL DISTEARATE|1|34134|627-83-8|211-014-3|SKIN CONDITIONING - EMOLLIENT;SURFACTANT - EMULSIFYING;OPACIFYING;SKIN CONDITIONING;VISCOSITY CONTROLLING||||0.0|0.0|0.0|0.0|0.0|0|||1.0|rule: C11-C24 fatty acid, one of its esters, or polysorbate 20/40/60/80 (src/enrichment/fungal_rule.py); basis: DOI:10.3389/fcimb.2020.00112; DOI:10.1093/femsyr/foaf043
20894|GLYCOL STEARATE|1|34143|111-60-4|203-886-9|SKIN CONDITIONING - EMOLLIENT;SURFACTANT - EMULSIFYING;OPACIFYING;SURFACTANT - CLEANSING||||0.0|0.0|0.0|0.0|0.0|0||0|1.0|"Fulton JE Jr. Comedogenicity and irritancy of commonly used ingredients in skin care products. J Soc Cosmet Chem 1989;40:321-333, Table I, p.324; ISSN:0037-9832 (no DOI/PMID assigned; PDF from library.scconline.org/v040n06/13) | rule: C11-C24 fatty acid, one of its esters, or polysorbate 20/40/60/80 (src/enrichment/fungal_rule.py); basis: DOI:10.3389/fcimb.2020.00112; DOI:10.1093/femsyr/foaf043"
21024|GOSSYPIUM HERBACEUM SEED EXTRACT|1|34163|223749-08-4||SKIN CONDITIONING|Gossypium Herbaceum Seed Extract is an extract of the Cotton Seed, Gossypium herbaceum L., Malvaceae|||0.0|0.0|0.0|0.0|0.0|0||||
21108|GREEN 5 (CI 61570)|0|||||||||||||0||||
21203|GUAR HYDROXYPROPYLTRIMONIUM CHILORIDE|0|||||||||||||0||||
21210|GUAR HYDROXYPROPYLTRIMONIUM CHLORIDE|1|34177|65497-29-2||ANTISTATIC;FILM FORMING;SKIN CONDITIONING;VISCOSITY CONTROLLING|Guar gum, 2-hydroxy-3-(trimethylammonio)propyl ether, chloride|||0.0|0.0|0.0|0.0|0.0|0||||
21392|HAMAMELIS VIRGINIANA LEAF EXTRACT|1|56500|84696-19-5|283-637-9|SKIN CONDITIONING|Hamamelis Virginiana Leaf Extract is the extract of the leaves of the Witch hazel, Hamamelis virginiana L., Hamamelidaceae|||0.0|0.0|0.0|0.0|0.0|0||||
21473|HC BLUE NO. 12|1|34189|132885-85-9 / 104516-93-0|407-020-2|HAIR DYEING||III/225||0.0|1.0|0.0|0.0|0.0|0||||
21476|HC BLUE NO. 16|1|83772|502453-61-4||HAIR DYEING||||0.0|0.0|0.0|0.0|0.0|0||||
21485|HC YELLOW NO. 2|1|34218|4926-55-0|225-555-8|HAIR DYEING|HC Yellow No. 2 is the hair color that conforms to the formula|Annex III/255||0.0|0.0|0.0|0.0|0.0|0||||
21625|HELIANTHUS ANNUUS (SUNFLOWER) SEED OIL INGREDIENTS FROM CERTIFIED ORGANIC AGRICULTURE / INGR DIENTS ISSUS DE L'AGRICULTURE BIOLOGIQUE CERTIFI E|0|||||||||||||0||||
21656|HELIANTHUS ANNUUS SEED CERA|1|56522|68937-99-5|273-107-5|SKIN CONDITIONING - EMOLLIENT|Helianthus Annus Seed Cera is the wax obtained from the seed of the Sunflower, Helianthus annuus L., Compositae|||0.0|0.0|0.0|0.0|0.0|0||||
21667|HELIANTHUS ANNUUS SEED OIL|1|34238|84776-03-4 (generic)/ 8001-21-6/ 164250-88-8 (generic)|-/ 232-273-9/ -|SKIN CONDITIONING - EMOLLIENT;SOLVENT;SKIN CONDITIONING - MISCELLANEOUS;SKIN CONDITIONING - OCCLUSIVE|Helianthus Annuus Seed Oil is the fixed oil expressed from the seeds of the sunflower, Helianthus annuus.|||0.0|0.0|0.0|0.0|0.0|0||||
21728|HELIANTHUSANNUUS SEED OIL|0|||||||||||||0||||
21737|HELIANTUS ANNUUS (SUNFLOWER) SEED OIL|0|||||||||||||0||||
21864|HEXAMETHYLINDANOPYRAN|1|56371|1222-05-5|214-946-9|FRAGRANCE;PERFUMING|Hexamethylindanopyran is the organic compound that conforms to the formula|III/336||0.0|1.0|0.0|0.0|0.0|1|EU_ANNEX_III|||
21868|HEXANAL|1|76399|66-25-1|200-624-5|FRAGRANCE||||0.0|0.0|0.0|0.0|0.0|0||||
21897|HEXYL ALCOHOL|1|34267|111-27-3|203-852-3|ANTIFOAMING;SURFACTANT - HYDROTROPE;SOLVENT;SURFACTANT - CLEANSING;PERFUMING||||0.0|0.0|0.0|0.0|0.0|0||||
21906|HEXYL CINAMAL|0|||||||||||||0||||
21919|HEXYL CINNAMAL|1|40233|101-86-0|202-983-3/639-566-4|PERFUMING||III/87||0.0|1.0|0.0|0.0|0.0|1|EU_ANNEX_III|||
21964|HEXYL SALICYLATE|1|76454|6259-76-3|228-408-6|FRAGRANCE;PERFUMING|Hexyl Salicylate is the organic compound that conforms to the formula:|||0.0|1.0|0.0|0.0|0.0|0||||
21971|HEXYLDECANOL|1|34273|2425-77-6|219-370-1|SKIN CONDITIONING - EMOLLIENT;SKIN CONDITIONING||||0.0|0.0|0.0|0.0|0.0|0||||
21974|HEXYLDECYL LAURATE|1|56437|||SKIN CONDITIONING - EMOLLIENT;SKIN CONDITIONING||||0.0|0.0|0.0|0.0|0.0|0|||1.0|rule: C11-C24 fatty acid, one of its esters, or polysorbate 20/40/60/80 (src/enrichment/fungal_rule.py); basis: DOI:10.3389/fcimb.2020.00112; DOI:10.1093/femsyr/foaf043
21978|HEXYLENE GLYCOL|1|34283|107-41-5|203-489-0|SURFACTANT - EMULSIFYING;SKIN CONDITIONING;SOLVENT;SURFACTANT - CLEANSING;PERFUMING||||0.0|0.0|0.0|0.0|0.0|0||||
22015|HIBISCUS SABDARIFFA FLOWER EXTRACT|1|56451|84775-96-2|283-920-7|SKIN CONDITIONING|Hibiscus Sabdariffa Flower Extract is an extract of the flowers of the Red Sorrel, Hibiscus sabdariffa L., Malvaceae|||0.0|0.0|0.0|0.0|0.0|0||||
22093|HIPPOPHAE RHAMNOIDES FRUIT OIL|1|82975|225234-03-7||SKIN PROTECTING|Hippophae Rhamnoides Fruit Oil is the oil expressed from the fruit of the Sea Buckthorn, Hippophae rhamnoides L., Elaeagnaceae|||0.0|0.0|0.0|0.0|0.0|0||||
22104|HISTIDINE|1|34297|71-00-1|200-745-3|ANTISTATIC;HUMECTANT;SKIN CONDITIONING||||0.0|0.0|0.0|0.0|0.0|0||||
22127|HOMOSALATE|1|34299|118-56-9|204-260-8|FRAGRANCE;UV ABSORBER;UV FILTER|Homosalate is the substituted phenolic compound that conforms to the formula:|VI/3||0.0|0.0|0.0|0.0|1.0|0||||
22141|HONEY|1|92416|8028-66-8||HUMECTANT;SKIN CONDITIONING;FLAVOURING|Honey is a saccharic secretion gathered and stored by honey bees, Apis mellifera.|||0.0|0.0|0.0|0.0|0.0|0||||
22398|HYALURONIC ACID|1|34315|9004-61-9|232-678-0|ANTISTATIC;HUMECTANT;MOISTURISING;SKIN CONDITIONING||||0.0|0.0|0.0|0.0|0.0|0||||
22443|HYDRATED SILICA|1|76428|10279-57-9 / 1343-98-2 / 7631-86-9 / 112926-00-8 / 63231-67-4|215-683-2 / 231-545-4|ABRASIVE;ABSORBENT;ANTICAKING;BULKING;OPACIFYING;VISCOSITY CONTROLLING|Silicic acid; synthetic amorphous silicon dioxide|||0.0|0.0|0.0|0.0|0.0|0||||
22451|HYDRATED SILICD|0|||||||||||||0||||
22485|HYDROCHLORIC ACID|1|34321|7647-01-0|231-595-7|BUFFERING||||0.0|0.0|0.0|0.0|0.0|0||||
22505|HYDROGEN PEROXIDE|1|34325|7722-84-1|231-765-0|ANTIMICROBIAL;ORAL CARE;OXIDISING|Hydrogen Peroxide is the inorganic oxide that conforms to the formula|III/12||0.0|1.0|0.0|0.0|0.0|0||||
22536|HYDROGENATED CASTOR OIL|1|34330|8001-78-3|232-292-2|SKIN CONDITIONING - EMOLLIENT;SURFACTANT - EMULSIFYING;SKIN CONDITIONING;SURFACTANT - CLEANSING;VISCOSITY CONTROLLING|Castor oil, hydrogenated|||0.0|0.0|0.0|0.0|0.0|0||1|0.0|Fulton JE Jr. Comedogenicity and irritancy of commonly used ingredients in skin care products. J Soc Cosmet Chem 1989;40:321-333, Table I, p.325; ISSN:0037-9832 (no DOI/PMID assigned; PDF from library.scconline.org/v040n06/13)
22550|HYDROGENATED COCO-GLYCERIDES|1|34338|91744-42-2|294-604-3|SKIN CONDITIONING - EMOLLIENT;SKIN CONDITIONING|Glycerides, coco mono-, di- and tri-, hydrogenated|||0.0|0.0|0.0|0.0|0.0|0||||
22571|HYDROGENATED LECITHIN|1|34357|92128-87-5|295-786-7|SURFACTANT - EMULSIFYING;SKIN CONDITIONING|Lecithins, hydrogenated|||0.0|0.0|0.0|0.0|0.0|0||||
22598|HYDROGENATED PALM GLYCERIDES|1|34370|91744-66-0|294-631-0|SKIN CONDITIONING - EMOLLIENT;SURFACTANT - EMULSIFYING;SKIN CONDITIONING;VISCOSITY CONTROLLING|Glycerides, palm-oil mono-, di- and tri-, hydrogenated|||0.0|0.0|0.0|0.0|0.0|0||||
22602|HYDROGENATED PALM GLYCERIDES CITRATE|1|34371|91744-68-2|294-633-1|SKIN CONDITIONING - EMOLLIENT;SKIN CONDITIONING|Glycerides, palm-oil mono-, di-, and tri- hydrogenated, citrates|||0.0|0.0|0.0|0.0|0.0|0||||
22623|HYDROGENATED POLY(C6-14 OLEFIN)|1|84382|||SKIN CONDITIONING - EMOLLIENT;SKIN CONDITIONING;VISCOSITY CONTROLLING|C6-14-alkenes, homopolymers, hydrogenated|||0.0|0.0|0.0|0.0|0.0|0||||
22626|HYDROGENATED POLYDECENE|1|76642|68037-01-4|500-183-1|SKIN CONDITIONING - EMOLLIENT;HAIR CONDITIONING;FRAGRANCE;SKIN CONDITIONING;SOLVENT;PERFUMING|1-Decene, homopolymer, hydrogenated|||0.0|0.0|0.0|0.0|0.0|0||||
22632|HYDROGENATED POLYISOBUTENE|1|76643|40921-86-6 / 61693-08-1||SKIN CONDITIONING - EMOLLIENT;SKIN CONDITIONING;VISCOSITY CONTROLLING|Propene, 2-methyl-, homopolymer|||0.0|0.0|0.0|0.0|0.0|0||1|0.0|Fulton JE Jr. Comedogenicity and irritancy of commonly used ingredients in skin care products. J Soc Cosmet Chem 1989;40:321-333, Table I, p.325; ISSN:0037-9832 (no DOI/PMID assigned; PDF from library.scconline.org/v040n06/13)
22645|HYDROGENATED SOYBEAN OIL|1|34387|8016-70-4|232-410-2|SKIN CONDITIONING - EMOLLIENT;HUMECTANT;SKIN CONDITIONING;VISCOSITY CONTROLLING|Soybean oil, hydrogenated|||0.0|0.0|0.0|0.0|0.0|0||||
22652|HYDROGENATED STARCH HYDROLYSATE|1|76651|68425-17-2|270-337-8|HUMECTANT|Maize starch, hydrolyzed, hydrogenated|||0.0|0.0|0.0|0.0|0.0|0||||
22678|HYDROGENATED VEGETABLE OIL|1|34414|68334-28-1|269-820-6|SKIN CONDITIONING - EMOLLIENT;SKIN CONDITIONING|Oils, vegetable, hydrogenated|||0.0|0.0|0.0|0.0|0.0|0||3|0.0|Fulton JE Jr. Comedogenicity and irritancy of commonly used ingredients in skin care products. J Soc Cosmet Chem 1989;40:321-333, Table I, p.325; ISSN:0037-9832 (no DOI/PMID assigned; PDF from library.scconline.org/v040n06/13)
22755|HYDROLYZED CERATONIA SILIQUA SEED EXTRACT|1|84796|84961-45-5|284-634-5|SKIN CONDITIONING||||0.0|0.0|0.0|0.0|0.0|0||||
22759|HYDROLYZED CITRUS AURANTIUM DULCIS FRUIT EXTRACT|1|56548|8028-48-6 / 84012-28-2|232-433-8|SKIN PROTECTING|Hydrolyzed Citrus Aurantium Dulcis Fruit Extract is the hydrolysate of Citrus Aurantium Dulcis Fruit Extract derived by acid, enzyme or other method of hydrolysis|||0.0|0.0|0.0|0.0|0.0|0||||
22761|HYDROLYZED COLLAGEN|1|76560|92113-31-0 / 73049-73-7|295-635-5|ANTISTATIC;SKIN CONDITIONING - EMOLLIENT;FILM FORMING;HAIR CONDITIONING;HUMECTANT;SKIN CONDITIONING|Collagens, hydrolyzates. Substance obtained by acidic, alkaline, or enzymatic hydrolysis of hoofs and horns composed primarily of amino acids, peptides, and proteins. It may contain impurities consisting chiefly of carbohydrates and lipids along with smaller quantities of miscellaneous organic substances of biological origin.|||0.0|0.0|0.0|0.0|0.0|0||||
22764|HYDROLYZED CONCHIOLIN PROTEIN|1|56554|169590-57-2||HAIR CONDITIONING;SKIN CONDITIONING|Protein hydrolyzates, Conchiolin|||0.0|0.0|0.0|0.0|0.0|0||||
22766|HYDROLYZED CORN PROTEIN|1|76561|100209-41-4|309-349-6|ANTISTATIC;HAIR CONDITIONING;SKIN CONDITIONING|Protein hydrolyzates, corn. Substance obtained by acidic, alkaline, or enzymatic hydrolysis of Zea mays composed primarily of amino acids, peptides, and proteins. It may contain impurities consisting chiefly of carbohydrates and lipids along with smaller quantities of miscellaneous organic substances of biological origin.|||0.0|0.0|0.0|0.0|0.0|0||||
22769|HYDROLYZED CORN STARCH OCTENYLSUCCINATE|1|56605|||ABSORBENT;BINDING;FILM FORMING|Hydrolyzed Corn Starch Octenylsuccinate is the reaction product of octenylsuccinic anhydride with Hydrolyzed Corn Starch|||0.0|0.0|0.0|0.0|0.0|0||||
22775|HYDROLYZED ELASTIN|1|76590|100085-10-7; 73049-73-7 ; 91080-18-1|309-148-3 (I); - ; 293-509-4|SKIN CONDITIONING - EMOLLIENT;HAIR CONDITIONING;SKIN CONDITIONING|Hydrolyzed Elastin is the hydrolysate of elastin derived by acid, enzyme or other method of hydrolysis|||0.0|0.0|0.0|0.0|0.0|0||||
22792|HYDROLYZED HYALURONIC ACID|1|82209|||HAIR CONDITIONING;HUMECTANT;SKIN CONDITIONING|Hydrolyzed Hyaluronic Acid is the hydrolysate of Hyaluronic Acid derived by acid, enzyme or other method of hydrolysis|||0.0|0.0|0.0|0.0|0.0|0||||
22799|HYDROLYZED KERATIN|1|34437|69430-36-0|274-001-1|ANTISTATIC;FILM FORMING;HAIR CONDITIONING;HUMECTANT;SKIN CONDITIONING|Keratins, hydrolyzates. A biological material consisting predominantly of partially hydrolyzed keratin|||0.0|0.0|0.0|0.0|0.0|0||||
22834|HYDROLYZED RICE PROTEIN|1|76578|156715-40-1||ANTISTATIC;HAIR CONDITIONING;SKIN CONDITIONING|Protein hydrolyzates, rice. Substance obtained by acidic, alkaline, or enzymatic hydrolysis of rice composed primarily of amino acids, peptides, and proteins|||0.0|0.0|0.0|0.0|0.0|0||||
22842|HYDROLYZED SILK|1|34459|96690-41-4|306-235-8|ANTISTATIC;HAIR CONDITIONING;HUMECTANT;SKIN CONDITIONING|Protein hydrolyzates, silk|||0.0|0.0|0.0|0.0|0.0|0||||
22847|HYDROLYZED SODIUM HYALURONATE|1|87175|||SKIN CONDITIONING|Hydrolyzed Sodium Hyaluronate is the hydrolysate of Sodium Hyaluronate derived by acid, enzyme or other method of hydrolysis|||0.0|0.0|0.0|0.0|0.0|0||||
22852|HYDROLYZED SOY PROTEIN|1|76584|68607-88-5|271-770-5|ANTISTATIC;HAIR CONDITIONING;HUMECTANT;SKIN CONDITIONING|Protein hydrolyzates, soya. Substance obtained by acidic, alkaline, or enzymatic hydrolysis of soya composed primarily of amino acids, peptides, and proteins. It may contain impurities consisting chiefly of carbohydrates and lipids along with smaller quantities of miscellaneous organic substances of biological origin|||0.0|0.0|0.0|0.0|0.0|0||||
22881|HYDROLYZED WHEAT PROTEIN|1|76681|94350-06-8 / 222400-28-4 / 70084-87-6 / 100209- 50-5|305-225-0 / 309-358-5|ANTISTATIC;HAIR CONDITIONING;SKIN CONDITIONING|Protein hydrolyzates, wheat germ. Substance obtained by acidic, alkaline, or enzymatic hydrolysis of wheat germ composed primarily of amino acids, peptides, and proteins. It may contain impurities consisting chiefly of carbohydrates and lipids along with smaller quantities of miscellaneous organic substances of biological origin|III/307||0.0|1.0|0.0|0.0|0.0|0||||
22935|HYDROXY THYLCELLU - LOSE|0|||||||||||||0||||
22942|HYDROXYACETOPHENONE|1|90948|99-93-4|202-802-8|ANTIOXIDANT|Hydroxyacetophenone is the organic compound|||0.0|0.0|0.0|0.0|0.0|0||||
22977|HYDROXYCITRONELLAL|1|34491|107-75-5|203-518-7|PERFUMING||III/72||0.0|1.0|0.0|0.0|0.0|1|EU_ANNEX_III|||
23019|HYDROXYETHYL ACRYLATE/SODIUM ACRYLOYLDIMETHYL TAURATE COPOLYMER|1|56798|111286-86-3||EMULSION STABILISING;VISCOSITY CONTROLLING|Hydroxyethyl Acrylate/Sodium Acryloyldimethyl Taurate Copolymer is a copolymer of sodium hydroxyethyl acrylate and acryloyldimethyl taurate monomers|||0.0|0.0|0.0|0.0|0.0|0||||
23047|HYDROXYETHYLCELLULOSE|1|76845|9004-62-0||BINDING;EMULSION STABILISING;FILM FORMING;LIGHT STABILIZER;VISCOSITY CONTROLLING|Cellulose, 2-hydroxyethyl ether|||0.0|0.0|0.0|0.0|0.0|0||||
23072|HYDROXYISOHEXYL 3-CYCLOHEXENE CARBOXALDEHYDE|1|41531|31906-04-4 / 51414-25-6|250-863-4 / 257-187-9|FRAGRANCE;PERFUMING||"II/1380

From 23 August 2019 cosmetic products containing that substance shall not be placed on the Union market. From 23 August 2021 cosmetic products containing that substance shall not be made available on the Union market.’;"||1.0|0.0|0.0|0.0|0.0|0||||
23109|HYDROXYPROPYL GUAR|1|76868|68442-94-4 / 39421-75-5|270-497-9|ANTISTATIC;BINDING;EMULSION STABILISING;FILM FORMING;SURFACTANT - CLEANSING;VISCOSITY CONTROLLING|Guar gum, 2-hydroxypropyl ether, depolymd.|||0.0|0.0|0.0|0.0|0.0|0||||
23114|HYDROXYPROPYL GUAR HYDROXYPROPYLTRIMONIUM CHLORIDE|1|76869|71329-50-5||ANTISTATIC;HAIR CONDITIONING|Guar gum, 2-hydroxypropyl 2-hydroxy-3-(trimethylammonio)propyl ether, chloride|||0.0|0.0|0.0|0.0|0.0|0||||
23126|HYDROXYPROPYL METHYLCELLULOSE STEAROXY ETHER|1|56831|||VISCOSITY CONTROLLING|Hydroxypropyl Methylcellulose Stearoxy Ether is the reaction product of stearyl glycidyl ether and Hydroxypropyl Methylcellulose|||0.0|0.0|0.0|0.0|0.0|0||||
23132|HYDROXYPROPYL STARCH PHOSPHATE|1|76871|53124-00-8 / 39346-84-4 / 113894-92-1||BULKING;VISCOSITY CONTROLLING|Starch, hydrogen phosphate, 2-hydroxypropyl ether|||0.0|0.0|0.0|0.0|0.0|0||||
23137|HYDROXYPROPYLAMMONIUM GLUCONATE|1|95589|||HAIR CONDITIONING;HUMECTANT|Hydroxypropylammonium Gluconate is the salt of Gluconic Acid and 3-aminopropanol.|||0.0|0.0|0.0|0.0|0.0|0||||
23142|HYDROXYPROPYLGLUCONAMIDE|1|95588|190445-18-2||HAIR CONDITIONING;HUMECTANT|Hydroxypropylgluconamide is the product obtained by the reaction of Gluconolactone with 3-aminopropanol.|||0.0|0.0|0.0|0.0|0.0|0||||
23157|HYDROXYPROPYLTRIMONIUM HYALURONATE|1|56838|||FILM FORMING|Hyaluronic acid, 2-hydroxy-3-(N,N,N-trimethylammonio)propyl chloride derivatives|||0.0|0.0|0.0|0.0|0.0|0||||
23182|HYDROXYSTEARIC ACID|1|34555|106-14-9|203-366-1|CLEANSING;SURFACTANT - EMULSIFYING;SURFACTANT - CLEANSING||||0.0|0.0|0.0|0.0|0.0|0||||
23199|HYLOCEREUS UNDATUS FRUIT EXTRACT|1|82481|||SKIN CONDITIONING;SKIN PROTECTING|Hylocereus Undatus Fruit Extract is the extract of the fruit of Hylocereus undatus, Cactaceae|||0.0|0.0|0.0|0.0|0.0|0||||
23467|IMPERATA CYLINDRICA ROOT EXTRACT|1|56709|||SKIN CONDITIONING|Imperata Cylindrica Root Extract is an extract of the roots of the Imperata, Imperata cylindrica (L.), Poacea|||0.0|0.0|0.0|0.0|0.0|0||||
23523|INACTIVE INGREDIENTS|0|||||||||||||0||||
23731|INGR DIENTS ISSUS DE L'AGRICULTURE BIOLOGIQUE|0|||||||||||||0||||
23806|INGR DIENTS, ISSUS DE L'AGRICULTURE BIOLOGIQUE, TRANSFORM S PARTIR D'INGR DIENTS, BIOLOGIQUES|0|||||||||||||0||||
23950|INOSITOL|1|34573|87-89-8|201-781-2|ANTISTATIC;HAIR CONDITIONING;HUMECTANT||||0.0|0.0|0.0|0.0|0.0|0||||
23986|INULIN|1|56723|9005-80-5|232-684-3|SKIN CONDITIONING|Fructosane|||0.0|0.0|0.0|0.0|0.0|0||||
24010|IODOPROPYNYL BUTYLCARBAMATE|1|34582|55406-53-6|259-627-5|PRESERVATIVE|Iodopropynyl Butylcarbamate is the organic compound that conforms to the formula:|V/56||0.0|0.0|0.0|1.0|0.0|0||||
24066|IRON OXIDES (CI 77491)|0|||||||||||||0||||
24086|IRON OXIDES (CI 77491/77499)|0|||||||||||||0||||
24087|IRON OXIDES (CI 77492)|0|||||||||||||0||||
24092|IRON OXIDES (CI 77499)|0|||||||||||||0||||
24144|ISOAMYL P-METHOXYCINNAMATE|1|34598|71617-10-2|275-702-5|LIGHT STABILIZER;UV ABSORBER;UV FILTER|Isoamyl p-Methoxycinnamate is the ester of isoamyl alcohol and p-methoxycinnamic acid. It conforms generally to the formula:|VI/14||0.0|0.0|0.0|0.0|1.0|0||||
24149|ISOBUTANE|1|76816|75-28-5|200-857-2|PROPELLANT|Isobutane, less than 0.1% w/w butadiene|||0.0|0.0|0.0|0.0|0.0|0||||
24165|ISOCETETH-20|1|76731|||SURFACTANT - EMULSIFYING;SURFACTANT - CLEANSING|Alcohols, C16-branched, ethoxylated (20 mol EO average molar ratio)|||0.0|0.0|0.0|0.0|0.0|0||||
24176|ISODECYL NEOPENTANOATE|1|34642|60209-82-7|262-108-6|SKIN CONDITIONING - EMOLLIENT;SKIN CONDITIONING||||0.0|0.0|0.0|0.0|0.0|0||||
24193|ISOEUGENOL|1|34653|97-54-1|202-590-7|PERFUMING;FLAVOURING||III/73||0.0|1.0|0.0|0.0|0.0|1|EU_ANNEX_III|||
24202|ISOHEXADECANE|1|34654|4390-04-9, 60908-77-2, 93685-80-4|224-506-8, -, 297-628-2|SKIN CONDITIONING - EMOLLIENT;SOLVENT|Isohexadecane is a branched chain aliphatic hydrocarbon with 16 carbons.|||0.0|0.0|0.0|0.0|0.0|0||||
24222|ISONONYL ISONONANOATE|1|76782|59219-71-5 / 42131-25-9|261-665-2|ANTISTATIC;SKIN CONDITIONING - EMOLLIENT;SKIN CONDITIONING||||0.0|0.0|0.0|0.0|0.0|0||||
24229|ISOPENTANE|1|34672|78-78-4|201-142-8|PROPELLANT;SOLVENT;VISCOSITY CONTROLLING||||0.0|0.0|0.0|0.0|0.0|0||||
24230|ISOPENTYLDIOL|1|76787|50468-22-9 / 2568-33-4|256-597-5 / 459-270-7|SOLVENT||||0.0|0.0|0.0|0.0|0.0|0||||
24261|ISOPROPYL ALCOHOL|1|34680|67-63-0|200-661-7|ANTIFOAMING;SOLVENT;VISCOSITY CONTROLLING;PERFUMING||||0.0|0.0|0.0|0.0|0.0|0||0|0.0|Fulton JE Jr. Comedogenicity and irritancy of commonly used ingredients in skin care products. J Soc Cosmet Chem 1989;40:321-333, Table I, p.324; ISSN:0037-9832 (no DOI/PMID assigned; PDF from library.scconline.org/v040n06/13)
24274|ISOPROPYL LAUROYL SARCOSINATE|1|57579|230309-38-3||SKIN CONDITIONING||||0.0|0.0|0.0|0.0|0.0|0||||
24285|ISOPROPYL MYRISTATE|1|34699|110-27-0|203-751-4|BINDING;SKIN CONDITIONING - EMOLLIENT;FRAGRANCE;PERFUMING||||0.0|0.0|0.0|0.0|0.0|0||5|1.0|"Fulton JE Jr. Comedogenicity and irritancy of commonly used ingredients in skin care products. J Soc Cosmet Chem 1989;40:321-333, Table I, p.324; ISSN:0037-9832 (no DOI/PMID assigned; PDF from library.scconline.org/v040n06/13) | rule: C11-C24 fatty acid, one of its esters, or polysorbate 20/40/60/80 (src/enrichment/fungal_rule.py); basis: DOI:10.3389/fcimb.2020.00112; DOI:10.1093/femsyr/foaf043"
24298|ISOPROPYL PALMITATE|1|77732|142-91-6|205-571-1|BINDING;SKIN CONDITIONING - EMOLLIENT;FRAGRANCE;PERFUMING||||0.0|0.0|0.0|0.0|0.0|0||4|1.0|"Fulton JE Jr. Comedogenicity and irritancy of commonly used ingredients in skin care products. J Soc Cosmet Chem 1989;40:321-333, Table I, p.324; ISSN:0037-9832 (no DOI/PMID assigned; PDF from library.scconline.org/v040n06/13) | rule: C11-C24 fatty acid, one of its esters, or polysorbate 20/40/60/80 (src/enrichment/fungal_rule.py); basis: DOI:10.3389/fcimb.2020.00112; DOI:10.1093/femsyr/foaf043"
24332|ISOSORBIDE DICAPRYLATE/CAPRATE|1|90052|1215036-04-6||PLASTICISER|Isosorbide Dicaprylate/Caprate is the diester of isosorbide and a mixture of caprylic and capric acids.|||0.0|0.0|0.0|0.0|0.0|0||||
24502|JASMINUM OFFICINALE OIL|1|34776|8022-96-6 / 90045-94-6|289-960-1|FRAGRANCE;MOISTURISING;SKIN CONDITIONING;SOOTHING;PERFUMING|Jasminum Officinale Oil is the volatile oil obtained from the flowers of the Jasmine, Jasminium officinale L., Oleaceae|III/357||0.0|1.0|0.0|0.0|0.0|1|EU_ANNEX_III|||
24562|JOJOBA ESTERS|1|34778|||SKIN CONDITIONING - EMOLLIENT;MOISTURISING;SKIN CONDITIONING;SOOTHING|Jojoba Esters is a complex mixture of esters produced by the transesterification/interesterification of Simmondsia Chinensis (Jojoba) Oil (q.v.), Hydrogenated Jojoba Oil (q.v.), or a mixture of the two|||0.0|0.0|0.0|0.0|0.0|0||||
24620|JUNIPERUS VIRGINIANA OIL|1|358|8000-27-9 / 85085-41-2|-/ 285-370-3|||||0.0|1.0|0.0|0.0|0.0|1|EU_ANNEX_III|||
24704|KAOLIN|1|34795|1332-58-7|310-194-1|ABRASIVE;ABSORBENT;ANTICAKING;BULKING;COLORANT;OPACIFYING|Naturally occurring substances, kaolin (CI 77004)|IV/119||0.0|0.0|1.0|0.0|0.0|0||0|0.0|Fulton JE Jr. Comedogenicity and irritancy of commonly used ingredients in skin care products. J Soc Cosmet Chem 1989;40:321-333, Table I, p.325; ISSN:0037-9832 (no DOI/PMID assigned; PDF from library.scconline.org/v040n06/13)
24841|KOJIC ACID DIPALMITATE|0|||||||||||||0||||
25108|LACTIC ACID|1|34809|50-21-5|200-018-0|BUFFERING;HUMECTANT;SKIN CONDITIONING||||0.0|0.0|0.0|0.0|0.0|0||||
25115|LACTIC ADID|0|||||||||||||0||||
25171|LACTOGLOBULIN|1|34830|9045-23-2|232-928-9|ANTISTATIC;HAIR CONDITIONING;SKIN CONDITIONING|Lactoglobulins, .beta.-|||0.0|0.0|0.0|0.0|0.0|0||||
25173|LACTOSE|1|34832|63-42-3|200-559-2|HUMECTANT;SKIN CONDITIONING||||0.0|0.0|0.0|0.0|0.0|0||||
25239|LANOLIN|1|34857|8006-54-0|232-348-6|ANTISTATIC;SKIN CONDITIONING - EMOLLIENT;SURFACTANT - EMULSIFYING;HAIR CONDITIONING;SKIN CONDITIONING;SURFACTANT - CLEANSING|Lanolin is a refined derivative of the unctuous fat-like sebaceous secretion of sheep. It consists of a highly complex mixture of esters of high molecular weight aliphatic, steroid or triterpenoid alcohols and fatty acids|||0.0|0.0|0.0|0.0|0.0|0||||
25240|LANOLIN ALCOHOL|1|78357|8027-33-6|232-430-1|ANTISTATIC;BINDING;SKIN CONDITIONING - EMOLLIENT;SURFACTANT - EMULSIFYING;HAIR CONDITIONING;VISCOSITY CONTROLLING|Alcohols, lanolin. A complex combination of organic alcohols obtained by the hydrolysis of lanolin|||0.0|0.0|0.0|0.0|0.0|0||||
25321|LAURDIMONIUM HYDROXYPROPYL HYDROLYZED WHEAT PROTEIN|1|78484|130381-06-5||ANTISTATIC;HAIR CONDITIONING|Dodecanaminium, N,N-dimethyl-N-(3-(wheat-protein-hydrolysate)propyl)-, chloride|||0.0|0.0|0.0|0.0|0.0|0||||
25345|LAURETH-10|1|76929|9002-92-0 / 6540-99-4 / 68002-97-1|500-002-6 / 500-182-6|SURFACTANT - EMULSIFYING;SURFACTANT - CLEANSING|"Poly(oxy-1,2-ethanediyl), .alpha.-dodecyl-.omega.-hydroxy-;
Dodecan-1-ol, ethoxylated"|||0.0|0.0|0.0|0.0|0.0|0||||
25348|LAURETH-2|1|76942|3055-93-4 / 9002-92-0 / 68439-50-9|221-279-7 / 500-002-6 / 500-213-3|CLEANSING;SURFACTANT - EMULSIFYING;SURFACTANT - CLEANSING|Alcohols, C12-14, ethoxylated|||0.0|0.0|0.0|0.0|0.0|0||||
25353|LAURETH-23|1|76947|9002-92-0||CLEANSING;SURFACTANT - EMULSIFYING;SURFACTANT - CLEANSING|Poly(oxy-1,2-ethanediyl), .alpha.-dodecyl-.omega.-hydroxy-|||0.0|0.0|0.0|0.0|0.0|0||3|0.0|Fulton JE Jr. Comedogenicity and irritancy of commonly used ingredients in skin care products. J Soc Cosmet Chem 1989;40:321-333, Table I, p.325; ISSN:0037-9832 (no DOI/PMID assigned; PDF from library.scconline.org/v040n06/13)
25360|LAURETH-4|1|34915|5274-68-0 / 9002-92-0 / 68439-50-9|226-097-1 / 500-002-6 / 500-213-3|ANTISTATIC;SURFACTANT - EMULSIFYING;FRAGRANCE;SURFACTANT - CLEANSING|3,6,9,12-tetraoxatetracosan-1-ol; Dodecan-1-ol, ethoxylated; Alcohols, C12-14, ethoxylated|||0.0|0.0|0.0|0.0|0.0|0||5|0.0|Fulton JE Jr. Comedogenicity and irritancy of commonly used ingredients in skin care products. J Soc Cosmet Chem 1989;40:321-333, Table I, p.325; ISSN:0037-9832 (no DOI/PMID assigned; PDF from library.scconline.org/v040n06/13)
25368|LAURETH-7|1|34924|3055-97-8 / 68439-50-9 / 9002-92-0|221-283-9 / 500-213-3 / 500-002-6|SURFACTANT - EMULSIFYING;SURFACTANT - CLEANSING|Alcohols, C12-14, ethoxylated;  Dodecan-1-ol, ethoxylated|||0.0|0.0|0.0|0.0|0.0|0||||
25379|LAURIC ACID|1|34931|143-07-7|205-582-1|CLEANSING;SURFACTANT - EMULSIFYING;SURFACTANT - CLEANSING||||0.0|0.0|0.0|0.0|0.0|0||4|1.0|"Fulton JE Jr. Comedogenicity and irritancy of commonly used ingredients in skin care products. J Soc Cosmet Chem 1989;40:321-333, Table I, p.324; ISSN:0037-9832 (no DOI/PMID assigned; PDF from library.scconline.org/v040n06/13) | rule: C11-C24 fatty acid, one of its esters, or polysorbate 20/40/60/80 (src/enrichment/fungal_rule.py); basis: DOI:10.3389/fcimb.2020.00112; DOI:10.1093/femsyr/foaf043"
25405|LAUROYL LYSINE|1|34940|52315-75-0|257-843-4|HAIR CONDITIONING;SKIN CONDITIONING;VISCOSITY CONTROLLING||||0.0|0.0|0.0|0.0|0.0|0||||
25427|LAURYL BETAINE|1|34954|683-10-3|211-669-5|ANTISTATIC;CLEANSING;HAIR CONDITIONING;SKIN CONDITIONING;SURFACTANT - CLEANSING||||0.0|0.0|0.0|0.0|0.0|0||||
25430|LAURYL GLUCOSIDE|1|56967|110615-47-9||CLEANSING;SURFACTANT - CLEANSING||||0.0|0.0|0.0|0.0|0.0|0||||
25465|LAURYL PYRROLIDONE|1|77143|2687-96-9|403-730-1|CLEANSING;HAIR CONDITIONING;SURFACTANT - CLEANSING||||0.0|0.0|0.0|0.0|0.0|0||||
25535|LAVANDULA ANGUSTIFOLIA OIL|1|34989|8000-28-0 / 90063-37-9|289-995-2|FRAGRANCE;TONIC|Lavandula Angustifolia Oil is the volatile oil obtained from the flowers of the Lavender, Lavandula angustifolia, Labiatae. ISO 8902:2009|III/360||0.0|1.0|0.0|0.0|0.0|1|EU_ANNEX_III|||
25569|LAVANDULA OIL/EXTRACT|1|100225|||FRAGRANCE||||0.0|0.0|0.0|0.0|0.0|1|EU_ANNEX_III|||
25725|LECITHIN|1|34995|8002-43-5 / 8030-76-0 (soybean)|232-307-2 / 310-129-7|ANTISTATIC;SKIN CONDITIONING - EMOLLIENT;SURFACTANT - EMULSIFYING;SKIN CONDITIONING|Lecithins. The complex combination of diglycerides of fatty acids linked to the choline ester of phosphoric acid|||0.0|0.0|0.0|0.0|0.0|0||||
25871|LEUCINE|1|35003|61-90-5|200-522-0|ANTISTATIC;HAIR CONDITIONING;SKIN CONDITIONING||||0.0|0.0|0.0|0.0|0.0|0||||
25882|LEUCONOSTOC/RADISH ROOT FERMENT FILTRATE|1|57171|||ANTI-SEBORRHEIC;ANTIMICROBIAL|Leuconostoc/Radish Root Ferment Filtrate is a filtrate of the product obtained by the fermentation of Raphanus sativus roots by the microorganism, Leuconostoc|||0.0|0.0|0.0|0.0|0.0|0||||
25913|LEVULINIC ACID|1|35007|123-76-2|204-649-2|SKIN CONDITIONING;PERFUMING||||0.0|0.0|0.0|0.0|0.0|0||||
25920|LEVULINICACID|0|||||||||||||0||||
26057|LIMONENE|1|57187|138-86-3|205-341-0/931-893-3|DEODORANT;SOLVENT;PERFUMING||"III/88
III/167
III/168"||0.0|1.0|0.0|0.0|0.0|1|EU_ANNEX_III|||
26153|LINAIOOL|0|||||||||||||0||||
26186|LINALOOL|1|35016|78-70-6|201-134-4|DEODORANT;PERFUMING||III/84||0.0|1.0|0.0|0.0|0.0|1|EU_ANNEX_III|||
26285|LINALYL ACETATE|1|77311|115-95-7|204-116-4|FRAGRANCE||III/337||0.0|1.0|0.0|0.0|0.0|1|EU_ANNEX_III|||
26325|LINOLEIC ACID|1|77323|60-33-3 (CIS)|200-470-9 (CIS)|ANTISTATIC;CLEANSING;SKIN CONDITIONING - EMOLLIENT;HAIR CONDITIONING;SKIN CONDITIONING;SURFACTANT - CLEANSING||||0.0|0.0|0.0|0.0|0.0|0|||1.0|rule: C11-C24 fatty acid, one of its esters, or polysorbate 20/40/60/80 (src/enrichment/fungal_rule.py); basis: DOI:10.3389/fcimb.2020.00112; DOI:10.1093/femsyr/foaf043
26327|LINOLENIC ACID|1|77324|463-40-1 (CIS)|207-334-8 (CIS)|ANTISTATIC;CLEANSING;SKIN CONDITIONING - EMOLLIENT;HAIR CONDITIONING;SKIN CONDITIONING;SURFACTANT - CLEANSING;PERFUMING||||0.0|0.0|0.0|0.0|0.0|0|||1.0|rule: C11-C24 fatty acid, one of its esters, or polysorbate 20/40/60/80 (src/enrichment/fungal_rule.py); basis: DOI:10.3389/fcimb.2020.00112; DOI:10.1093/femsyr/foaf043
26373|LIPPIA CITRIODORA LEAF EXTRACT|0|||||||||||||0||||
26651|LYCIUM BARBARUM FRUIT EXTRACT|1|57462|85085-46-7|285-375-0|ASTRINGENT;HAIR CONDITIONING;SKIN CONDITIONING|Lycium Barbarum Fruit Extract is an extract of the fruit of the Boxthorn, Lycium barbarum L., Solanaceae|||0.0|0.0|0.0|0.0|0.0|0||||
26660|LYSINE|1|35064|56-87-1|200-294-2|ANTISTATIC;HAIR CONDITIONING;SKIN CONDITIONING||||0.0|1.0|0.0|0.0|0.0|0||||
26669|LZM ENTHALT, NATR UMFLUORID (1450 PPM F) INGREDIENTS|0|||||||||||||0||||
26726|M-AMINOPHENOL|1|35147|591-27-5|209-711-2|HAIR DYEING||III/217||0.0|1.0|0.0|0.0|0.0|0||||
26758|MACADAMIA INTEGRIFOLIA/TETRAPHYLLA SEED OIL|1|93941|438545-25-6||SKIN CONDITIONING - EMOLLIENT;SKIN CONDITIONING|Macadamia Integrifolia/Tetraphylla Seed Oil is the oil expressed from the seeds of  Macadamia integrifolia  and  Macadamia tetraphylla.|||0.0|0.0|0.0|0.0|0.0|0||||
26771|MACADAMIA TERNIFOLIA SEED OIL|1|77513|128497-20-1 / 129811-19-4||SKIN CONDITIONING - EMOLLIENT|Macadamia Ternifolia Seed Oil is the fixed oil obtained from the nuts of the Bushnut, Macadamia ternifolia, Proteaceae. It consists primarily of the glycerides of the fatty acids|||0.0|0.0|0.0|0.0|0.0|0||||
26792|MACROCYSTIS PYRIFERA EXTRACT|1|88726|347174-92-9||SKIN CONDITIONING|Macrocystis Pyrifera Extract is an extract of the Giant Kelp, Macrocystis pyrifera (L.), Phaeophytae|||0.0|0.0|0.0|0.0|0.0|0||||
26911|MAGNESIUM ASPARTATE|1|77615|2068-80-6 / 18962-61-3|218-191-6|SKIN CONDITIONING||||0.0|0.0|0.0|0.0|0.0|0||||
26913|MAGNESIUM CARBONATE HYDROXIDE|1|35087|12125-28-9|235-192-7|BINDING;BUFFERING;BULKING;VISCOSITY CONTROLLING||||0.0|0.0|0.0|0.0|0.0|0||||
26918|MAGNESIUM CHLORIDE|1|35088|7786-30-3/ 7791-18-6 (hydrate)|232-094-6/ -|VISCOSITY CONTROLLING;FLAVOURING|Magnesium Chloride is the inorganic salt that conforms to the formula:|||0.0|0.0|0.0|0.0|0.0|0||||
26941|MAGNESIUM NITRATE|1|35108|10377-60-3|233-826-7|HAIR CONDITIONING||||0.0|0.0|0.0|0.0|0.0|0||||
26945|MAGNESIUM OXIDE|1|35110|1309-48-4|215-171-9|ABSORBENT;BUFFERING;OPACIFYING||||0.0|0.0|0.0|0.0|0.0|0||||
26956|MAGNESIUM SILICATE|1|35118|1343-88-0|215-681-1|ABSORBENT;ANTICAKING;BULKING;OPACIFYING;VISCOSITY CONTROLLING||||0.0|0.0|0.0|0.0|0.0|0||||
26964|MAGNESIUM SULFATE|1|35121|7487-88-9; 10034-99-8 (heptahydrate)  ; 18939-43-0|231-298-2|BULKING|Magnesium Sulfate is the inorganic salt that conforms to the formula:|||0.0|0.0|0.0|0.0|0.0|0||||
26988|MAGNOLIA BIONDII BARK EXTRACT|1|35129|85085-47-8|285-376-6|SKIN CONDITIONING|Magnolia Biondii Bark Extract is an extract of the bark of the Chinese Magnolia, Magnolia biondii, Magnoliaceae|||0.0|0.0|0.0|0.0|0.0|0||||
27064|MALIC ACID|1|35136|97-67-6|202-601-5|BUFFERING||||0.0|0.0|0.0|0.0|0.0|0||||
27089|MALTODEXTRIN|1|35142|9050-36-6|232-940-4|ABSORBENT;BINDING;EMULSION STABILISING;FILM FORMING;HAIR CONDITIONING;SKIN CONDITIONING|Maltodextrin|||0.0|0.0|0.0|0.0|0.0|0||||
27153|MANGANESE VIOLET (CI 77742), D C RED NO. 6 BARIUM LAKE (CI 15850), IRON OXIDES (CI 77491, CI 77492, CI 77499), D C RED NO. 7 CALCIUM LAKE (CI 15850), FD C BLUE NO. 1 ALUMINUM LAKE (CI 42090)|0|||||||||||||0||||
27207|MANNITOL|1|35167|69-65-8|200-711-8|BINDING;HUMECTANT;FRAGRANCE;MOISTURISING;SKIN CONDITIONING||||0.0|0.0|0.0|0.0|0.0|0||||
27211|MANNOSE|1|57702|3458-28-4|222-392-4|HUMECTANT||||0.0|0.0|0.0|0.0|0.0|0||||
27280|MARIS AQUA|1|35170|||HUMECTANT;SOLVENT|Sea Water is water obtained from the sea or from inland bodies of salt water|||0.0|0.0|0.0|0.0|0.0|0||||
27290|MARIS SAL|1|77883|||SKIN CONDITIONING|Naturally occurring substances, inorganic salts derived from sea water|||0.0|0.0|0.0|0.0|0.0|0||||
27344|MASQUE SOIN|0|||||||||||||0||||
27425|MAY CONTAIN|0|||||||||||||0||||
27525|MEL|1|35197|8028-66-8||SKIN CONDITIONING - EMOLLIENT;HUMECTANT;MOISTURISING|Naturally occurring substances, honey, a saccharic secretion gathered and stored by honey bees|||0.0|0.0|0.0|0.0|0.0|0||||
27553|MELALEUCA ALTERNIFOLIA LEAF OIL|1|102660|8022-72-8/ 68647-73-4|-/ -|ANTIOXIDANT;FRAGRANCE;SKIN PROTECTING;PERFUMING;SKIN CONDITIONING - MISCELLANEOUS|Melaleuca Alternifolia Leaf Oil is the oil distilled from the leaves of the Melaleuca alternifolia.|||0.0|0.0|0.0|0.0|0.0|0||||
27711|MENTHA PIPERITA HERB OIL ABIES SIBIRICA NEEDLE OIL|0|||||||||||||0||||
27712|MENTHA PIPERITA LEAF EXTRACT|1|57862|84082-70-2|282-015-4|SKIN CONDITIONING|Mentha Piperita Leaf Extract is an extract of the leaves of the Peppermint, Mentha piperita (L.), Labiatae|||0.0|0.0|0.0|0.0|0.0|0||||
27724|MENTHA PIPERITA OIL|1|361|8006-90-4/ 84082-70-2|-/ 282-015-4|||||0.0|1.0|0.0|0.0|0.0|1|EU_ANNEX_III|||
27777|MENTHOL|1|35228|1490-04-6 / 2216-51-5 / 89-78-1 / 15356-70-4|216-074-4 / 218-690-9 / 201-939-0 / 239-388-3|DENATURANT;FRAGRANCE;REFRESHING;SOOTHING|Menthol / DL-menthol / L-menthol|III/338||0.0|1.0|0.0|0.0|0.0|1|EU_ANNEX_III|||
27803|MENTHYL LACTATE|1|78159|59259-38-0|261-678-3|FRAGRANCE;REFRESHING||||0.0|0.0|0.0|0.0|0.0|0||||
27931|METHYL HYDROGENATED ROSINATE|1|78361|8050-15-5 / 8050-13-3|232-476-2|FILM FORMING;SKIN CONDITIONING;PERFUMING|Resin acids and Rosin acids, hydrogenated, Me esters|||0.0|0.0|0.0|0.0|0.0|0||||
27958|METHYL SALICYLATE|1|35325|119-36-8|204-317-7|DENATURANT;ORAL CARE;SOOTHING;PERFUMING;FLAVOURING|Methyl Salicylate is the ester of methyl alcohol and salicylic acid. It conforms to the formula:|III/324||0.0|1.0|0.0|0.0|0.0|1|EU_ANNEX_III|||
28006|METHYLCHLOROISOTHIAZOLINONE|1|35333|26172-55-4|247-500-7|PRESERVATIVE|Methylchloroisothiazolinone is the heterocyclic organic compound that conforms to the formula:|V/39||0.0|0.0|0.0|1.0|0.0|0||||
28052|METHYLHEPTYL ISOSTEARATE|1|58130|209802-43-7||SKIN CONDITIONING||||0.0|0.0|0.0|0.0|0.0|0|||1.0|rule: C11-C24 fatty acid, one of its esters, or polysorbate 20/40/60/80 (src/enrichment/fungal_rule.py); basis: DOI:10.3389/fcimb.2020.00112; DOI:10.1093/femsyr/foaf043
28074|METHYLISOTHIAZOLINONE|1|35341|2682-20-4|220-239-6|PRESERVATIVE|Methylisothiazolinone is the heterocyclic organic compound that conforms to the formula:|"V/57
V/39"||0.0|0.0|0.0|1.0|0.0|0||||
28111|METHYLPARABEN|1|35342|99-76-3|202-785-7|FRAGRANCE;PRESERVATIVE|Methylparaben is the ester of methyl alcohol and p-hydroxybenzoic acid. It conforms to the formula:|V/12||0.0|0.0|0.0|1.0|0.0|0||||
28127|METHYLPROPANEDIOL|1|78489|2163-42-0|412-350-5|SOLVENT||||0.0|0.0|0.0|0.0|0.0|0||||
28211|MICA|1|35360|12001-26-2|310-127-6|ANTICAKING;BULKING;COLORANT;OPACIFYING|Mica is a series of silicate minerals of varying chemical composition but with similar physical properties. Mica may have well-defined cleavage and split into very thin sheets.|||0.0|0.0|0.0|0.0|0.0|0||||
28258|MICROCRYSTALLINE CELLULOSE|1|78508|9004-34-6|232-674-9|ABRASIVE;ABSORBENT;ANTICAKING;BULKING;EMULSION STABILISING;OPACIFYING;LIGHT STABILIZER;VISCOSITY CONTROLLING|Microcrystalline Cellulose is the isolated, colloidal crystalline portion of cellulose fibers.|||0.0|0.0|0.0|0.0|0.0|0||||
28261|MICROCRYSTALLINE WAX|1|92425|63231-60-7|264-038-1 (I)|BINDING;BULKING;EMULSION STABILISING;VISCOSITY CONTROLLING|Microcrystalline Wax is a wax derived from petroleum and characterized by the fineness of its crystals in contrast to the larger crystals of paraffin wax. It consists of high molecular weight saturated aliphatic hydrocarbons.|||0.0|0.0|0.0|0.0|0.0|0||||
28320|MINERAL OIL|1|105182|8012-95-1/ 8042-47-5/ 8020-83-5|232-384-2/ 232-455-8|SKIN CONDITIONING - EMOLLIENT;HAIR CONDITIONING;FRAGRANCE;SKIN PROTECTING;SOLVENT;PERFUMING;SKIN CONDITIONING - OCCLUSIVE|Mineral Oil is a liquid mixture of hydrocarbons obtained from petroleum.|II/778. Distillates (petroleum), hydrotreated heavy paraffinic, if they contain > 3 % w/w DMSO extract.||0.0|0.0|0.0|0.0|0.0|0||||
28519|MONOSODIUM CITRATE|1|56900|18996-35-5|242-734-6|BUFFERING||||0.0|0.0|0.0|0.0|0.0|0||||
28562|MORINGA OIL/HYDROGENATED MORINGA OIL ESTERS|1|56911|||SKIN CONDITIONING|Product obtained by the interesterification of Moringa Pterygosperma Seed Oil and hydrogenated moringa oil|||0.0|0.0|0.0|0.0|0.0|0||||
28714|MYRISTIC ACID|1|35442|544-63-8|208-875-2|PERFUMING;FRAGRANCE;OPACIFYING;SURFACTANT - CLEANSING|Myristic Acid is the organic acid that conforms generally to the formula|||0.0|0.0|0.0|0.0|0.0|0||3|1.0|"Fulton JE Jr. Comedogenicity and irritancy of commonly used ingredients in skin care products. J Soc Cosmet Chem 1989;40:321-333, Table I, p.324; ISSN:0037-9832 (no DOI/PMID assigned; PDF from library.scconline.org/v040n06/13) | rule: C11-C24 fatty acid, one of its esters, or polysorbate 20/40/60/80 (src/enrichment/fungal_rule.py); basis: DOI:10.3389/fcimb.2020.00112; DOI:10.1093/femsyr/foaf043"
28741|MYRISTYL MYRISTATE|1|35459|3234-85-3|221-787-9|SKIN CONDITIONING - EMOLLIENT;OPACIFYING;SKIN CONDITIONING||||0.0|0.0|0.0|0.0|0.0|0||5|1.0|"Fulton JE Jr. Comedogenicity and irritancy of commonly used ingredients in skin care products. J Soc Cosmet Chem 1989;40:321-333, Table I, p.324; ISSN:0037-9832 (no DOI/PMID assigned; PDF from library.scconline.org/v040n06/13) | rule: C11-C24 fatty acid, one of its esters, or polysorbate 20/40/60/80 (src/enrichment/fungal_rule.py); basis: DOI:10.3389/fcimb.2020.00112; DOI:10.1093/femsyr/foaf043"
28763|MYRTUS COMMUNIS LEAF EXTRACT|1|57205|84082-67-7|282-012-8|SKIN CONDITIONING;PERFUMING|Myrtus Communis Leaf Extract is an extract of the leaves of the Myrtle, Myrtus communis L., Myrtaceae|||0.0|0.0|0.0|0.0|0.0|0||||
28806|N O APLICAR SOBRE PELE IRRITADA OU FERIDA, CONDI ES DE CONSERVA O, CONSERVAR NO RECIPIENTE ORIGINAL PROTEGIDO DA LUZ SOLAR DIRETA EM LOCAL FRESCOE SECO, MA3332449 PRODUTO CONTROLADO POR TESTES EM LABORATORIO SERVI O DE INFORMA O AO CONSUMIDOR MAPOIOCLIENTE CONTINENTE.PT DISTRIBU DO POR, MCH|0|||||||||||||0||||
28854|N-BUTYL ALCOHOL|1|35484|71-36-3|200-751-6|DENATURANT;SOLVENT;PERFUMING||||0.0|0.0|0.0|0.0|0.0|0||||
28877|N2002/A|0|||||||||||||0||||
28943|NASTURTIUM OFFICINALE EXTRACT|1|82802|84775-70-2|283-899-4|SKIN CONDITIONING;PERFUMING|Nasturtium Officinale Extract is an extract of the whole plant of the Watercress, Nasturtium officinale, Brassicaceae|||0.0|0.0|0.0|0.0|0.0|0||||
29106|NATURKOSMETIK OHNE KOMPROMISSE - MIT HOCHWERTIGEN INHALTS - STOFFEN NAT RLICHEN URSPRUNGS WIR ENGAGIEREN UNS F R TIERWOHL INGREDIENTS|0|||||||||||||0||||
29245|NEPETA CATARIA EXTRACT|1|35494|84929-35-1|284-520-5|TONIC|Nepeta Cataria Extract is an extract of the herb of the Catnip, Nepeta cataria L., Labiatae|||0.0|0.0|0.0|0.0|0.0|0||||
29349|NIACIN|1|35498|59-67-6|200-441-0|ANTISTATIC;SMOOTHING||||0.0|0.0|0.0|0.0|0.0|0||||
29357|NIACINAMIDE|1|35499|98-92-0|202-713-4|SMOOTHING||||0.0|0.0|0.0|0.0|0.0|0||||
29423|NITROCELLULOSE|1|35506|9004-70-0||FILM FORMING;DISPERSING NON-SURFACTANT|Nitrocellulose is a cellulose derivative that conforms generally to the formula|||0.0|0.0|0.0|0.0|0.0|0||||
29597|NON PARFUM E|0|||||||||||||0||||
29898|O-CYMEN-5-OL|1|35637|3228-02-2 / 39660-61-2|221-761-7|ANTIMICROBIAL;DEODORANT;PRESERVATIVE|o-Cymen-5-ol is the substituted phenol that conforms to the formula:|V/38||0.0|0.0|0.0|1.0|0.0|0||||
29948|OCIMUM BASILICUM LEAF EXTRACT|1|82774|84775-71-3|283-900-8|SKIN CONDITIONING|Ocimum Basilicum Leaf Extract is an extract of the leaves of the Basil, Ocimum basilicum L., Labiatae|||0.0|0.0|0.0|0.0|0.0|0||||
29963|OCTADECENE|1|57553|27070-58-2|248-205-6|SOLVENT;VISCOSITY CONTROLLING||||0.0|0.0|0.0|0.0|0.0|0||||
29969|OCTADECYL DI-T-BUTYL-4-HYDROXYHYDROCINNAMATE|1|57555|2082-79-3|218-216-0|ANTIOXIDANT||||0.0|0.0|0.0|0.0|0.0|0||||
30015|OCTOCRYLENE|1|35585|6197-30-4|228-250-8|LIGHT STABILIZER;UV ABSORBER;UV FILTER|Octocrylene is the substituted acrylate that conforms to the formula|VI/10||0.0|0.0|0.0|0.0|1.0|0||||
30049|OCTYL PALMITATE|0|||||||||||||0||||
30080|OCTYLDODECANOL|1|35610|5333-42-6|226-242-9|SKIN CONDITIONING - EMOLLIENT;FRAGRANCE;SOLVENT;PERFUMING|Octyldodecanol is an aliphatic alcohol that conforms generally to the formula:|||0.0|0.0|0.0|0.0|0.0|0||||
30140|OENOTHERA BIENNIS OIL|1|35639|90028-66-3|289-859-2|SKIN CONDITIONING - EMOLLIENT|Oenothera Biennis Oil is the fixed oil derived from the seeds of the Evening Primrose, Oenothera biennis, Onagraceae|||0.0|0.0|0.0|0.0|0.0|0||||
30281|OLAFLUR|1|35640|6818-37-7|229-891-6|ANTIPLAQUE;HAIR FIXING;ORAL CARE||||0.0|0.0|0.0|0.0|0.0|0||||
30319|OLEA EUROPAEA FRUIT OIL|1|77800|8001-25-0|232-277-0|FRAGRANCE;SKIN CONDITIONING;PERFUMING|Olea Europaea Fruit Oil is the fixed oil obtained from the ripe fruit of the Olive, Olea europaea L., Oleaceae. It consists primarily of the glycerides of the fatty acids linoleic, oleic and palmitic|||0.0|0.0|0.0|0.0|0.0|0||||
30359|OLEA EUROPEA FRUIT OIL|0|||||||||||||0||||
30387|OLEIC ACID|1|77906|112-80-1|204-007-1|SKIN CONDITIONING - EMOLLIENT;SURFACTANT - EMULSIFYING||||0.0|0.0|0.0|0.0|0.0|0|||1.0|rule: C11-C24 fatty acid, one of its esters, or polysorbate 20/40/60/80 (src/enrichment/fungal_rule.py); basis: DOI:10.3389/fcimb.2020.00112; DOI:10.1093/femsyr/foaf043
30417|OLETH-20|1|77924|9004-98-2||CLEANSING;SURFACTANT - CLEANSING|Poly(oxy-1,2-ethanediyl), .alpha.-9-(Z)-octadecenyl-.omega.-hydroxy (20 mol EO average molar ratio)|||0.0|0.0|0.0|0.0|0.0|0||1|0.0|Fulton JE Jr. Comedogenicity and irritancy of commonly used ingredients in skin care products. J Soc Cosmet Chem 1989;40:321-333, Table I, p.325; ISSN:0037-9832 (no DOI/PMID assigned; PDF from library.scconline.org/v040n06/13)
30427|OLEYL ALCOHOL|1|78022|143-28-2 / 593-47-5|205-597-3 / 209-791-9|SKIN CONDITIONING - EMOLLIENT;FRAGRANCE;SOLVENT;VISCOSITY CONTROLLING;PERFUMING||||0.0|0.0|0.0|0.0|0.0|0||4|0.0|Fulton JE Jr. Comedogenicity and irritancy of commonly used ingredients in skin care products. J Soc Cosmet Chem 1989;40:321-333, Table I, p.324; ISSN:0037-9832 (no DOI/PMID assigned; PDF from library.scconline.org/v040n06/13)
30468|OLIVE OIL DECYL ESTERS|1|57873|||REFATTING|Olive oil, transesterification product with decanol|||0.0|0.0|0.0|0.0|0.0|0||||
30469|OLIVE OIL GLYCERETH-8 ESTERS|1|87354|||SKIN CONDITIONING - EMOLLIENT;SURFACTANT - EMULSIFYING|Olive Oil Glycereth-8 Esters is the product obtained by the transesterification of Glycereth-8 with Olea Europaea (Olive) Oil|||0.0|0.0|0.0|0.0|0.0|0||||
30476|OLIVE OIL POLYGLYCERYL-8 ESTERS|0|||||||||||||0||||
30491|OLUS OIL|1|35729|68956-68-3|273-313-5|SKIN CONDITIONING - EMOLLIENT|Olus Oil is an expressed oil of vegetable origin consisting primarily of triglycerides of fatty acids|||0.0|0.0|0.0|0.0|0.0|0||||
30495|OLUS OIL/VEGETABLE OIL/HUILE VEGETALE|0|||||||||||||0||||
30691|ORBIGNYA OLEIFERA SEED OIL|1|57898|91078-92-1|293-376-2|SKIN CONDITIONING - EMOLLIENT|Orbignya Oleifera Seed Oil is the fixed oil obtained from the nuts of the babassu, Orbignya oleifera, Palmaceae. It consists primarily of the glycerides of the fatty acids lauric, myristic and oleic|||0.0|0.0|0.0|0.0|0.0|0||||
30940|ORYZA SATIVA CERA/RICE BRAN WAX|0|||||||||||||0||||
30951|ORYZA SATIVA POWDER|1|57981|68553-81-1|271-397-8|BULKING|Oryza Sativa Powder is the powder obtained by grinding the dried seeds of the Rice, Oryza sativa L., Poaceae|||0.0|0.0|0.0|0.0|0.0|0||||
31066|OXIDIZED STARCH ACETATE|1|92008|68187-08-6|614-359-1|SKIN CONDITIONING|Oxidized Starch Acetate is the product obtained by reacting starch with sodium hypochlorite and acetic anhydride|||0.0|0.0|0.0|0.0|0.0|0||||
31156|P-AMINOPHENOL|1|35831|123-30-8|204-616-2|HAIR DYEING||III/272 - (EC) No 1197/2013||0.0|1.0|0.0|0.0|0.0|0||||
31158|P-ANISIC ACID|1|35837|100-09-4|202-818-5|FRAGRANCE||||0.0|0.0|0.0|0.0|0.0|0||||
31252|PALM KERNEL ACID|1|78398|101403-98-9|309-936-7|CLEANSING;SURFACTANT - EMULSIFYING|Fatty acids, palm kernel-oil|||0.0|0.0|0.0|0.0|0.0|0||||
31309|PALMITIC ACID|1|78421|57-10-3|200-312-9|SKIN CONDITIONING - EMOLLIENT;SURFACTANT - EMULSIFYING||||0.0|0.0|0.0|0.0|0.0|0||2|1.0|"Fulton JE Jr. Comedogenicity and irritancy of commonly used ingredients in skin care products. J Soc Cosmet Chem 1989;40:321-333, Table I, p.324; ISSN:0037-9832 (no DOI/PMID assigned; PDF from library.scconline.org/v040n06/13) | rule: C11-C24 fatty acid, one of its esters, or polysorbate 20/40/60/80 (src/enrichment/fungal_rule.py); basis: DOI:10.3389/fcimb.2020.00112; DOI:10.1093/femsyr/foaf043"
31330|PALMITOYL HEXAPEPTIDE-12|1|85666|171263-26-6||SKIN CONDITIONING|Palmitoyl Hexapeptide-12 is the product of the reaction of palmitic acid and Hexapeptide-12|||0.0|0.0|0.0|0.0|0.0|0||||
31337|PALMITOYL PENTAPEPTIDE-4|1|56913|521091-64-5/ 214047-00-4|-/ -|SKIN CONDITIONING - MISCELLANEOUS|Palmitoyl Pentapeptide-4 is the reaction product of palmitic acid and Pentapeptide-4.|||0.0|0.0|0.0|0.0|0.0|0||||
31341|PALMITOYL TETRAPEPTIDE-7|1|56918|221227-05-0||SKIN CONDITIONING - MISCELLANEOUS|Palmitoyl Tetrapeptide-7 is the reaction product of palmitic acid and Tetrapeptide-7.|||0.0|0.0|0.0|0.0|0.0|0||||
31346|PALMITOYL TRIPEPTIDE-1|1|92513|147732-56-7|,|SKIN CONDITIONING|Palmitoyl Tripeptide-1 is the reaction product of palmitic acid and Tripeptide-1|||0.0|0.0|0.0|0.0|0.0|0||||
31347|PALMITOYL TRIPEPTIDE-38|1|85966|||SKIN CONDITIONING|Palmitoyl Tripeptide-38 is the reaction product of palmitic acid and Tripeptide-38|||0.0|0.0|0.0|0.0|0.0|0||||
31379|PANAX GINSENG ROOT EXTRACT|1|56922|84650-12-4|283-493-7|SKIN CONDITIONING - EMOLLIENT;HAIR CONDITIONING;SKIN PROTECTING;TONIC|Panax Ginseng Root Extract is an extract of the roots of the Ginseng, Panax ginseng, Araliaceae|||0.0|0.0|0.0|0.0|0.0|0||||
31418|PANTHENAL|0|||||||||||||0||||
31426|PANTHENOL|1|35839|81-13-0 / 16485-10-2|201-327-3 / 240-540-6|ANTISTATIC;HAIR CONDITIONING;SKIN CONDITIONING||||0.0|0.0|0.0|0.0|0.0|0||0|0.0|Fulton JE Jr. Comedogenicity and irritancy of commonly used ingredients in skin care products. J Soc Cosmet Chem 1989;40:321-333, Table I, p.326; ISSN:0037-9832 (no DOI/PMID assigned; PDF from library.scconline.org/v040n06/13)
31452|PANTHENYL ETHYL ETHER|1|35840|667-83-4|211-569-1|ANTISTATIC;HAIR CONDITIONING||||0.0|0.0|0.0|0.0|0.0|0||||
31466|PANTOLACTONE|1|56935|599-04-2; 79-50-5|209-963-3; 201-210-7|HUMECTANT;SKIN CONDITIONING|Pantolactone is the organic compound that conforms to the formula: (structure)|||0.0|0.0|0.0|0.0|0.0|0||||
31476|PAPAVER RHOEAS FLOWER EXTRACT|1|82809|84696-43-5|283-651-5|SKIN CONDITIONING|Papaver Rhoeas Flower Extract is the extract of the flowers of the Corn Poppy, Papaver rhoeas L., Papaveraceae|||0.0|0.0|0.0|0.0|0.0|0||||
31542|PARAFFIN|1|91023|8002-74-2; 64742-51-4|232-315-6; 265-154-5|SKIN CONDITIONING;VISCOSITY CONTROLLING;PERFUMING|Paraffin is a solid mixture of hydrocarbons obtained from petroleum characterized by relatively large crystals.|||0.0|0.0|0.0|0.0|0.0|0||||
31573|PARAFFINUM LIQUIDUM|1|35850|8012-95-1 / 8042-47-5|232-384-2 / 232-455-8|ANTISTATIC;SKIN CONDITIONING - EMOLLIENT;SKIN PROTECTING;SOLVENT|White mineral oil (petroleum) a highly refined petroleum mineral oil consisting of a complex combination of hydrocarbons obtained from the intensive treatment of a petroleum fraction with sulfuric acid and oleum, or by hydrogenation, or by a combination of hydrogenation and acid treatment. Additional washing and treating steps may be included in the processing operation. It consists of saturated hydrocarbons having carbon numbers predominantly in the range of C15 through C50. Mineral oil (US)|||0.0|0.0|0.0|0.0|0.0|0||||
31654|PARFUM|1|35851|||FRAGRANCE;PERFUMING|Parfum is a term for ingredient labelling used to identify that a product contains a material or a combination of materials normally added to a cosmetic to produce or to mask a particular odour. According to Article 19 of the Cosmetics Regulation, 'Perfume and aromatic compositions and their raw materials shall be referred  to  by  the  terms  ‘parfum’  or  ‘aroma’. '|||0.0|0.0|0.0|0.0|0.0|0||||
32094|PASSIFLORA INCARNATA FLOWER EXTRACT|1|57018|72968-47-9|277-142-7|SKIN CONDITIONING;SKIN PROTECTING|Passiflora Incarnata Flower Extract is an extract of the flowers of the Passion Flower, Passiflora incarnata L., Passifloraceae|||0.0|0.0|0.0|0.0|0.0|0||||
32140|PCA|1|77186|98-79-3|202-700-3|HUMECTANT;MOISTURISING||||0.0|0.0|0.0|0.0|0.0|0||||
32257|PEG-100 STEARATE|1|77453|9004-99-3||SURFACTANT - CLEANSING|Poly(oxy-1,2-ethanediyl), .alpha.-(1-oxooctadecyl)-.omega.-hydroxy- (100 mol EO average molar ratio)|||0.0|0.0|0.0|0.0|0.0|0||0|1.0|"Fulton JE Jr. Comedogenicity and irritancy of commonly used ingredients in skin care products. J Soc Cosmet Chem 1989;40:321-333, Table I, p.324; ISSN:0037-9832 (no DOI/PMID assigned; PDF from library.scconline.org/v040n06/13) | rule: C11-C24 fatty acid, one of its esters, or polysorbate 20/40/60/80 (src/enrichment/fungal_rule.py); basis: DOI:10.3389/fcimb.2020.00112; DOI:10.1093/femsyr/foaf043"
32273|PEG-12 DIMETHICONE|1|57431|||HAIR CONDITIONING;SKIN CONDITIONING|Silicones and siloxanes, dimethyl, hydropoly(oxy-1,2-ethanediyl methyl, trimethylsilyl terminated (12 mol EO average molar ratio)|||0.0|0.0|0.0|0.0|0.0|0||||
32293|PEG-120 METHYL GLUCOSE DIOLEATE|1|77545|86893-19-8||SURFACTANT - EMULSIFYING|Poly(oxy-1,2-ethanediyl), .alpha.-hydro-.omega.-hydroxy-, ether with methyl d-glucopyranoside 2,6-bis[(Z)-9-octadecenoate] (2:1) (120 mol EO average molar ratio)|||0.0|0.0|0.0|0.0|0.0|0||0|1.0|"Fulton JE Jr. Comedogenicity and irritancy of commonly used ingredients in skin care products. J Soc Cosmet Chem 1989;40:321-333, Table I, p.324; ISSN:0037-9832 (no DOI/PMID assigned; PDF from library.scconline.org/v040n06/13) | rule: C11-C24 fatty acid, one of its esters, or polysorbate 20/40/60/80 (src/enrichment/fungal_rule.py); basis: DOI:10.3389/fcimb.2020.00112; DOI:10.1093/femsyr/foaf043"
32313|PEG-150 DISTEARAT|0|||||||||||||0||||
32314|PEG-150 DISTEARATE|1|77715|9005-08-7||SURFACTANT - EMULSIFYING;SURFACTANT - CLEANSING;VISCOSITY CONTROLLING|Poly(oxy-1,2-ethanediyl), .alpha.-(1-oxooctadecyl)-.omega.-[(1-oxooctadecyl)oxy]- (150 mol EO average molar ratio)|||0.0|0.0|0.0|0.0|0.0|0||2|1.0|"Fulton JE Jr. Comedogenicity and irritancy of commonly used ingredients in skin care products. J Soc Cosmet Chem 1989;40:321-333, Table I, p.325; ISSN:0037-9832 (no DOI/PMID assigned; PDF from library.scconline.org/v040n06/13) | rule: C11-C24 fatty acid, one of its esters, or polysorbate 20/40/60/80 (src/enrichment/fungal_rule.py); basis: DOI:10.3389/fcimb.2020.00112; DOI:10.1093/femsyr/foaf043"
32349|PEG-20|1|77940|25322-68-3||HUMECTANT;SOLVENT|Poly(oxy-1,2-ethanediyl), .alpha.-hydro-.omega.-hydroxy-, (20 mol EO average molar ratio)|||0.0|0.0|0.0|0.0|0.0|0||||
32354|PEG-20 GLYCERYL TRIISOSTEARATE|1|57721|||SKIN CONDITIONING - EMOLLIENT;SURFACTANT - EMULSIFYING|Poly(oxy-1,2-ethanediyl), .alpha.,.alpha.',.alpha.''-1,2,3-propanetriyltris-.omega.-[(1-oxo-16-methylheptadecyl))oxy]-, (20 mol EO average molar ratio)|||0.0|0.0|0.0|0.0|0.0|0|||1.0|rule: C11-C24 fatty acid, one of its esters, or polysorbate 20/40/60/80 (src/enrichment/fungal_rule.py); basis: DOI:10.3389/fcimb.2020.00112; DOI:10.1093/femsyr/foaf043
32357|PEG-20 METHYL GLUCOSE SESQUISTEARATE|1|78048|68389-70-8||SURFACTANT - EMULSIFYING|Poly(oxy-1,2-ethanediyl), .alpha.-hydro-.omega.-hydroxy-, ether with methyl .beta.-d-glucopyranoside (4:1), octadecanoate (2:3) (20 mol EO average molar ratio)|||0.0|0.0|0.0|0.0|0.0|0|||1.0|rule: C11-C24 fatty acid, one of its esters, or polysorbate 20/40/60/80 (src/enrichment/fungal_rule.py); basis: DOI:10.3389/fcimb.2020.00112; DOI:10.1093/femsyr/foaf043
32369|PEG-200 HYDROGENATED GLYCERYL PALMATE|1|78063|||CLEANSING;SURFACTANT - EMULSIFYING;SOLVENT;SURFACTANT - CLEANSING|Fatty acids, hydrogenated palm oil, 1,2,3-propanetriol monoesters, ethoxylated (200 mol EO average molar ratio)|||0.0|0.0|0.0|0.0|0.0|0||||
32390|PEG-3 DISTEARATE|1|78211|9005-08-7||SURFACTANT - EMULSIFYING|Poly(oxy-1,2-ethanediyl), .alpha.-(1-oxooctadecyl)-.omega.-[(1-oxooctadecyl)oxy]- (3 mol EO average molar ratio)|||0.0|0.0|0.0|0.0|0.0|0|||1.0|rule: C11-C24 fatty acid, one of its esters, or polysorbate 20/40/60/80 (src/enrichment/fungal_rule.py); basis: DOI:10.3389/fcimb.2020.00112; DOI:10.1093/femsyr/foaf043
32408|PEG-32|1|78305|25322-68-3||HUMECTANT;SOLVENT|Poly(oxy-1,2-ethanediyl), .alpha.-hydro-.omega.-hydroxy-, (32 mol EO average molar ratio)|||0.0|0.0|0.0|0.0|0.0|0||||
32420|PEG-4 RAPESEEDAMIDE|1|78445|85536-23-8||VISCOSITY CONTROLLING|Amines, rape-oil, N-(hydroxyethyl), ethoxylated (4 mol EO average molar ratio)|||0.0|0.0|0.0|0.0|0.0|0||||
32461|PEG-40 HYDROGENATED CASTOR OIL|1|78452|61788-85-0||SURFACTANT - EMULSIFYING;SURFACTANT - CLEANSING|Castor oil (Ricinus communis), hydrogenated, ethoxylated (40 mol EO average molar ratio)|||0.0|0.0|0.0|0.0|0.0|0||||
32497|PEG-40 STEARATE|1|76904|9004-99-3||SURFACTANT - EMULSIFYING;SURFACTANT - CLEANSING|Poly(oxy-1,2-ethanediyl), .alpha.-(1-oxooctadecyl)-.omega.-hydroxy- (40 mol EO average molar ratio)|||0.0|0.0|0.0|0.0|0.0|0|||1.0|rule: C11-C24 fatty acid, one of its esters, or polysorbate 20/40/60/80 (src/enrichment/fungal_rule.py); basis: DOI:10.3389/fcimb.2020.00112; DOI:10.1093/femsyr/foaf043
32502|PEG-400|1|56862|25322-68-3||BINDING;EMULSION STABILISING;SOLVENT|Poly(oxy-1,2-ethanediyl), .alpha.-hydro-.omega.-hydroxy- (400 mol EO average molar ratio)|||0.0|0.0|0.0|0.0|0.0|0||||
32506|PEG-45|1|56864|25322-68-3||BINDING;HUMECTANT;SOLVENT|Poly(oxy-1,2-ethanediyl), .alpha.-hydro-.omega.-hydroxy- (45 mol EO average molar ratio)|||0.0|0.0|0.0|0.0|0.0|0||||
32511|PEG-45M|1|76914|25322-68-3||HUMECTANT|Poly(oxy-1,2-ethanediyl), .alpha.-hydro-.omega.-hydroxy- (45,000 mol EO average molar ratio)|||0.0|0.0|0.0|0.0|0.0|0||||
32529|PEG-55 PROPYLENE GLYCOL OLEATE|1|77116|86481-08-5||SURFACTANT - CLEANSING;VISCOSITY CONTROLLING|Poly(oxy-1,2-ethanediyl), .alpha.-(2-(1-oxo-9-(Z)-octadecenyl)oxy-1-methylethyl)-.omega.-hydroxy- (55 mol EO average molar ratio)|||0.0|0.0|0.0|0.0|0.0|0|||1.0|rule: C11-C24 fatty acid, one of its esters, or polysorbate 20/40/60/80 (src/enrichment/fungal_rule.py); basis: DOI:10.3389/fcimb.2020.00112; DOI:10.1093/femsyr/foaf043
32531|PEG-6|1|77118|25322-68-3||HUMECTANT;SOLVENT|.Poly(oxy-1,2-ethanediyl), .alpha.-hydro-.omega.-hydroxy-, (6 mol EO average molar ratio)|||0.0|0.0|0.0|0.0|0.0|0||||
32536|PEG-6 CAPRYLIC/CAPRIC GLYCERIDES|1|77121|||SURFACTANT - EMULSIFYING|Mono-, di- and triglycerides, C8-10, ethoxylated (6 mol EO average molar ratio)|||0.0|0.0|0.0|0.0|0.0|0||||
32556|PEG-60 HYDROGENATED CASTOR OIL|1|77219|61788-85-0||SURFACTANT - EMULSIFYING;SURFACTANT - CLEANSING|Castor oil (Ricinus communis), hydrogenated, ethoxylated (60 mol EO average molar ratio)|||0.0|0.0|0.0|0.0|0.0|0||||
32582|PEG-7 GLYCERYL COCOATE|1|77274|66105-29-1, 68201-46-7||SURFACTANT - EMULSIFYING;SURFACTANT - CLEANSING|Poly(oxy-1,2-ethanediyl), .alpha.,.alpha.',.alpha.''-1,2,3-propanetriyltris-.omega.-hydroxy-, monococonut acid ester (7 mol EO average molar ratio)|||0.0|0.0|0.0|0.0|0.0|0||||
32595|PEG-7 PROPYLHEPTYL ETHER|1|85652|||EMULSION STABILISING||||0.0|0.0|0.0|0.0|0.0|0||||
32610|PEG-8|1|77303|5117-19-1 / 25322-68-3 (generic)|225-856-4|HUMECTANT;SOLVENT|.Poly(oxy-1,2-ethanediyl), .alpha.-hydro-.omega.-hydroxy-, (8 mol EO average molar ratio)|||0.0|0.0|0.0|0.0|0.0|0||||
32615|PEG-8 DISTEARATE|1|77379|9005-08-7||SURFACTANT - EMULSIFYING|Poly(oxy-1,2-ethanediyl), .alpha.-(1-oxooctadecyl)-.omega.-[(1-oxooctadecyl)oxy]- (8 mol EO average molar ratio)|||0.0|0.0|0.0|0.0|0.0|0|||1.0|rule: C11-C24 fatty acid, one of its esters, or polysorbate 20/40/60/80 (src/enrichment/fungal_rule.py); basis: DOI:10.3389/fcimb.2020.00112; DOI:10.1093/femsyr/foaf043
32620|PEG-8 LAURATE|1|77387|9004-81-3||SURFACTANT - EMULSIFYING;SURFACTANT - CLEANSING|Poly(oxy-1,2-ethanediyl), .alpha.-(1-oxododecyl)-.omega.-hydroxy- (8 mol EO average molar ratio)|||0.0|0.0|0.0|0.0|0.0|0|||1.0|rule: C11-C24 fatty acid, one of its esters, or polysorbate 20/40/60/80 (src/enrichment/fungal_rule.py); basis: DOI:10.3389/fcimb.2020.00112; DOI:10.1093/femsyr/foaf043
32621|PEG-8 STEARATE|1|77398|9004-99-3||SURFACTANT - EMULSIFYING;HUMECTANT;SURFACTANT - CLEANSING|Poly(oxy-1,2-ethanediyl), .alpha.-(1-oxooctadecyl)-.omega.-hydroxy- (8 mol EO average molar ratio)|||0.0|0.0|0.0|0.0|0.0|0||3|1.0|"Fulton JE Jr. Comedogenicity and irritancy of commonly used ingredients in skin care products. J Soc Cosmet Chem 1989;40:321-333, Table I, p.324; ISSN:0037-9832 (no DOI/PMID assigned; PDF from library.scconline.org/v040n06/13) | rule: C11-C24 fatty acid, one of its esters, or polysorbate 20/40/60/80 (src/enrichment/fungal_rule.py); basis: DOI:10.3389/fcimb.2020.00112; DOI:10.1093/femsyr/foaf043"
32639|PEG-90 GLYCERYL ISOSTEARATE|1|57522|||CLEANSING|Poly(oxy-1,2-ethanediyl), .alpha.,.alpha.',.alpha.''-1,2,3-propanetriyltris-.omega.-hydroxy-, isooctadecanoate (90 mol EO average molar ratio)|||0.0|0.0|0.0|0.0|0.0|0|||1.0|rule: C11-C24 fatty acid, one of its esters, or polysorbate 20/40/60/80 (src/enrichment/fungal_rule.py); basis: DOI:10.3389/fcimb.2020.00112; DOI:10.1093/femsyr/foaf043
32662|PEG/PPG-120/10 TRIMETHYLOLPROPANE TRIOLEATE|1|83521|||VISCOSITY CONTROLLING|PEG/PPG-120/10 Trimethylolpropane Trioleate is the triester of Oleic Acid and an alkoxylated derivative of Trimethylolpropane containing an average of 120 moles ethylene oxide and 10 moles of propylene oxide; 2-Ethyl-2-hydroxymethyl-1,3-propanediol, ethoxylated, prpoxylated, tris(9(Z)-octadecenoate (120 mol EO, 10 mol PO average molar ratio)|||0.0|0.0|0.0|0.0|0.0|0|||1.0|rule: C11-C24 fatty acid, one of its esters, or polysorbate 20/40/60/80 (src/enrichment/fungal_rule.py); basis: DOI:10.3389/fcimb.2020.00112; DOI:10.1093/femsyr/foaf043
32800|PENTAERYTHRITYL TETRA-DI-T-BUTYL HYDROXYHYDROCINNAMATE|1|58972|6683-19-8|229-722-6|ANTIOXIDANT|Pentaerythrityl Tetra-di-t-butyl Hydroxyhydrocinnamate is the organic compound that conforms to the formula:|||0.0|0.0|0.0|0.0|0.0|0||||
32812|PENTAERYTHRITYL TETRAISOSTEARATE|1|36473|62125-22-8|263-423-1|SKIN CONDITIONING - EMOLLIENT;SURFACTANT - EMULSIFYING;SURFACTANT - CLEANSING||||0.0|0.0|0.0|0.0|0.0|0||2|1.0|"Fulton JE Jr. Comedogenicity and irritancy of commonly used ingredients in skin care products. J Soc Cosmet Chem 1989;40:321-333, Table I, p.324; ISSN:0037-9832 (no DOI/PMID assigned; PDF from library.scconline.org/v040n06/13) | rule: C11-C24 fatty acid, one of its esters, or polysorbate 20/40/60/80 (src/enrichment/fungal_rule.py); basis: DOI:10.3389/fcimb.2020.00112; DOI:10.1093/femsyr/foaf043"
32818|PENTAERYTHRITYLTETRA-DI-T-BUTYLHYDROXYHYDROCINNAMATE|0|||||||||||||0||||
32837|PENTASODIUM TRIPHOSPHATE|1|36486|7758-29-4|231-838-7|BUFFERING;CHELATING||||0.0|0.0|0.0|0.0|0.0|0||||
32864|PENTYLENE GLYCOL|1|58983|5343-92-0|226-285-3|SKIN CONDITIONING;SOLVENT||||0.0|0.0|0.0|0.0|0.0|0||||
32957|PERMANENT COLOUR CREAM AQUA/WATER/EAU|0|||||||||||||0||||
33005|PERSEA GRATISSIMA FRUIT EXTRACT|1|59096|8024-32-6|232-428-0|SKIN CONDITIONING - EMOLLIENT;MOISTURISING;SKIN CONDITIONING;SMOOTHING;SOOTHING|Persea Gratissima Fruit Extract is an extract of the fruit of the Avocado, Persea gratissima, Lauraceae|||0.0|0.0|0.0|0.0|0.0|0||||
33009|PERSEA GRATISSIMA OIL|1|79502|8024-32-6|232-428-0|SKIN CONDITIONING|Persea Gratissima Oil is the fixed oil obtained by pressing the dehydrated sliced flesh of the avocado pear, Persea gratissima, Lauraceae. It consists principally of the glycerides of fatty acids|||0.0|0.0|0.0|0.0|0.0|0||||
33060|PETROLATUM|1|79504|8009-03-8|232-373-2|ANTISTATIC;SKIN CONDITIONING - EMOLLIENT|Petrolatum. A complex combination of hydrocarbons obtained as a semi-solid from dewaxing paraffinic residual oil. It consists predominantly of saturated crystalline and liquid hydrocarbons having carbon numbers predominantly greater than C25|II/904 (except if the full refining history is known and it can be shown that the substance from which it is produced is not a carcinogen)||1.0|0.0|0.0|0.0|0.0|0||||
33076|PEUT CONTENIR|0|||||||||||||0||||
33256|PHENOXYETHANOL|1|36522|122-99-6|204-589-7|ANTIMICROBIAL;PRESERVATIVE|Phenoxyethanol is the aromatic ether alcohol that conforms to the formula:|V/29||0.0|0.0|0.0|1.0|0.0|0||||
33337|PHENYL TRIMETHICONE|1|79701|195868-36-1/ 70131-69-0/ 2116-84-9|-/ -/ 218-320-6|ANTIFOAMING;HAIR CONDITIONING;SKIN CONDITIONING - OCCLUSIVE|Phenyl Trimethicone is the siloxane polymer that conforms generally to the formula|||0.0|0.0|0.0|0.0|0.0|0||||
33352|PHENYLBENZIMIDAZOLE SULFONIC ACID|1|36535|27503-81-7|248-502-0|LIGHT STABILIZER;UV ABSORBER;UV FILTER|Phenylbenzimidazole Sulfonic Acid is the aromatic organic compound that conforms to the formula:|VI/6||0.0|0.0|0.0|0.0|1.0|0||||
33375|PHENYLPROPANOL|1|79707|1335-12-2 / 122-97-4|215-621-4 / 204-587-6|FRAGRANCE;SOLVENT;PERFUMING||||0.0|0.0|0.0|0.0|0.0|0||||
33420|PHOSPHOLIPIDS|1|79711|123465-35-0||SKIN CONDITIONING|Phospholipids|||0.0|0.0|0.0|0.0|0.0|0||||
33436|PHOSPHORIC ACID|1|36546|7664-38-2|231-633-2|BUFFERING||||0.0|0.0|0.0|0.0|0.0|0||||
33464|PHTHALIC ANHYDRIDE/TRIMELLITIC ANHYDRIDE/GLYCOLS COPOLYMER|1|79717|||FILM FORMING;VISCOSITY CONTROLLING|1,3-Isobenzofurandione, polymer with 5-carboxy-1,3-isobenzofurandione, 1,2-ethanediol and 2,2-dimethyl-1,3-propanediol|||0.0|0.0|0.0|0.0|0.0|0||||
33465|PHTHALIMIDOPEROXYCAPROIC ACID|1|59303|128275-31-0|410-850-8|OXIDISING||||0.0|0.0|0.0|0.0|0.0|0||||
33490|PHYTOSPHINGOSINE|1|36557|554-62-1||HAIR CONDITIONING;SKIN CONDITIONING||||0.0|0.0|0.0|0.0|0.0|0||||
33504|PHYTOSTERYL/ISOSTEARYL/CETYL/STEARYL/BEHENYL DIMER DILINOLEATE|1|59398|||HAIR CONDITIONING;SKIN CONDITIONING;VISCOSITY CONTROLLING|9,12(Z,Z)-Octadecadienoic acid dimer, diester with plant sterols, isooctadecanol, hexadecanol, octadecanol and docosanol|||0.0|0.0|0.0|0.0|0.0|0|||1.0|rule: C11-C24 fatty acid, one of its esters, or polysorbate 20/40/60/80 (src/enrichment/fungal_rule.py); basis: DOI:10.3389/fcimb.2020.00112; DOI:10.1093/femsyr/foaf043
33586|PINENE|1|90064|80-56-8|201-291-9|ANTIFOAMING;FRAGRANCE|Pinene is the organic compound|III/371||0.0|1.0|0.0|0.0|0.0|1|EU_ANNEX_III|||
33603|PINUS PINASTER BARK EXTRACT|1|86849|90082-75-0|290-166-2|ANTIOXIDANT|Pinus Pinaster Bark Extract is the extract of the bark of the Maritime Pine, Pinus pinaster, Pinaceae|||0.0|0.0|0.0|0.0|0.0|0||||
33647|PIROCTONE OLAMINE|1|36604|68890-66-4|272-574-2|ANTI-SEBORRHEIC;PRESERVATIVE|Piroctone Olamine is the amine salt that conforms to the formula:|"III/61
V/35"||0.0|1.0|0.0|1.0|0.0|0||||
33667|PISTACIA LENTISCUS GUM OIL|1|84810|61789-92-2|263-098-6|ANTI-SEBORRHEIC;ANTIMICROBIAL;PERFUMING|"Pistacia Lentiscus Gum Oil is the volatile oil obtained from the resin of Pistacia lentiscus L., Anacardiaceae. ""Mastic Oil"""|||0.0|0.0|0.0|0.0|0.0|0||||
33782|PLUKENETIA VOLUBILIS SEED OIL|1|59662|||SKIN CONDITIONING - EMOLLIENT;HUMECTANT;SKIN PROTECTING|Plukenetia Volubilis Seed Oil is the oil expressed from the seeds of Plukenetia volubilis, Euphorbiaceae|||0.0|0.0|0.0|0.0|0.0|0||||
33826|POGOSTEMON CABLIN OIL|1|100009|8014-09-3||FRAGRANCE|Pogostemon Cablin Oil is the volatile oil obtained from the whole plant, Pogostemon cablin.|||0.0|1.0|0.0|0.0|0.0|1|EU_ANNEX_III|||
33947|POLYACRYLAMIDE|1|36687|9003-05-8||ANTISTATIC;BINDING;FILM FORMING||III/66||0.0|1.0|0.0|0.0|0.0|0||||
33957|POLYACRYLATE CROSSPOLYMER-6|1|87557|||EMULSION STABILISING;VISCOSITY CONTROLLING|Polyacrylate Crosspolymer-6 is a copolymer of ammonium acryloyldimethyltaurate, dimethylacrylamide, lauryl methacrylate and laureth-4 methacrylate, crosslinked with trimethylolpropane triacrylate|||0.0|0.0|0.0|0.0|0.0|0||||
33969|POLYACRYLIC ACID|1|78561|9003-01-4||BINDING;EMULSION STABILISING;FILM FORMING;VISCOSITY CONTROLLING||||0.0|0.0|0.0|0.0|0.0|0||||
33989|POLYBUTENE|1|78566|9003-28-5 / 9003-29-6||BINDING;VISCOSITY CONTROLLING|Polybutene is the polymer formed by the polymerization of a mixture of iso- and normal butenes.|||0.0|0.0|0.0|0.0|0.0|0||||
34026|POLYESTER-5|1|58354|||FILM FORMING;VISCOSITY CONTROLLING|Polyester-5 is a copolymer of diethylene glycol, 1,4-cyclohexanedimethanol and the simple esters of isophthalic acid and sulfoisophthalic acid|||0.0|0.0|0.0|0.0|0.0|0||||
34035|POLYETHYLENE|1|78649|9002-88-4||ABRASIVE;FILM FORMING;VISCOSITY CONTROLLING||||0.0|0.0|0.0|0.0|0.0|0||||
34047|POLYETHYLENE TEREPHTHALATE|1|36708|25038-59-9||FILM FORMING|Poly(oxy-1,2-ethanediyloxycarbonyl-1,4-phenylenecarbonyl)|||0.0|0.0|0.0|0.0|0.0|0||||
34111|POLYGLYCERYL-10 CAPRYLATE/CAPRATE|1|88368|||SURFACTANT - EMULSIFYING;SOLVENT;LIGHT STABILIZER;SURFACTANT - CLEANSING|Polyglyceryl-10 Caprylate/Caprate is the monoester of Polyglycerin-10 and a blend of caprylic and capric acids.|||0.0|0.0|0.0|0.0|0.0|0||||
34134|POLYGLYCERYL-2 DIPOLYHYDROXYSTEARATE|1|84283|144470-58-6||SKIN CONDITIONING|Octadecanoic acid, 12-hydroxy-, homopolymer, ester with oxybis(propanediol)|||0.0|0.0|0.0|0.0|0.0|0||||
34146|POLYGLYCERYL-2 TRIISOSTEARATE|1|78790|120486-24-0||SURFACTANT - EMULSIFYING|1,2,3-Propanetriol, homopolymer, isooctadecanoates (1:3) (2 mol glycerol average molar ratio)|||0.0|0.0|0.0|0.0|0.0|0|||1.0|rule: C11-C24 fatty acid, one of its esters, or polysorbate 20/40/60/80 (src/enrichment/fungal_rule.py); basis: DOI:10.3389/fcimb.2020.00112; DOI:10.1093/femsyr/foaf043
34156|POLYGLYCERYL-3 BEESWAX|1|78885|136097-93-3||SURFACTANT - EMULSIFYING|Ester of triglycerol and beeswax fatty acids|||0.0|0.0|0.0|0.0|0.0|0||||
34167|POLYGLYCERYL-3 DICITRATE/STEARATE|1|88919|||SURFACTANT - EMULSIFYING;SURFACTANT - CLEANSING|Polyglyceryl-3 Dicitrate/Stearate is the diester of Polyglycerin-3 with a mixture of Citric Acid and Stearic Acid.|||0.0|0.0|0.0|0.0|0.0|0||||
34171|POLYGLYCERYL-3 DIISOSTEARATE|1|78891|66082-42-6 / 85666-92-8||SURFACTANT - EMULSIFYING|1,2,3-Propanetriol, homopolymer, isodecanoates (1:2) (3 mol glycerol average molar ratio)|||0.0|0.0|0.0|0.0|0.0|0||4|1.0|"Fulton JE Jr. Comedogenicity and irritancy of commonly used ingredients in skin care products. J Soc Cosmet Chem 1989;40:321-333, Table I, p.324; ISSN:0037-9832 (no DOI/PMID assigned; PDF from library.scconline.org/v040n06/13) | rule: C11-C24 fatty acid, one of its esters, or polysorbate 20/40/60/80 (src/enrichment/fungal_rule.py); basis: DOI:10.3389/fcimb.2020.00112; DOI:10.1093/femsyr/foaf043"
34184|POLYGLYCERYL-3 METHYLGLUCOSE DISTEARATE|1|78897|||SURFACTANT - EMULSIFYING|Methyl-D-glucopyranoside, ethers with 1,2,3-propanetriol homopolymer, octadecanoates (1:1:2)  (3 mol glycerol average molar ratio)|||0.0|0.0|0.0|0.0|0.0|0|||1.0|rule: C11-C24 fatty acid, one of its esters, or polysorbate 20/40/60/80 (src/enrichment/fungal_rule.py); basis: DOI:10.3389/fcimb.2020.00112; DOI:10.1093/femsyr/foaf043
34207|POLYGLYCERYL-4 CAPRATE|1|78907|160391-93-5||SURFACTANT - EMULSIFYING|1,2,3-Propanetriol, homopolymer, decanoates (1:1) (4 mol glycerol average molar ratio)|||0.0|0.0|0.0|0.0|0.0|0||||
34214|POLYGLYCERYL-4 DIISOSTEARATE/POLYHYDROXYSTEARATE/SEBACATE|1|82532|||SURFACTANT - EMULSIFYING;EMULSION STABILISING;SURFACTANT - CLEANSING|Polyglyceryl-4 Diisostearate/Polyhydroxystearate/Sebacate is a diester of a mixture of isostearic, polyhydroxystearic and sebacic acids with Polyglycerin-4|||0.0|0.0|0.0|0.0|0.0|0||||
34243|POLYGLYCERYL-6 DISTEARATE|1|78925|34424-97-0|252-010-1|SURFACTANT - EMULSIFYING|diester of hexaglycerol and stearic acid|||0.0|0.0|0.0|0.0|0.0|0|||1.0|rule: C11-C24 fatty acid, one of its esters, or polysorbate 20/40/60/80 (src/enrichment/fungal_rule.py); basis: DOI:10.3389/fcimb.2020.00112; DOI:10.1093/femsyr/foaf043
34283|POLYHYDROXYSTEARIC ACID|1|79007|27924-99-8 / 58128-22-6||SURFACTANT - EMULSIFYING|12-Hydroxyoctadecanoic acid, homopolymer|||0.0|0.0|0.0|0.0|0.0|0||||
34287|POLYISOBUTENE|1|79008|9003-27-4||BINDING;FILM FORMING;VISCOSITY CONTROLLING||||0.0|0.0|0.0|0.0|0.0|0||||
34304|POLYMETHYLSILSESQUIOXANE|1|79017|68554-70-1||OPACIFYING|Polymer formed by hydrolysis and condensation of methyltrimethoxysilane|||0.0|0.0|0.0|0.0|0.0|0||||
34322|POLYPHENYLSILSESQUIOXANE|1|82220|70131-69-0||BINDING;FILM FORMING;OPACIFYING|Polyphenylsilsesquioxane is a polymeric silicone resin that conforms generally to the formula, where R is a phenyl group.|||0.0|0.0|0.0|0.0|0.0|0||||
34360|POLYQUATER NIUM-10|0|||||||||||||0||||
34392|POLYQUATERNIUM-10|1|79107|81859-24-7 / 53568-66-4 / 54351-50-7 / 55353-19-0 / 68610-92-4 / 81859-24-7|*617-262-2 / *611-015-2 / *614-667-6|ANTISTATIC;FILM FORMING|"Cellulose, 2-(2-hydroxy-3-(trimethylammonium)propoxy)ethyl ether, chloride;
Cellulose, 2-hydroxyethyl 2-[2-hydroxy-3-(trimethylammonio)propoxy]ethyl 2-hydroxy-3-(trimethylammonio)propyl ether, chloride 
Cellulose, ether with alpha-[2-hydroxy-3-(trimethylammonio)propyl]-omega-hydroxypoly(oxy-1,2-ethanediyl), chloride"|||0.0|0.0|0.0|0.0|0.0|0||||
34398|POLYQUATERNIUM-11|1|79108|53633-54-8||ANTISTATIC;FILM FORMING|2-Propenoic acid, 2-methyl-, 2-(dimethylamino)ethyl ester, polymer with 1-ethenyl-2-pyrrolidinone, compd. with diethyl sulphate|||0.0|0.0|0.0|0.0|0.0|0||||
34406|POLYQUATERNIUM-37|1|79206|26161-33-1||ANTISTATIC;FILM FORMING|Ethanaminium, N, N, N-trimethyl-2-((2-methyl-1-oxo-2-propenyl)oxy)-, chloride, homopolymer|||0.0|0.0|0.0|0.0|0.0|0||||
34419|POLYQUATERNIUM-6|1|36881|26062-79-3||ANTISTATIC;FILM FORMING|Polyquaternium-6 is a polymeric quaternary ammonium salt of dimethyl diallyl ammonium chloride|||0.0|0.0|0.0|0.0|0.0|0||||
34425|POLYQUATERNIUM-7|1|36882|26590-05-6||ANTISTATIC;FILM FORMING|Polyquaternium-7 is the polymeric quaternary ammonium salt of acrylamide and dimethyl diallyl ammonium chloride|III/66||0.0|1.0|0.0|0.0|0.0|0||||
34461|POLYSILICONE-11|1|79220|63394-02-5|*613-211-3|FILM FORMING|Cyclosiloxanes, dimethyl, polymers with dimethyl, methyl hydrogen siloxanes and vinyl-group terminated dimethylsiloxanes|||0.0|0.0|0.0|0.0|0.0|0||||
34479|POLYSORBATE 20|1|79318|9005-64-5||SURFACTANT - EMULSIFYING;SURFACTANT - CLEANSING|Sorbitan, monododecanoate, poly(oxy-1,2-ethanediyl) derivs.|||0.0|0.0|0.0|0.0|0.0|0||0|1.0|"Fulton JE Jr. Comedogenicity and irritancy of commonly used ingredients in skin care products. J Soc Cosmet Chem 1989;40:321-333, Table I, p.324; ISSN:0037-9832 (no DOI/PMID assigned; PDF from library.scconline.org/v040n06/13) | rule: C11-C24 fatty acid, one of its esters, or polysorbate 20/40/60/80 (src/enrichment/fungal_rule.py); basis: DOI:10.3389/fcimb.2020.00112; DOI:10.1093/femsyr/foaf043"
34492|POLYSORBATE 60|1|79321|9005-67-8||SURFACTANT - EMULSIFYING;SURFACTANT - CLEANSING|Sorbitan, monooctadecanoate, poly(oxy-1,2-ethanediyl) derivs.|||0.0|0.0|0.0|0.0|0.0|0|||1.0|rule: C11-C24 fatty acid, one of its esters, or polysorbate 20/40/60/80 (src/enrichment/fungal_rule.py); basis: DOI:10.3389/fcimb.2020.00112; DOI:10.1093/femsyr/foaf043
34500|POLYSORBATE 80|1|36902|9005-65-6||DENATURANT;SURFACTANT - EMULSIFYING;SURFACTANT - CLEANSING|Sorbitan, mono-9-octadecenoate, poly(oxy-1,2-ethanediyl) derivs., (Z)-|||0.0|0.0|0.0|0.0|0.0|0||0|1.0|"Fulton JE Jr. Comedogenicity and irritancy of commonly used ingredients in skin care products. J Soc Cosmet Chem 1989;40:321-333, Table I, p.324; ISSN:0037-9832 (no DOI/PMID assigned; PDF from library.scconline.org/v040n06/13) | rule: C11-C24 fatty acid, one of its esters, or polysorbate 20/40/60/80 (src/enrichment/fungal_rule.py); basis: DOI:10.3389/fcimb.2020.00112; DOI:10.1093/femsyr/foaf043"
34518|POLYSORBATE-20|0|||||||||||||0||||
34534|POLYURETHANE-11|1|58914|||FILM FORMING|Adipic acid, 1,4-butanediol, isophthalic acid, methylene bis-(4-cyclohexylisocyanate), neopentyl glycol and trimethylolpropane copolymer|||0.0|0.0|0.0|0.0|0.0|0||||
34535|POLYURETHANE-33|1|85977|||BINDING|Polyurethane-33 is a complex polymer formed by reacting dimethylolpropionic acid and a polyester composed of Adipic Acid, Hexylene Glycol, Neopentyl Glycol with methylene dicyclohexyldiisocyanate (SMDI) to form a prepolymer. The prepolymer is neutralized with triethylamine and then chain-extended with hydrazine|||0.0|0.0|0.0|0.0|0.0|0||||
34536|POLYURETHANE-34|1|85973|||BINDING|Polyurethane-34 is a complex polymer that is formed in a multi-step reaction. A copolymer of Hexanediol, Neopentyl Glycol, and Adipic Acid is reacted with hexamethylene diisocyanate. The resulting polymer is further reacted with N-(2-aminoethyl)-3-aminoethanesulfonic acid and ethylenediamine|||0.0|0.0|0.0|0.0|0.0|0||||
34544|POLYVINYL ALCOHOL|1|79330|9002-89-5 / 25213-24-5||FILM FORMING;VISCOSITY CONTROLLING||||0.0|0.0|0.0|0.0|0.0|0||||
34596|PORTUGAL A ECOPONTO SONAE AMARELO|0|||||||||||||0||||
34600|PORTULACA PILOSA EXTRACT|1|86803|||SKIN CONDITIONING|Portulaca Pilosa Extract is the extract of the whole plant, Portulaca pilosa L., Portulacaceae|||0.0|0.0|0.0|0.0|0.0|0||||
34675|POTASSIUM CETYL PHOSPHATE|1|79512|84861-79-0; 19035-79-1|284-374-2; 242-768-1|SURFACTANT - EMULSIFYING;SURFACTANT - CLEANSING|1-hexadecanol, phosphate, potassium salt|||0.0|0.0|0.0|0.0|0.0|0||||
34682|POTASSIUM CHLORIDE|1|36948|7447-40-7|231-211-8|VISCOSITY CONTROLLING||||0.0|0.0|0.0|0.0|0.0|0||||
34685|POTASSIUM CITRATE|1|36949|866-84-2|212-755-5|BUFFERING;CHELATING||||0.0|0.0|0.0|0.0|0.0|0||||
34687|POTASSIUM COCOATE|1|79516|61789-30-8|263-049-9|SURFACTANT - EMULSIFYING;SURFACTANT - CLEANSING|Potassum salt of coconut acid|||0.0|0.0|0.0|0.0|0.0|0||||
34691|POTASSIUM COCOYL GLYCINATE|1|59110|301341-58-2||HAIR CONDITIONING;SURFACTANT - CLEANSING||||0.0|0.0|0.0|0.0|0.0|0||||
34700|POTASSIUM HYALURONATE|1|79543|31799-91-4||SKIN CONDITIONING||||0.0|0.0|0.0|0.0|0.0|0||||
34704|POTASSIUM HYDROXIDE|1|36981|1310-58-3|215-181-3|BUFFERING|Potassium Hydroxide is the inorganic base|III/15a, 15d||0.0|1.0|0.0|0.0|0.0|0||||
34718|POTASSIUM LACTATE|1|79615|996-31-6 / 85895-78-9|213-631-3 / 288-752-8|BUFFERING;HUMECTANT;SKIN CONDITIONING||||0.0|0.0|0.0|0.0|0.0|0||||
34733|POTASSIUM NITRATE|1|37002|7757-79-1|231-818-8|ORAL CARE;SOOTHING||||0.0|0.0|0.0|0.0|0.0|0||||
34741|POTASSIUM OLIVATE|1|79637|68154-77-8|268-921-2|SURFACTANT - EMULSIFYING;SURFACTANT - CLEANSING|Potassium salt of the fatty acids derived from Olea Europaea|||0.0|0.0|0.0|0.0|0.0|0||||
34744|POTASSIUM OLIVOYL PCA|1|82767|||CLEANSING;HUMECTANT||||0.0|0.0|0.0|0.0|0.0|0||||
34753|POTASSIUM PHOSPHATE|1|79722|7778-77-0 / 16068-46-5|231-913-4 / 240-213-8|BUFFERING||||0.0|0.0|0.0|0.0|0.0|0||||
34775|POTASSIUM SORBATE|1|37025|24634-61-5 / 590-00-1|246-376-1|FRAGRANCE;PRESERVATIVE|Potassium Sorbate is the organic salt that conforms generally to the formula:|V/4||0.0|0.0|0.0|1.0|0.0|0||||
34946|PPG-1 TRIDECETH-6|1|79829|||SKIN CONDITIONING;SURFACTANT - CLEANSING|Tridecanol, ethoxylated, propoxylated (6 mol EO, 1 mol PO average molar ratio)|||0.0|0.0|0.0|0.0|0.0|0||||
34950|PPG-1-PEG-9 LAURYL GLYCOL ETHER|1|79934|||SURFACTANT - EMULSIFYING;SURFACTANT - CLEANSING|2-(2-Hydroxydodecyloxy)ethanol, ethoxylated, propoxylated (9 mol EO, 1 mol PO average molar ratio)|||0.0|0.0|0.0|0.0|0.0|0||||
34957|PPG-12|1|79842|25322-69-4||SKIN CONDITIONING|Poly[oxy(methyl-1,2-ethanediyl)], .alpha.-hydro-.omega.-hydroxy- (12 mol PO average molar ratio)|||0.0|0.0|0.0|0.0|0.0|0||||
34966|PPG-14 BUTYL ETHER|1|79852|9003-13-8||HAIR CONDITIONING;SKIN CONDITIONING|Polyoxypropylene (14) butyl ether|||0.0|0.0|0.0|0.0|0.0|0||||
34977|PPG-15 STEARYL ETHER|1|37082|25231-21-4||SKIN CONDITIONING - EMOLLIENT|Poly[oxy(methyl-1,2-ethanediyl)], .alpha.-octadecyl-.omega.-hydroxy-|||0.0|0.0|0.0|0.0|0.0|0||||
34990|PPG-2 HYDROXYETHYL COCAMIDE|1|59511|||SURFACTANT - EMULSIFYING;SURFACTANT - CLEANSING|Fatty acids, coconut, reaction products with ethanolamine, propoxylated (2 mol PO average molar ratio)|||0.0|0.0|0.0|0.0|0.0|0||||
34997|PPG-2 METHYL ETHER|1|37103|13429-07-7 / 34590-94-8|236-547-9 / 252-104-2|SOLVENT;PERFUMING|1-(2-Methoxypropoxy)propan-2-ol; (2-Methoxymethylethoxy)propanol|||0.0|0.0|0.0|0.0|0.0|0||||
35007|PPG-26-BUTETH-26|1|80039|9038-95-3 / 9065-63-8||HAIR CONDITIONING;SKIN CONDITIONING|Oxirane, methyl-, polymer with oxirane, monobutyl ether|||0.0|0.0|0.0|0.0|0.0|0||||
35044|PPG-5-CETETH-20|1|78589|9087-53-0 / 37311-01-6||SURFACTANT - EMULSIFYING;SURFACTANT - CLEANSING|Oxirane, methyl-, polymer with oxirane, hexadecyl ether|||0.0|0.0|0.0|0.0|0.0|0||||
35049|PPG-6|1|88191|||SKIN CONDITIONING;SOLVENT|PPG-6 is the polymer of propylene oxide|||0.0|0.0|0.0|0.0|0.0|0||||
35056|PPG-9|1|78670|25322-69-4||SKIN CONDITIONING|Poly[oxy(methyl-1,2-ethanediyl)], .alpha.-hydro-.omega.-hydroxy- (9 mol PO average molar ratio)|||0.0|0.0|0.0|0.0|0.0|0||||
35264|PROCTER GAMBLE STRASSE 1|0|||||||||||||0||||
35334|PROPANE|1|37260|74-98-6|200-827-9|PROPELLANT||||0.0|0.0|0.0|0.0|0.0|0||||
35349|PROPANEDIOL|1|58392|504-63-2|207-997-3|SOLVENT;VISCOSITY CONTROLLING|Propanediol is the organic compound that conforms to the formula|||0.0|0.0|0.0|0.0|0.0|0||||
35390|PROPOLIS CERA|1|58393|85665-41-4|288-130-6|ANTI-SEBUM;MOISTURISING;SMOOTHING|Propolis cera is the waxy component of the resinous material found in beehives|||0.0|0.0|0.0|0.0|0.0|0||||
35435|PROPYL NE GLYCOL|0|||||||||||||0||||
35454|PROPYLEN GLYCOL|0|||||||||||||0||||
35455|PROPYLENE|0|||||||||||||0||||
35462|PROPYLENE CARBONATE|1|37268|108-32-7|203-572-1|SOLVENT;VISCOSITY CONTROLLING||||0.0|0.0|0.0|0.0|0.0|0||||
35492|PROPYLENE GLYCOL|1|37269|57-55-6|200-338-0|HUMECTANT;FRAGRANCE;SOLVENT;VISCOSITY CONTROLLING;SKIN CONDITIONING - HUMECTANT;SKIN CONDITIONING - MISCELLANEOUS|Propylene Glycol is the aliphatic alcohol that conforms generally to the formula|||0.0|0.0|0.0|0.0|0.0|0||0|0.0|Fulton JE Jr. Comedogenicity and irritancy of commonly used ingredients in skin care products. J Soc Cosmet Chem 1989;40:321-333, Table I, p.324; ISSN:0037-9832 (no DOI/PMID assigned; PDF from library.scconline.org/v040n06/13)
35500|PROPYLENE GLYCOL DICAPRYLATE/DICAPRATE|1|78795|68583-51-7 / 58748-27-9 / 68988-72-7|271-516-3|SKIN CONDITIONING - EMOLLIENT|Decanoic acid, mixed diesters with octanoic acid and propylene glycol|||0.0|0.0|0.0|0.0|0.0|0||1|0.0|Fulton JE Jr. Comedogenicity and irritancy of commonly used ingredients in skin care products. J Soc Cosmet Chem 1989;40:321-333, Table I, p.324; ISSN:0037-9832 (no DOI/PMID assigned; PDF from library.scconline.org/v040n06/13)
35574|PROPYLPARABEN|1|37312|94-13-3|202-307-7|PRESERVATIVE;PERFUMING|Propylparaben is the ester of n-propyl alcohol and p-hydroxybenzoic acid. It conforms to the formula:|V/12||0.0|0.0|0.0|1.0|0.0|0||0|0.0|Fulton JE Jr. Comedogenicity and irritancy of commonly used ingredients in skin care products. J Soc Cosmet Chem 1989;40:321-333, Table I, p.326; ISSN:0037-9832 (no DOI/PMID assigned; PDF from library.scconline.org/v040n06/13)
35727|PRUNUS AMYGDALUS DULCIS OIL|1|78927|8007-69-0 / 90320-37-9|291-063-5|SKIN CONDITIONING|Prunus Amygdalus Dulcis Oil is the fixed oil obtained from the ripe seed kernel of the Sweet Almond Tree, Prunus amygdalus var. dulcis, Rosaceae|||0.0|0.0|0.0|0.0|0.0|0||||
35747|PRUNUS AMYGDALUS DULCIS SEED EXTRACT|1|58569|90320-37-9|291-063-5|SKIN CONDITIONING|Prunus Amygdalus Dulcis Seed Extract is an extract of the seeds of the Sweet Almond Tree, Prunus amygdalus var. dulcis, Rosaceae|||0.0|0.0|0.0|0.0|0.0|0||||
35790|PRUNUS ARMENIACA KERNEL OIL|1|78931|68650-44-2 / 72869-69-3|272-046-1|FRAGRANCE;SKIN CONDITIONING|Prunus Armeniaca Kernel Oil is the fixed oil expressed from the kernels of the Apricot, Prunus armeniaca L., Rosaceae|||0.0|0.0|0.0|0.0|0.0|0||||
35791|PRUNUS ARMENIACA KERNEL OIL / APRICOT KERNEL OIL|0|||||||||||||0||||
35797|PRUNUS ARMENIACA SEED POWDER|1|78933|68650-44-2|272-046-1|ABRASIVE|Prunus Armeniaca Seed Powder is the powder ground from the seeds of the Apricot, Prunus armeniaca L., Rosaceae|||0.0|0.0|0.0|0.0|0.0|0||||
35815|PRUNUS CERASUS JUICE|1|58581|89997-53-5|289-688-3|SKIN CONDITIONING|Prunus Cerasus Juice is the juice expressed from the fruit of the Bitter Cherry, Prunus cerasus L., Rosaceae|||0.0|0.0|0.0|0.0|0.0|0||||
35829|PRUNUS PERSICA EXTRACT|1|95329|84012-34-0|281-678-7|CLEANSING;HAIR CONDITIONING;MOISTURISING;SKIN CONDITIONING|Prunus Persica (Peach) Fruit Extract is the extract of the fruit of Prunus persica, Rosaceae.|||0.0|0.0|0.0|0.0|0.0|0||||
35838|PRUNUS PERSICA KERNEL OIL|1|79021|8002-78-6 / 8023-98-1 / 84012-34-0|281-678-7|SKIN CONDITIONING - EMOLLIENT;SKIN CONDITIONING|Prunus Persica Kernel Oil is the oil expressed from the kernels of the Peach, Prunus persica, Rosaceae|||0.0|0.0|0.0|0.0|0.0|0||||
35841|PRUNUS PERSICA SEED POWDER|1|79023|84012-34-0|281-678-7|ABRASIVE;BULKING|Prunus Persica Seed Powder is a powder obtained from the dried, ground pits of the Peach, Prunus persica, Rosaceae|||0.0|0.0|0.0|0.0|0.0|0||||
35854|PRUNUSAMYGDALUS DULCIS OIL|0|||||||||||||0||||
35956|PUNICA GRANATUM FRUIT EXTRACT|1|58770|84961-57-9|284-646-0|SKIN CONDITIONING|Punica Granatum Fruit Extract is an extract of the fruit of the Pomegranate, Punica granatum L., Punicaceae|||0.0|0.0|0.0|0.0|0.0|0||||
35961|PUNICA GRANATUM SEED EXTRACT|1|58774|84961-57-9|284-646-0|SKIN CONDITIONING|Punica Granatum Seed Extract is an extract of the seeds of the Pomegranate, Punica granatum L., Punicaceae|||0.0|0.0|0.0|0.0|0.0|0||||
36003|PVM/MA COPOLYMER|1|79129|9011-16-9||ANTISTATIC;BINDING;EMULSION STABILISING;FILM FORMING;HAIR FIXING;VISCOSITY CONTROLLING|2,5-Furandione, polymer with methoxyethene; copolymer of methyl vinyl ether and maleic anhydride|||0.0|0.0|0.0|0.0|0.0|0||||
36008|PVP|1|37364|9003-39-8||ANTISTATIC;BINDING;EMULSION STABILISING;FILM FORMING;HAIR FIXING;VISCOSITY CONTROLLING||||0.0|0.0|0.0|0.0|0.0|0||0|0.0|Fulton JE Jr. Comedogenicity and irritancy of commonly used ingredients in skin care products. J Soc Cosmet Chem 1989;40:321-333, Table I, p.325; ISSN:0037-9832 (no DOI/PMID assigned; PDF from library.scconline.org/v040n06/13)
36026|PYRIDOXINE HCI|0|||||||||||||0||||
36099|QUA|0|||||||||||||0||||
36125|QUATERNIUM-18|1|37408|61789-80-8|263-090-2|ANTISTATIC;HAIR CONDITIONING;SURFACTANT - CLEANSING|Quaternary ammonium compounds, bis(hydrogenated tallow alkyl)dimethyl, chlorides|||0.0|0.0|0.0|0.0|0.0|0||||
36130|QUATERNIUM-80|1|79356|134737-05-6||ANTISTATIC;HAIR CONDITIONING|Siloxanes and Silicones, dimethyl, 3-[3-[(3-coco amidopropyl)dimethylammonio]- 2-hydroxypropoxy]propyl group-terminated, acetates (salts)|||0.0|0.0|0.0|0.0|0.0|0||||
36132|QUATERNIUM-87|1|58937|92201-88-2|931-745-8|CLEANSING;HAIR CONDITIONING;SURFACTANT - CLEANSING|Imidazolium compounds, 2-(C9-19 and C9-19-unsatd. Alkyl)-1-[(C10-20 and C10-20-unsatd. Amido)ethyl]-4,5-dihydro-1-Me, Me sulfates|||0.0|0.0|0.0|0.0|0.0|0||||
36293|RAPESEED SEED OIL|0|||||||||||||0||||
36354|REBAUDIOSIDE A|1|91737|58543-16-1||SKIN CONDITIONING||||0.0|0.0|0.0|0.0|0.0|0||||
36398|RED 28 LAKE (CI 45410)|0|||||||||||||0||||
36463|RED 7 (CI 15850)|0|||||||||||||0||||
36468|RED 7 LAKE (CI 15850)|0|||||||||||||0||||
36607|RESORCINOL|1|79461|108-46-3|203-585-2|ANTIOXIDANT;DENATURANT;HAIR DYEING;PERFUMING|Resorcinol is the phenol that conforms to the formula|III/22||0.0|1.0|0.0|0.0|0.0|0||||
36633|RETINYL LINOLEATE|1|37481|631-89-0|426-960-4|SKIN CONDITIONING||||0.0|0.0|0.0|0.0|0.0|0|||1.0|rule: C11-C24 fatty acid, one of its esters, or polysorbate 20/40/60/80 (src/enrichment/fungal_rule.py); basis: DOI:10.3389/fcimb.2020.00112; DOI:10.1093/femsyr/foaf043
36635|RETINYL PALMITATE|1|37482|79-81-2|201-228-5|SKIN CONDITIONING - MISCELLANEOUS|Retinyl Palmitate is the ester of Retinol and palmitic acid.|III/376||0.0|1.0|0.0|0.0|0.0|0|||1.0|rule: C11-C24 fatty acid, one of its esters, or polysorbate 20/40/60/80 (src/enrichment/fungal_rule.py); basis: DOI:10.3389/fcimb.2020.00112; DOI:10.1093/femsyr/foaf043
36678|RHAMNOSE|1|79550|3615-41-6 / 10030-85-0|222-793-4|HUMECTANT;FRAGRANCE||||0.0|0.0|0.0|0.0|0.0|0||||
36774|RICINUS COMMUNIS SEED OIL|1|37514|8001-79-4|232-293-8|FRAGRANCE;SKIN CONDITIONING;PERFUMING|Ricinus Communis Seed Oil is the fixed oil obtained from the seeds of Castor, Ricinus communis, Euphorbiaceae|||0.0|0.0|0.0|0.0|0.0|0||||
37102|ROSE KETONE|0|||||||||||||0||||
37104|ROSE KETONES|1|100233|||FRAGRANCE||||0.0|0.0|0.0|0.0|0.0|1|EU_ANNEX_III|||
37164|ROSMARINUS OFFICINALIS EXTRACT|1|79766|84604-14-8|283-291-9|ANTIMICROBIAL;REFRESHING;TONIC|Rosmarinus Officinalis Extract is the extract of the whole plant of the Rosemary, Rosmarinus officinalis L., Lamiaceae|||0.0|0.0|0.0|0.0|0.0|0||||
37174|ROSMARINUS OFFICINALIS LEAF EXTRACT|1|79767|84604-14-8|283-291-9|ANTIMICROBIAL;FRAGRANCE;SKIN CONDITIONING|Rosmarinus Officinalis Leaf Extract is an extract of the leaves of the Rosemary, Rosmarinus officinalis L., Lamiaceae|||0.0|0.0|0.0|0.0|0.0|0||||
37179|ROSMARINUS OFFICINALIS LEAF OIL|1|79866|84604-14-8 / 8000-25-7|283-291-9|FRAGRANCE;SKIN CONDITIONING|Rosmarinus Officinalis Leaf Oil is the essential oil obtained from the flowering tops and leaves of the Rosemary, Rosmarinus officinalis L., Lamiaceae|||0.0|0.0|0.0|0.0|0.0|0||||
37264|RUBUS FRUTICOSUS JUICE|1|59440|84787-69-9|284-110-6|ASTRINGENT|Rubus Fruticosus Juice is the liquid expressed from the juice of the Blackberry, Rubus fruticosus L., Rosaceae|||0.0|0.0|0.0|0.0|0.0|0||||
37269|RUBUS IDAEUS FRUIT EXTRACT|1|59444|84929-76-0|284-554-0|ASTRINGENT;KERATOLYTIC;SKIN CONDITIONING;SMOOTHING;TONIC|Rubus idaeus fruit Extract is an extract of the fruit of the Raspberry, Rubus idaeus L., Rosaceae|||0.0|0.0|0.0|0.0|0.0|0||||
37275|RUBUS IDAEUS LEAF EXTRACT|1|37552|84929-76-0|284-554-0|SKIN CONDITIONING|Rubus Idaeus Leaf Extract is an extract of the leaves of the Raspberry, Rubus idaeus L., Rosaceae|||0.0|0.0|0.0|0.0|0.0|0||||
37383|S RUM SOIN|0|||||||||||||0||||
37439|S.A. RUA JO O MENDON A|0|||||||||||||0||||
37632|SALICYLIC ACID|1|37595|69-72-7|200-712-3|ANTI-SEBORRHEIC;HAIR CONDITIONING;KERATOLYTIC;FRAGRANCE;PRESERVATIVE;SKIN CONDITIONING|Salicylic Acid is the aromatic acid that conforms to the formula:|"III/98
V/3"||0.0|1.0|0.0|1.0|0.0|0||||
37664|SALVADORA PERSICA|0|||||||||||||0||||
37697|SALVIA OFFICINALIS LEAF EXTRACT|1|59698|84082-79-1 / 8022-56-8|282-025-9|ANTI-SEBORRHEIC;CLEANSING;ORAL CARE;SKIN CONDITIONING;TONIC|Salvia Officinalis Leaf Extract is an extract of the leaves of the Sage, Salvia officinalis L., Lamiaceae|||0.0|0.0|0.0|0.0|0.0|0||||
37712|SALVIA SCLAREA OIL|1|80204|8016-63-5 / 84775-83-7|283-911-8|FRAGRANCE;TONIC|Salvia Sclarea Oil is a volatile oil obtained from the Clary Sage, Salvia sclarea L., Lamiaceae|||0.0|0.0|0.0|0.0|0.0|0||||
37818|SAPINDUS MUKUROSSI FRUIT EXTRACT|0|||||||||||||0||||
37822|SAPONARIA OFFICINALIS LEAF EXTRACT|1|58273|84775-97-3|283-921-2|ANTIMICROBIAL;CLEANSING|Saponaria Officinalis Leaf Extract is an extract of the leaves of the Soap Wort, Saponaria officinalis L., Caryophyllaceae|||0.0|0.0|0.0|0.0|0.0|0||||
37906|SAVON 30 (SODIUM PALMATE, SODIUM COCOATE)|0|||||||||||||0||||
37946|SCHINZIOPHYTON RAUTANENII KERNEL OIL|1|58296|||SKIN CONDITIONING - EMOLLIENT|Schinziophyton Rautanenii Kernel Oil is tha oil expressed from the kernel of Schinziophyton Rautanenii|||0.0|0.0|0.0|0.0|0.0|0||||
37975|SCLEROCARYA BIRREA SEED OIL|1|58399|||HAIR CONDITIONING;HUMECTANT|Sclerocarya Birrea Seed Oil is the oil expressed from the seeds of the Sclerocarya birrea, Anacardiaceae|||0.0|0.0|0.0|0.0|0.0|0||||
37978|SCLEROTIUM GUM|1|78705|39464-87-4|254-464-6|EMULSION STABILISING;SKIN CONDITIONING;VISCOSITY CONTROLLING|Sclerotium rolfssii gum|||0.0|0.0|0.0|0.0|0.0|0||||
38109|SELAGINELLA LEPIDOPHYLLA AERIAL EXTRACT|0|||||||||||||0||||
38168|SERENOA SERRULATA FRUIT EXTRACT|1|58424|84604-15-9|283-292-4|SKIN CONDITIONING|Serenoa Serrulata Fruit Extract is an extract of the fruit of the Saw Palm, Serenoa Serrulata, Palmaceae|||0.0|0.0|0.0|0.0|0.0|0||||
38179|SERINE|1|37660|302-84-1 / 56-45-1|206-130-6 / 200-274-3|ANTISTATIC;HAIR CONDITIONING;FRAGRANCE;SKIN CONDITIONING||||0.0|0.0|0.0|0.0|0.0|0||||
38367|SILICA|1|78845|7631-86-9 / 112945-52-5 / 60676-86-0|231-545-4 / 262-373-8 /310-060-2|ABRASIVE;ABSORBENT;ANTICAKING;BULKING;OPACIFYING;VISCOSITY CONTROLLING|Silicon dioxide|||0.0|0.0|0.0|0.0|0.0|0||||
38379|SILICA DIMETHYL SILYLATE|1|37684|68611-44-9|271-893-4|ANTICAKING;ANTIFOAMING;SKIN CONDITIONING - EMOLLIENT;EMULSION STABILISING;VISCOSITY CONTROLLING|Silane, dichlorodimethyl-, reaction products with silica|||0.0|0.0|0.0|0.0|0.0|0||||
38401|SILICA NANO /SILICA|0|||||||||||||0||||
38402|SILICA SILYLATE|1|78847|||ANTICAKING;ANTIFOAMING;BULKING;SKIN CONDITIONING - EMOLLIENT;EMULSION STABILISING;SKIN CONDITIONING;VISCOSITY CONTROLLING|Amorphous silica, reaction products with trimethylsilane|||0.0|0.0|0.0|0.0|0.0|0||||
38439|SILICONE QUATERNIUM-17|1|58524|519142-86-0||SURFACTANT - EMULSIFYING;HAIR CONDITIONING;SURFACTANT - CLEANSING|Silicones and siloxanes, 3-(2,3-dihydroxypropoxy)propyl methyl, cocoamidopropyldimethylammonio-2-hydroxypropoxypropyl methyl, 3-(2,3-dihydroxypropoxy)propyldimethylsilyl- and cocoamidopropyldimethylammonio-2-hydroxypropoxypropyldimethylsilyl-terminated|||0.0|0.0|0.0|0.0|0.0|0||||
38486|SIMETHICONE|1|78955|8050-81-5||ANTIFOAMING;SKIN CONDITIONING - EMOLLIENT;HAIR CONDITIONING;SKIN CONDITIONING|Silica, hydrated, compounds with poly(dimethylsiloxane)|||0.0|0.0|0.0|0.0|0.0|0||1|0.0|Fulton JE Jr. Comedogenicity and irritancy of commonly used ingredients in skin care products. J Soc Cosmet Chem 1989;40:321-333, Table I, p.325; ISSN:0037-9832 (no DOI/PMID assigned; PDF from library.scconline.org/v040n06/13)
38534|SIMMONDSIA CHINENSIS SEED OIL|1|58617|90045-98-0|289-964-3|SKIN CONDITIONING - EMOLLIENT;HAIR CONDITIONING;SKIN CONDITIONING|Simmondsia Chinensis Seed Oil is the fixed oil expressed or extracted from seeds of the desert shrub, Jojoba, Simmondsia chinensis, Buxaceae|||0.0|0.0|0.0|0.0|0.0|0||||
38847|SODIUM ACETATE|1|37720|127-09-3|204-823-8|BUFFERING;FRAGRANCE||||0.0|0.0|0.0|0.0|0.0|0||||
38851|SODIUM ACETYLATED HYALURONATE|1|58706|||HUMECTANT||||0.0|0.0|0.0|0.0|0.0|0||||
38873|SODIUM ACRYLATES/C10-30 ALKYL ACRYLATE CROSSPOLYMER|1|58711|||FILM FORMING|C10-30 Alkyl propenoate, polymer with 2-propenoic acid, 2-methyl-2-propenoic acidand/or one of their simple esters, product with 2-propenyl sucrose ether or 2-propenyl 2,2-dihydroxymethyl-1,3-propanediol ether, sodium salts|||0.0|0.0|0.0|0.0|0.0|0||||
38965|SODIUM BENZOATE|1|37735|532-32-1|208-534-8|ANTICORROSIVE;FRAGRANCE;PRESERVATIVE|Sodium Benzoate is the sodium salt of benzoic acid that conforms to the formula:|V/1||0.0|0.0|0.0|1.0|0.0|0||||
39016|SODIUM BENZOTRIAZOLYL BUTYLPHENOL SULFONATE|1|58724|92484-48-5|403-080-9|UV ABSORBER||||0.0|0.0|0.0|0.0|0.0|0||||
39025|SODIUM BICARBONATE|1|37736|144-55-8|205-633-8|ABRASIVE;BUFFERING;DEODORANT;ORAL CARE;SKIN PROTECTING||||0.0|0.0|0.0|0.0|0.0|0||||
39055|SODIUM C12-13 PARETH SULFATE|1|79150|||CLEANSING;SURFACTANT - EMULSIFYING;SURFACTANT - CLEANSING|Poly(oxy-1,2-ethanediyl), .alpha.-C12-13-alkyl-.omega.-sulfooxy-, sodium salt (1-4 mol EO average molar ratio)|||0.0|0.0|0.0|0.0|0.0|0||||
39071|SODIUM C14-16 OLEFIN SULFONATE|1|37771|68439-57-6|270-407-8/931-534-0|CLEANSING;FOAMING;SURFACTANT - CLEANSING|Sulfonic acids, C14-16-alkane hydroxy and C14-16-alkene, sodium salts|||0.0|0.0|0.0|0.0|0.0|0||||
39101|SODIUM CARBONATE|1|37794|497-19-8|207-838-8|BUFFERING;BULKING||||0.0|0.0|0.0|0.0|0.0|0||||
39105|SODIUM CARBOXY METHYLCELLULOSE|0|||||||||||||0||||
39131|SODIUM CETEARYL SULFATE|1|37808|59186-41-3||CLEANSING;FOAMING;SURFACTANT - CLEANSING|Sulfuric acid, mixed cetyl and stearyl esters, sodium salts|||0.0|0.0|0.0|0.0|0.0|0||||
39152|SODIUM CHLO RIDE|0|||||||||||||0||||
39167|SODIUM CHLORIDE|1|37813|7647-14-5|231-598-3|BULKING;FRAGRANCE;ORAL CARE;VISCOSITY CONTROLLING||||0.0|0.0|0.0|0.0|0.0|0||||
39212|SODIUM CITRATE|1|37816|68-04-2 / 6132-04-3|200-675-3|BUFFERING;CHELATING;FRAGRANCE||||0.0|0.0|0.0|0.0|0.0|0||||
39240|SODIUM COCO-SULFATE|1|37829|97375-27-4|306-683-4|SURFACTANT - CLEANSING|Sodium Coco-Sulfate is the sodium salt of the sulfate ester of coconut alcohol that conforms generally to the formula:|||0.0|0.0|0.0|0.0|0.0|0||||
39250|SODIUM COCOAMPHOACETATE|1|79366|90387-76-1|291-352-6/931-291-0|CLEANSING;FOAMING;HAIR CONDITIONING;SURFACTANT - CLEANSING|Glycine, N-(2-aminoethyl)-N-(2-hydroxyethyl)-, N-coco-acyl derivatives, monosodium salts|||0.0|0.0|0.0|0.0|0.0|0||||
39256|SODIUM COCOATE|1|37824|61789-31-9|263-050-4|CLEANSING;SURFACTANT - EMULSIFYING;SURFACTANT - CLEANSING|Fatty acids, coco, sodium salts|||0.0|0.0|0.0|0.0|0.0|0||||
39286|SODIUM COCOYL GLUTAMATE|1|37832|68187-32-6|269-087-2|CLEANSING;SURFACTANT - CLEANSING||||0.0|0.0|0.0|0.0|0.0|0||||
39297|SODIUM COCOYL ISETHIONATE|1|79383|61789-32-0 / 58969-27-0|263-052-5|CLEANSING;HAIR CONDITIONING;SURFACTANT - CLEANSING|Fatty acids, coco, 2-sulfoethyl esters, sodium salts|||0.0|0.0|0.0|0.0|0.0|0||||
39325|SODIUM DEHYDROACETATE|1|37851|4418-26-2|224-580-1|PRESERVATIVE|Sodium Dehydroacetate is the heterocyclic compound that conforms generally to the formula:|V/13||0.0|0.0|0.0|1.0|0.0|0||||
39334|SODIUM DIETHYLENETRIAMINE PENTAMETHYLENE PHOSPHONATE|1|59068|22042-96-2|244-751-4|CHELATING||||0.0|0.0|0.0|0.0|0.0|0||||
39370|SODIUM FLUORIDE|1|37869|7681-49-4|231-667-8|ANTIPLAQUE;ORAL CARE||III/31||0.0|1.0|0.0|0.0|0.0|0||||
39411|SODIUM GLUCONATE|1|79485|527-07-1 / 14906-97-9|208-407-7 / 238-976-7|CHELATING;SKIN CONDITIONING||||0.0|0.0|0.0|0.0|0.0|0||||
39433|SODIUM HEXAMETAPHOSPHATE|1|79493|10124-56-8 / 10361-03-2 / 68915-31-1|233-343-1 / 272-808-3|ANTICORROSIVE;CHELATING;FRAGRANCE|Sodium metaphosphate|||0.0|0.0|0.0|0.0|0.0|0||||
39455|SODIUM HYALURONATE|1|79556|9067-32-7||HUMECTANT;SKIN CONDITIONING||||0.0|0.0|0.0|0.0|0.0|0||0|0.0|Fulton JE Jr. Comedogenicity and irritancy of commonly used ingredients in skin care products. J Soc Cosmet Chem 1989;40:321-333, Table I, p.326; ISSN:0037-9832 (no DOI/PMID assigned; PDF from library.scconline.org/v040n06/13)
39459|SODIUM HYALURONATE CROSSPOLYMER|1|79557|105524-32-1||HUMECTANT;SKIN CONDITIONING|Hyaluronic acid, sodium salt, polymer with 1,1'-sulfonylbis[ethene]|||0.0|0.0|0.0|0.0|0.0|0||||
39506|SODIUM HYDROXIDE|1|37890|1310-73-2|215-185-5|BUFFERING;DENATURANT||III/15a||0.0|1.0|0.0|0.0|0.0|0||||
39560|SODIUM HYDROXYPROPYL STARCH PHOSPHATE|1|37893|221355-22-2||ABRASIVE;BULKING;VISCOSITY CONTROLLING|Starch, phosphate, 2-hydroxypropyl ether, sodium salt|||0.0|0.0|0.0|0.0|0.0|0||||
39578|SODIUM ISETHIONATE|1|37896|1562-00-1|216-343-6|ANTISTATIC;CLEANSING;HAIR CONDITIONING;SKIN CONDITIONING||||0.0|0.0|0.0|0.0|0.0|0||||
39591|SODIUM LACTATE|1|79577|72-17-3 / 867-56-1|200-772-0 / 212-762-3|BUFFERING;HUMECTANT;KERATOLYTIC||||0.0|0.0|0.0|0.0|0.0|0||||
39604|SODIUM LAUR LAURYL GLUCOSIDE|0|||||||||||||0||||
39636|SODIUM LAURETH SULFATE|1|79583|3088-31-1 / 9004-82-4 / 68891-38-3 / 1335-72-4 / 68585-34-2 / 91648-56-5|221-416-0/ - / 500-234-8 / 500-223-8 / 293-918-8|CLEANSING;SURFACTANT - EMULSIFYING;FOAMING;SURFACTANT - CLEANSING|Sodium Laureth Sulfate is the sodium salt of sulfated ethoxylated lauryl alcohol that conforms generally to the formula|||0.0|0.0|0.0|0.0|0.0|0||||
39666|SODIUM LAURIMINODIPROPIONATE|1|79676|14960-06-6 / 26256-79-1|239-032-7 / 247-552-0|ANTISTATIC;CLEANSING;FOAMING;SURFACTANT - FOAM BOOSTING;HAIR CONDITIONING;SURFACTANT - CLEANSING||||0.0|0.0|0.0|0.0|0.0|0||||
39688|SODIUM LAUROYL GLYCINATE|1|90936|||CLEANSING;SURFACTANT - CLEANSING|Sodium Lauroyl Glycinate is the organic compound.|||0.0|0.0|0.0|0.0|0.0|0||||
39691|SODIUM LAUROYL ISETHIONATE|1|37937|7381-01-3|230-949-8|ANTISTATIC;CLEANSING;FOAMING;HAIR CONDITIONING;SKIN CONDITIONING;SURFACTANT - CLEANSING||||0.0|0.0|0.0|0.0|0.0|0||||
39693|SODIUM LAUROYL LACTYLATE|1|37938|13557-75-0|236-942-6|SURFACTANT - EMULSIFYING||||0.0|0.0|0.0|0.0|0.0|0||||
39695|SODIUM LAUROYL M THYL ISETHIONATE|0|||||||||||||0||||
39698|SODIUM LAUROYL METHYL ISETHIONATE|1|86105|||CLEANSING;SURFACTANT - CLEANSING||||0.0|0.0|0.0|0.0|0.0|0||||
39731|SODIUM LAURYL GLUCOSE CARBOXYLATE|1|59276|||CLEANSING;SURFACTANT - CLEANSING|Sodium carboxymethyl ether of Lauryl Glucoside|||0.0|0.0|0.0|0.0|0.0|0||||
39744|SODIUM LAURYL SULFATE|1|37946|151-21-3/ 68585-47-7 (generic)/ 68955-19-1 (generic)/ 73296-89-6/ 85586-07-8|205-788-1/ -/ -/277-362-3/ -|CLEANSING;DENATURANT;FOAMING;SURFACTANT - CLEANSING|Sodium Lauryl Sulfate is the sodium salt of lauryl sulfate that conforms to the formula|||0.0|0.0|0.0|0.0|0.0|0||||
39747|SODIUM LAURYL SULFATE SODIUM FOLYPHOSPHATE|0|||||||||||||0||||
39773|SODIUM LEVULINATE|1|37948|19856-23-6|243-378-4|SKIN CONDITIONING - MISCELLANEOUS|Sodium Levulinate is the sodium salt of Levulinic Acid.|||0.0|0.0|0.0|0.0|0.0|0||||
39801|SODIUM METASILICATE|1|79774|6834-92-0|229-912-9|ANTICORROSIVE;BUFFERING;CHELATING||||0.0|0.0|0.0|0.0|0.0|0||||
39809|SODIUM METHYL COCOYL TAURATE|1|79777|12765-39-8; 61791-42-2|-; 263-174-9|SURFACTANT - CLEANSING|Sodium Methyl Cocoyl Taurate is the sodium salt of the coconut fatty acid amide of N-methyltaurine. It conforms generally to the formula|||0.0|0.0|0.0|0.0|0.0|0||||
39814|SODIUM METHYL ISETHIONATE|1|83915|869737-84-8||SURFACTANT - EMULSIFYING||||0.0|0.0|0.0|0.0|0.0|0||||
39816|SODIUM METHYL LAUROYL TAURATE|1|37962|4337-75-1|224-388-8|CLEANSING;FOAMING;SURFACTANT - CLEANSING||||0.0|0.0|0.0|0.0|0.0|0||||
39817|SODIUM METHYL OLEOYL TAURATE|1|79780|137-20-2 / 7308-16-9|205-285-7 / 230-762-1|ANTISTATIC;CLEANSING;FOAMING;SURFACTANT - CLEANSING||||0.0|0.0|0.0|0.0|0.0|0||||
39824|SODIUM METHYLAURATE|0|||||||||||||0||||
39828|SODIUM METHYLPARABEN|1|37968|5026-62-0|225-714-1|PRESERVATIVE||V/12||0.0|0.0|0.0|1.0|0.0|0||||
39839|SODIUM MONOFLUOROPHOSPHATE|1|37971|10163-15-2 / 7631-97-2|233-433-0 / 231-552-2|ANTIPLAQUE;ORAL CARE||III/27||0.0|1.0|0.0|0.0|0.0|0||||
39868|SODIUM OLIV TRE|0|||||||||||||0||||
39880|SODIUM OXIDE|1|59462|1313-59-3|215-208-9|BUFFERING||||0.0|0.0|0.0|0.0|0.0|0||||
39895|SODIUM PALM KERNELATE|1|79901|61789-89-7|263-097-0|CLEANSING;SURFACTANT - EMULSIFYING;SURFACTANT - CLEANSING;VISCOSITY CONTROLLING|Fatty acids, palm kernel-oil, sodium salts|||0.0|0.0|0.0|0.0|0.0|0||||
39904|SODIUM PALMATE|1|38009|61790-79-2|263-162-3|CLEANSING;SURFACTANT - EMULSIFYING;SURFACTANT - CLEANSING;VISCOSITY CONTROLLING|Fatty acids, palm-oil, sodium salts|||0.0|0.0|0.0|0.0|0.0|0||||
39917|SODIUM PCA|1|79910|28874-51-3|249-277-1|ANTISTATIC;HAIR CONDITIONING;HUMECTANT;SKIN CONDITIONING||||0.0|0.0|0.0|0.0|0.0|0||0|0.0|Fulton JE Jr. Comedogenicity and irritancy of commonly used ingredients in skin care products. J Soc Cosmet Chem 1989;40:321-333, Table I, p.326; ISSN:0037-9832 (no DOI/PMID assigned; PDF from library.scconline.org/v040n06/13)
39930|SODIUM PHOSPHATE|1|38030|13472-35-0 (dihydrate)/ 7558-80-7 / 7632-05-5|- /231-449-2 / 231-558-5|ANTI-SEBORRHEIC;BUFFERING;DEODORANT|Sodium Phosphate is the inorganic salt that conforms to the formula|||0.0|0.0|0.0|0.0|0.0|0||||
39949|SODIUM POLYACRYLATE|1|79997|9003-04-7 / 25549-84-2||ABSORBENT;BINDING;SKIN CONDITIONING - EMOLLIENT;EMULSION STABILISING;FILM FORMING;HAIR FIXING;SKIN CONDITIONING;VISCOSITY CONTROLLING||||0.0|0.0|0.0|0.0|0.0|0||||
39968|SODIUM POLYNAPHTHALENESULFONATE|1|80003|9084-06-4||EMULSION STABILISING;GEL FORMING;SURFACTANT - HYDROTROPE;SURFACTANT - CLEANSING|Naphthalenesulfonic acid, polymer with formaldehyde, sodium salt|||0.0|0.0|0.0|0.0|0.0|0||||
39979|SODIUM PREFERENTEMENTE ANTES DE LA FECHA IMPRESA EN EL EMPAQUE/ENVASE, ES|0|||||||||||||0||||
40013|SODIUM SACCHARIN|1|80014|128-44-9 / 6155-57-3|204-886-1|FRAGRANCE;ORAL CARE;FLAVOURING||||0.0|0.0|0.0|0.0|0.0|0||||
40035|SODIUM SALICYLATE|1|38052|54-21-7|200-198-0|DENATURANT;PRESERVATIVE|Sodium Salicylate is the sodium salt of salicylic acid that conforms to the formula:|V/3||0.0|1.0|0.0|1.0|0.0|0||||
40067|SODIUM STANNATE|1|38062|12058-66-1|235-030-5|LIGHT STABILIZER;VISCOSITY CONTROLLING||||0.0|0.0|0.0|0.0|0.0|0||||
40073|SODIUM STARCH OCTENYLSUCCINATE|1|80084|66829-29-6 / 52906-93-1 / 70714-61-3||ABSORBENT;EMULSION STABILISING;VISCOSITY CONTROLLING|Starch, esters with sodium hydrogen octenylbutanedioate|||0.0|0.0|0.0|0.0|0.0|0||||
40080|SODIUM STEARATE|1|38064|822-16-2|212-490-5|CLEANSING;SURFACTANT - EMULSIFYING;SURFACTANT - CLEANSING;VISCOSITY CONTROLLING||||0.0|0.0|0.0|0.0|0.0|0|||1.0|rule: C11-C24 fatty acid, one of its esters, or polysorbate 20/40/60/80 (src/enrichment/fungal_rule.py); basis: DOI:10.3389/fcimb.2020.00112; DOI:10.1093/femsyr/foaf043
40087|SODIUM STEAROYL GLUTAMATE|1|80093|38517-23-6 / 79811-24-8|253-980-9|CLEANSING;SURFACTANT - EMULSIFYING;HAIR CONDITIONING;SKIN CONDITIONING||||0.0|0.0|0.0|0.0|0.0|0||||
40097|SODIUM STYRENE/ACRYLATES COPOLYMER|1|80106|9010-92-8||FILM FORMING;OPACIFYING;VISCOSITY CONTROLLING|Sodium Styrene/Acrylates Copolymer is the sodium salt of a polymer of styrene and a monomer consisting of acrylic acid, methacrylic acid or one of their simple esters.|||0.0|0.0|0.0|0.0|0.0|0||||
40101|SODIUM SULFATE|1|38093|7727-73-3 / 7757-82-6|/ 231-820-9|BULKING;VISCOSITY CONTROLLING||||0.0|0.0|0.0|0.0|0.0|0||||
40106|SODIUM SULFITE|1|38095|7757-83-7|231-821-4|ANTIOXIDANT;HAIR WAVING OR STRAIGHTENING;REDUCING|Sodium Sulfite is the inorganic salt that conforms to the formula:|"III/99
V/9"||0.0|1.0|0.0|1.0|0.0|0||||
40120|SODIUM TALLOWATE|1|80216|8052-48-0|232-491-4|CLEANSING;SURFACTANT - EMULSIFYING;SURFACTANT - FOAM BOOSTING;SURFACTANT - CLEANSING;VISCOSITY CONTROLLING|Fatty acids, tallow, sodium salts|||0.0|0.0|0.0|0.0|0.0|0||||
40150|SODIUM XYLENESULFONATE|1|38121|1300-72-7|215-090-9|SURFACTANT - HYDROTROPE||||0.0|0.0|0.0|0.0|0.0|0||||
40188|SODIUMLEVULINATE|0|||||||||||||0||||
40443|SORBIC ACID|1|38173|110-44-1|203-768-7|FRAGRANCE;PRESERVATIVE|Sorbic Acid is the organic acid that conforms generally to the formula:|V/4||0.0|0.0|0.0|1.0|0.0|0||||
40460|SORBITAN CAPRYLATE|1|38174|60177-36-8|262-098-3|SURFACTANT - EMULSIFYING||||0.0|0.0|0.0|0.0|0.0|0||||
40464|SORBITAN ISOSTEARATE|1|38179|71902-01-7|276-171-2|SURFACTANT - EMULSIFYING|Sorbitan, isooctadecanoate|||0.0|0.0|0.0|0.0|0.0|0|||1.0|"Fulton JE Jr. Comedogenicity and irritancy of commonly used ingredients in skin care products. J Soc Cosmet Chem 1989;40:321-333, Table I, p.324; ISSN:0037-9832 (no DOI/PMID assigned; PDF from library.scconline.org/v040n06/13) | rule: C11-C24 fatty acid, one of its esters, or polysorbate 20/40/60/80 (src/enrichment/fungal_rule.py); basis: DOI:10.3389/fcimb.2020.00112; DOI:10.1093/femsyr/foaf043"
40476|SORBITAN OLEATE|1|38181|1338-43-8|215-665-4|SURFACTANT - EMULSIFYING|Sorbitan oleate|||0.0|0.0|0.0|0.0|0.0|0||3|1.0|"Fulton JE Jr. Comedogenicity and irritancy of commonly used ingredients in skin care products. J Soc Cosmet Chem 1989;40:321-333, Table I, p.324; ISSN:0037-9832 (no DOI/PMID assigned; PDF from library.scconline.org/v040n06/13) | rule: C11-C24 fatty acid, one of its esters, or polysorbate 20/40/60/80 (src/enrichment/fungal_rule.py); basis: DOI:10.3389/fcimb.2020.00112; DOI:10.1093/femsyr/foaf043"
40482|SORBITAN OLIVATE|1|38182|223706-40-9||SURFACTANT - EMULSIFYING|D-Glucitol, 1,4-Anhydro-, 6-monoester with olive oil fatty acids|||0.0|0.0|0.0|0.0|0.0|0||||
40499|SORBITAN STEARATE|1|38187|1338-41-6|215-664-9|SURFACTANT - EMULSIFYING|Sorbitan stearate|||0.0|0.0|0.0|0.0|0.0|0||0|1.0|"Fulton JE Jr. Comedogenicity and irritancy of commonly used ingredients in skin care products. J Soc Cosmet Chem 1989;40:321-333, Table I, p.324; ISSN:0037-9832 (no DOI/PMID assigned; PDF from library.scconline.org/v040n06/13) | rule: C11-C24 fatty acid, one of its esters, or polysorbate 20/40/60/80 (src/enrichment/fungal_rule.py); basis: DOI:10.3389/fcimb.2020.00112; DOI:10.1093/femsyr/foaf043"
40502|SORBITAN TRISTEARATE|1|38190|26658-19-5|247-891-4|SURFACTANT - EMULSIFYING|Sorbitan tristearate|||0.0|0.0|0.0|0.0|0.0|0|||1.0|rule: C11-C24 fatty acid, one of its esters, or polysorbate 20/40/60/80 (src/enrichment/fungal_rule.py); basis: DOI:10.3389/fcimb.2020.00112; DOI:10.1093/femsyr/foaf043
40508|SORBITOL|1|38191|50-70-4/ 1259528-21-6 (generic)|200-061-5|HUMECTANT;FRAGRANCE;SKIN CONDITIONING;PERFUMING|Sorbitol is the hexahydric alcohol that conforms to the formula|||0.0|0.0|0.0|0.0|0.0|0||0|0.0|Fulton JE Jr. Comedogenicity and irritancy of commonly used ingredients in skin care products. J Soc Cosmet Chem 1989;40:321-333, Table I, p.324; ISSN:0037-9832 (no DOI/PMID assigned; PDF from library.scconline.org/v040n06/13)
40572|SOY ACID|1|38196|68308-53-2|269-657-0|SKIN CONDITIONING - EMOLLIENT;SURFACTANT - EMULSIFYING;REFATTING|Fatty acids, soya|||0.0|0.0|0.0|0.0|0.0|0||||
40637|SPHINGOLIPIDS|1|78753|85116-74-1|285-526-0|SKIN CONDITIONING - EMOLLIENT;SKIN CONDITIONING;SKIN PROTECTING|Sphingolipids|||0.0|0.0|0.0|0.0|0.0|0||||
40696|SQUALANE|1|38226|111-01-3|203-825-6|SKIN CONDITIONING - EMOLLIENT;HAIR CONDITIONING;REFATTING;SKIN CONDITIONING||||0.0|0.0|0.0|0.0|0.0|0||1|0.0|Fulton JE Jr. Comedogenicity and irritancy of commonly used ingredients in skin care products. J Soc Cosmet Chem 1989;40:321-333, Table I, p.325; ISSN:0037-9832 (no DOI/PMID assigned; PDF from library.scconline.org/v040n06/13)
40703|SQUALENE|1|78861|111-02-4/7683-64-9|203-826-1/-|SKIN CONDITIONING - EMOLLIENT;HAIR CONDITIONING;SOLVENT|Squalene is an unsaturated branched chain isoprenoid hydrocarbon found in fish and plant oils. It conforms to the formula:|Please consider whether entry 419 of Annex II to the Cosmetics Regulation 1223/2009 is applicable. According to entry 419, category 1 material and Category 2 material as defined in Articles 4 and 5 respectively of Regulation (EC) No 1774/2002, and ingredients derived therefrom are prohibited in cosmetics products. Regulation (EC) No 1774/2002 has been repealed and replaced by Regulation No. 1069/2009. For Category 1 and 2 materials in Regulation No. 1069/2009, please see Article 8 and 9, respectively.||0.0|0.0|0.0|0.0|0.0|0||||
40707|SR-HYDROZOAN POLYPEPTIDE-1|1|96491|||FILM FORMING;HAIR CONDITIONING;HUMECTANT;SKIN CONDITIONING;UV FILTER|sr-Hydrozoan Polypeptide-1 is a single chain recombinant protein fragment produced by fermentation in E. coli. The starting gene is synthesized to be identical to the gene which codes for Fibrillar Collagen derived from Podocoryna carnea (hydrozoan). The parent protein contains a maximum of 429 amino acids which may contain disulfide bonds and/or glycosylation, and consists of the proper sequence of the 20 standard amino acids.|||0.0|0.0|0.0|0.0|0.0|0||||
40753|STANNOUS CHLORIDE|1|38230|7772-99-8|231-868-0|REDUCING||||0.0|0.0|0.0|0.0|0.0|0||||
40755|STANNOUS FLUORIDE|1|38231|7783-47-3|231-999-3|ANTIPLAQUE;ORAL CARE||III/35||0.0|1.0|0.0|0.0|0.0|0||||
40788|STEARALKONIUM BENTONITE|1|78869|130501-87-0||GEL FORMING;VISCOSITY CONTROLLING|Benzenemethanaminium, N,N-dimethyl-N-octadecyl-, reaction products with bentonite|||0.0|0.0|0.0|0.0|0.0|0||||
40791|STEARALKONIUM HECTORITE|1|38239|71011-26-2 / 94891-33-5 / 12691-60-0|275-126-4 / 305-633-9|GEL FORMING;VISCOSITY CONTROLLING|Benzenemethanaminium, N,N-dimethyl-N-octadecyl-, chloride, reaction products with hectorite / Quaternary ammonium compounds, benzyl(hydrogenated tallow alkyl)dimethyl, chlorides, compds. with hectorite|||0.0|0.0|0.0|0.0|0.0|0||||
40814|STEARAMIDOPROPYL DIMETHYLAMINE|1|38257|7651-02-7|231-609-1|ANTISTATIC;SURFACTANT - EMULSIFYING;HAIR CONDITIONING;SURFACTANT - CLEANSING||||0.0|0.0|0.0|0.0|0.0|0||||
40849|STEARETH-100|1|78984|9005-00-9 (Generic)||GEL FORMING;SURFACTANT - CLEANSING|Poly(oxy-1,2-ethanediyl), .alpha.-octadecyl-.omega.-hydroxy|||0.0|0.0|0.0|0.0|0.0|0||0|0.0|Fulton JE Jr. Comedogenicity and irritancy of commonly used ingredients in skin care products. J Soc Cosmet Chem 1989;40:321-333, Table I, p.325; ISSN:0037-9832 (no DOI/PMID assigned; PDF from library.scconline.org/v040n06/13)
40856|STEARETH-2|1|78990|9005-00-9 (Generic) / 16057-43-5|500-017-8|SURFACTANT - EMULSIFYING;SURFACTANT - CLEANSING|Poly(oxy-1,2-ethanediyl), .alpha.-octadecyl-.omega.-hydroxy|||0.0|0.0|0.0|0.0|0.0|0||2|0.0|Fulton JE Jr. Comedogenicity and irritancy of commonly used ingredients in skin care products. J Soc Cosmet Chem 1989;40:321-333, Table I, p.325; ISSN:0037-9832 (no DOI/PMID assigned; PDF from library.scconline.org/v040n06/13)
40857|STEARETH-20|1|78992|9005-00-9 (Generic)||CLEANSING;SURFACTANT - EMULSIFYING;SURFACTANT - CLEANSING|Poly(oxy-1,2-ethanediyl), .alpha.-octadecyl-.omega.-hydroxy|||0.0|0.0|0.0|0.0|0.0|0||2|0.0|Fulton JE Jr. Comedogenicity and irritancy of commonly used ingredients in skin care products. J Soc Cosmet Chem 1989;40:321-333, Table I, p.325; ISSN:0037-9832 (no DOI/PMID assigned; PDF from library.scconline.org/v040n06/13)
40858|STEARETH-200|1|85815|||SURFACTANT - EMULSIFYING;SURFACTANT - CLEANSING|Steareth-200 is the polyethylene glycol ether of Stearyl Alcohol|||0.0|0.0|0.0|0.0|0.0|0||||
40859|STEARETH-21|1|79291|9005-00-9 (Generic)||CLEANSING;SURFACTANT - EMULSIFYING;SURFACTANT - CLEANSING|Poly(oxy-1,2-ethanediyl), .alpha.-octadecyl-.omega.-hydroxy|||0.0|0.0|0.0|0.0|0.0|0||||
40876|STEARIC ACID|1|79070|57-11-4|200-313-4|CLEANSING;SURFACTANT - EMULSIFYING;EMULSION STABILISING;FRAGRANCE;REFATTING;SURFACTANT - CLEANSING||||0.0|0.0|0.0|0.0|0.0|0|||1.0|"Fulton JE Jr. Comedogenicity and irritancy of commonly used ingredients in skin care products. J Soc Cosmet Chem 1989;40:321-333, Table I, p.324; ISSN:0037-9832 (no DOI/PMID assigned; PDF from library.scconline.org/v040n06/13) | rule: C11-C24 fatty acid, one of its esters, or polysorbate 20/40/60/80 (src/enrichment/fungal_rule.py); basis: DOI:10.3389/fcimb.2020.00112; DOI:10.1093/femsyr/foaf043"
40917|STEARYI ALCOHOL|0|||||||||||||0||||
40922|STEARYL ALCHOHOL|0|||||||||||||0||||
40926|STEARYL ALCOHOL|1|38319|112-92-5|204-017-6|SKIN CONDITIONING - EMOLLIENT;SURFACTANT - EMULSIFYING;EMULSION STABILISING;SURFACTANT - FOAM BOOSTING;FRAGRANCE;OPACIFYING;REFATTING;SURFACTANT - CLEANSING;VISCOSITY CONTROLLING||||0.0|0.0|0.0|0.0|0.0|0||2|0.0|Fulton JE Jr. Comedogenicity and irritancy of commonly used ingredients in skin care products. J Soc Cosmet Chem 1989;40:321-333, Table I, p.324; ISSN:0037-9832 (no DOI/PMID assigned; PDF from library.scconline.org/v040n06/13)
40938|STEARYL DIMETHICONE|1|38326|67762-83-8||SKIN CONDITIONING - EMOLLIENT;SKIN CONDITIONING|Siloxanes and silicones, di-me, me stearyl|||0.0|0.0|0.0|0.0|0.0|0||||
40959|STELLARIA MEDIA EXTRACT|1|38345|90131-34-3|290-345-5|SKIN CONDITIONING|Stellaria Media Extract is an extract of the herb of the Chickweed, Stellaria media (L.), Caryophyllaceae|||0.0|0.0|0.0|0.0|0.0|0||||
40990|STEVIA REBAUDIANA LEAF EXTRACT|1|90846|||SKIN CONDITIONING - EMOLLIENT;SKIN CONDITIONING|Stevia Rebaudiana Leaf Extract is the extract of the leaves of Stevia rebaudiana, Asteraceae.|||0.0|0.0|0.0|0.0|0.0|0||||
41002|STEVIOSIDE|1|79199|57817-89-7|260-975-5|FRAGRANCE;ORAL CARE||||0.0|0.0|0.0|0.0|0.0|0||||
41120|STYRENE/ACRYLATES COPOLYMER|1|79303|27306-39-4; 25034-86-0; 25085-34-1; 9010-92-8||FILM FORMING;OPACIFYING|Styrene/Acrylates Copolymer is a polymer of Styrene and a monomer consisting of Acrylic Acid, Methacrylic Acid or one of their simple esters.|||0.0|0.0|0.0|0.0|0.0|0||||
41124|STYRENE/ACRYLATES/AMMONIUM METHACRYLATE COPOLYMER|1|79305|||FILM FORMING;OPACIFYING|Styrene/Acrylate/Ammonium Methacrylate Copolymer|||0.0|0.0|0.0|0.0|0.0|0||||
41167|SUCCINIC ACID|1|79313|110-15-6|203-740-4|BUFFERING;FRAGRANCE||||0.0|0.0|0.0|0.0|0.0|0||||
41178|SUCRALOSE|1|59924|56038-13-2|259-952-2|SKIN CONDITIONING||||0.0|0.0|0.0|0.0|0.0|0||||
41191|SUCROSE COCOATE|1|38382|91031-88-8|292-993-4|ANTISTATIC;SURFACTANT - EMULSIFYING;SKIN CONDITIONING|Fatty acids, coco, esters with sucrose|||0.0|0.0|0.0|0.0|0.0|0||||
41194|SUCROSE DISTEARATE|1|80455|27195-16-0|248-317-5|SKIN CONDITIONING - EMOLLIENT;SURFACTANT - EMULSIFYING;SKIN CONDITIONING;SURFACTANT - CLEANSING||||0.0|0.0|0.0|0.0|0.0|0||0|1.0|"Fulton JE Jr. Comedogenicity and irritancy of commonly used ingredients in skin care products. J Soc Cosmet Chem 1989;40:321-333, Table I, p.324; ISSN:0037-9832 (no DOI/PMID assigned; PDF from library.scconline.org/v040n06/13) | rule: C11-C24 fatty acid, one of its esters, or polysorbate 20/40/60/80 (src/enrichment/fungal_rule.py); basis: DOI:10.3389/fcimb.2020.00112; DOI:10.1093/femsyr/foaf043"
41204|SUCROSE STEARATE|1|80469|25168-73-4 / 37318-31-3|246-705-9 / 253-459-6|SKIN CONDITIONING - EMOLLIENT;SURFACTANT - EMULSIFYING;SKIN CONDITIONING;SURFACTANT - CLEANSING|Sucrose stearate|||0.0|0.0|0.0|0.0|0.0|0||0|1.0|"Fulton JE Jr. Comedogenicity and irritancy of commonly used ingredients in skin care products. J Soc Cosmet Chem 1989;40:321-333, Table I, p.324; ISSN:0037-9832 (no DOI/PMID assigned; PDF from library.scconline.org/v040n06/13) | rule: C11-C24 fatty acid, one of its esters, or polysorbate 20/40/60/80 (src/enrichment/fungal_rule.py); basis: DOI:10.3389/fcimb.2020.00112; DOI:10.1093/femsyr/foaf043"
41296|SUNFLOWER SEED SODIUM COCOYL GLUTAMATE|0|||||||||||||0||||
41464|SYNTHETIC BEESWAX|1|38425|71243-51-1|275-286-5|BINDING;EMULSION STABILISING;VISCOSITY CONTROLLING|Beeswax, synthetic. The complex reaction product of blended acids and blended alcohols which simulates the composition of natural beeswax. It consists primarily of C18-30-alkyl ester of C16-32 fatty acids, C16-32 fatty acids and C22-34 alkanes|||0.0|0.0|0.0|0.0|0.0|0||||
41469|SYNTHETIC FLUORPHLOGOPITE|1|80520|12003-38-2|234-426-5|BULKING;VISCOSITY CONTROLLING||||0.0|0.0|0.0|0.0|0.0|0||||
41476|SYNTHETIC JAPAN WAX|1|80521|||BINDING;SKIN CONDITIONING - EMOLLIENT;EMULSION STABILISING;VISCOSITY CONTROLLING|Waxes, japan, synthetic|||0.0|0.0|0.0|0.0|0.0|0||||
41477|SYNTHETIC WAX|1|80523|8002-74-2; 68527-08-2|232-315-6|ABRASIVE;BINDING;EMULSION STABILISING;FRAGRANCE;VISCOSITY CONTROLLING|Synthetic Wax is a hydrocarbon wax derived generally through Fischer-Tropsch or ethylene polymerization processes.|||0.0|0.0|0.0|0.0|0.0|0||||
41566|TALC|1|38438|14807-96-6|238-877-9|ABRASIVE;ABSORBENT;ANTICAKING;BULKING;OPACIFYING;SKIN PROTECTING;SLIP MODIFIER|Talc is a powdered native, hydrous magnesium silicate sometimes containing a small portion of aluminum silicate.|III/59||0.0|1.0|0.0|0.0|0.0|0||1|0.0|Fulton JE Jr. Comedogenicity and irritancy of commonly used ingredients in skin care products. J Soc Cosmet Chem 1989;40:321-333, Table I, p.325; ISSN:0037-9832 (no DOI/PMID assigned; PDF from library.scconline.org/v040n06/13)
41617|TAPIOCA STARCH|1|60067|9005-25-8|232-679-6|VISCOSITY CONTROLLING|Tapioca Starch is the starch obtained from tapioca. It consists primarily of amylose and amylopectin|||0.0|0.0|0.0|0.0|0.0|0||||
41622|TAPIOCA STERCH|0|||||||||||||0||||
41658|TAURINE|1|38477|107-35-7|203-483-8|BUFFERING||||0.0|0.0|0.0|0.0|0.0|0||||
41692|TEA-DODECYLBENZENESULFONATE|1|80634|27323-41-7 / 68411-31-4|248-406-9 / 270-116-6|CLEANSING;FOAMING;SURFACTANT - CLEANSING|Benzenesulfonic acid, C10-13-alkyl derivs., compds. with triethanolamine|III/62||0.0|1.0|0.0|0.0|0.0|0||||
41698|TEA-LACTATE|1|38504|20475-12-1|243-846-8|HUMECTANT;SKIN CONDITIONING|Tris(2-Hydroxyethyl)ammonium lactate|III/62||0.0|1.0|0.0|0.0|0.0|0||||
41706|TEA-SULFATE|1|38535|7376-31-0|230-934-6|BUFFERING||III/62||0.0|1.0|0.0|0.0|0.0|0||||
41848|TEREPHTHALYLIDENE DICAMPHOR SULFONIC ACID|1|38544|92761-26-7 / 90457-82-2|410-960-6|LIGHT STABILIZER;UV ABSORBER;UV FILTER|Terephthalylidene Dicamphor Sulfonic Acid is the organic compound that conforms to the formula:|VI/7||0.0|0.0|0.0|0.0|1.0|0||||
41864|TERPINEOL|1|80711|8000-41-7|232-268-1|FRAGRANCE;PERFUMING|Terpineol; p-Menthenol (mixed isomers)|III/343||0.0|1.0|0.0|0.0|0.0|1|EU_ANNEX_III|||
41867|TERPINOLENE|1|41511|586-62-9|209-578-0|FRAGRANCE|Terpinolene is the organic compound that conforms to the formula:|III/133||0.0|1.0|0.0|0.0|0.0|1|EU_ANNEX_III|||
41896|TESTOWA|0|||||||||||||0||||
41924|TETRAHEXYLDECYL ASCORBATE|1|80720|183476-82-6; 1445760-15-5||ANTIOXIDANT;SKIN CONDITIONING||||0.0|0.0|0.0|0.0|0.0|0||||
41948|TETRAMETHYL ACETYLOCTAHYDRONAPHTHALENES|1|40504|54464-57-2/ 54464-59-4/ 68155-66-8/ 68155-67-9|259-174-3 / 259-175-9 / 268-978-3 / 268-979-9|FRAGRANCE;PERFUMING;SKIN CONDITIONING - MISCELLANEOUS|Tetramethyl Acetyloctahydronaphthalenes is a mixture of isomers that conforms to the following formulae:|III/344||0.0|1.0|0.0|0.0|0.0|1|EU_ANNEX_III|||
41967|TETRAPOTASSIUM PYROPHOSPHATE|1|80751|7320-34-5|230-785-7|BUFFERING;CHELATING;ORAL CARE||||0.0|0.0|0.0|0.0|0.0|0||||
41998|TETRASODIUM EDTA|1|38569|64-02-8|200-573-9|CHELATING||||0.0|0.0|0.0|0.0|0.0|0||||
42009|TETRASODIUM ETIDRONATE|1|38570|3794-83-0|223-267-7|CHELATING;EMULSION STABILISING;VISCOSITY CONTROLLING||III/53||0.0|1.0|0.0|0.0|0.0|0||||
42027|TETRASODIUM GLUTAMATE DIACETATE|1|84400|51981-21-6|257-573-7|CHELATING||||0.0|0.0|0.0|0.0|0.0|0||||
42050|TETRASODIUM PYROPHOSPHATE|1|38571|7722-88-5|231-767-1|ANTICAKING;BUFFERING;CHELATING;ORAL CARE|Tetrasodium Pyrophosphate is the inorganic salt that conforms to the formula|||0.0|0.0|0.0|0.0|0.0|0||||
42192|THEOBROMA CACAO SEED BUTTER|1|60291|84649-99-0 / 8002-31-1|283-480-6|SKIN CONDITIONING - EMOLLIENT;FRAGRANCE;SKIN CONDITIONING;SKIN PROTECTING|Theobroma Cacao Seed Butter is a yellowish white solid material obtained from the roasted seeds of the Cocoa, Theobroma cacao L., Sterculiaceae|||0.0|0.0|0.0|0.0|0.0|0||||
42207|THEOBROMA GRANDIFLORUM SEED BUTTER|1|60295|394236-97-6||SKIN CONDITIONING|Theobroma Grandiflorum Seed Butter is the fat obtained from the seeds of Theobroma grandiflorum, Sterculiaceae|||0.0|0.0|0.0|0.0|0.0|0||||
42300|THYMOL|1|38597|89-83-8|201-944-8|DENATURANT;FRAGRANCE;ORAL CARE;SKIN CONDITIONING - MISCELLANEOUS|Thymol is the substituted phenol that conforms to the formula:|||0.0|0.0|0.0|0.0|0.0|0||||
42324|THYMUS VULGARIS OIL|1|84882|84929-51-1|284-535-7|FRAGRANCE;PERFUMING|Thymus Vulgaris Oil is the volatile oil obtained from the whole plant of the Thyme, Thymus vulgaris L., Lamiaceae|||0.0|0.0|0.0|0.0|0.0|0||||
42353|TILIA TOMENTOSA BUD EXTRACT|1|59760|94167-04-1|303-402-7|HAIR CONDITIONING;PLASTICISER;SKIN CONDITIONING|Tilia Tomentosa Bud Extract is an extract of the buds of the Linden, Tilia tomentosa, Tiliaceae|||0.0|0.0|0.0|0.0|0.0|0||||
42364|TIN OXIDE|1|80260|18282-10-5|242-159-0|ABRASIVE;BULKING;OPACIFYING;VISCOSITY CONTROLLING||||0.0|0.0|0.0|0.0|0.0|0||||
42403|TITANIUM DIOXIDE|1|38617|13463-67-7|236-675-5|COLORANT;OPACIFYING;UV ABSORBER;UV FILTER|"Titanium Dioxide is the inorganic oxide.
To identify the colourant meeting the requirements for labelling purposes in the EU, the INCI Name 77891 must be used.
It conforms generally to the formula:"|"IV/143
VI/27
VI/27a (nano)"||0.0|1.0|1.0|0.0|1.0|0||0|0.0|Fulton JE Jr. Comedogenicity and irritancy of commonly used ingredients in skin care products. J Soc Cosmet Chem 1989;40:321-333, Table I, p.325; ISSN:0037-9832 (no DOI/PMID assigned; PDF from library.scconline.org/v040n06/13)
42428|TITANIUM DIOXIDE NANO / TITANIUM DIOXIDE|0|||||||||||||0||||
42545|TOCOPHEROL|1|80273|54-28-4 (gamma)/ 16698-35-4(beta) / 10191-41-0(DL) / 119-13-1 / 1406-18-4 / 1406-66-2 / 2074-53-5 (DL) / 59-02-9 (D)/7616-22-0|200-201-5 / 240-747-1 / 233-466-0 / 204-299-0 /215-798-8 / 218-197-9 / 200-412-2|ANTIOXIDANT;FRAGRANCE;SKIN CONDITIONING - MISCELLANEOUS;SKIN CONDITIONING - OCCLUSIVE|Tocopherol consists of alpha-tocopherol, beta-tocopherol, delta-tocopherol and/or gamma-tocopherol and conforms to the formulae:|||0.0|0.0|0.0|0.0|0.0|0||||
42616|TOCOPHERYL ACETATE|1|38627|7695-91-2 / 58-95-7|231-710-0 / 200-405-4|ANTIOXIDANT;SKIN CONDITIONING||||0.0|0.0|0.0|0.0|0.0|0||0|0.0|Fulton JE Jr. Comedogenicity and irritancy of commonly used ingredients in skin care products. J Soc Cosmet Chem 1989;40:321-333, Table I, p.326; ISSN:0037-9832 (no DOI/PMID assigned; PDF from library.scconline.org/v040n06/13)
42689|TOLUENE-2,5-DIAMINE SULFATE|1|38636|615-50-9|210-431-8|HAIR DYEING||III/9a||0.0|0.0|0.0|0.0|0.0|0||||
42797|TREHALOSE|1|80292|99-20-7|202-739-6|HUMECTANT;MOISTURISING||||0.0|0.0|0.0|0.0|0.0|0||||
42800|TREMELLA FUCIFORMIS SPOROCARP EXTRACT|1|59794|||ANTIOXIDANT;HAIR CONDITIONING;HUMECTANT;SKIN CONDITIONING|Tremella Fuciformis Sporocarp Extract is an extract of the sporocarp of the Mushroom, Tremella Fuciformis|||0.0|0.0|0.0|0.0|0.0|0||||
42833|TRIACONTANYL PVP|1|82232|136445-69-7||FILM FORMING;HUMECTANT;VISCOSITY CONTROLLING|2-Pyrrolidinone, 1-ethenyl-, polymer with 1-triacontene|||0.0|0.0|0.0|0.0|0.0|0||||
42838|TRIBEHENIN|1|38647|18641-57-1|242-471-7|SKIN CONDITIONING - EMOLLIENT;SKIN CONDITIONING||||0.0|0.0|0.0|0.0|0.0|0||0|0.0|Fulton JE Jr. Comedogenicity and irritancy of commonly used ingredients in skin care products. J Soc Cosmet Chem 1989;40:321-333, Table I, p.324; ISSN:0037-9832 (no DOI/PMID assigned; PDF from library.scconline.org/v040n06/13)
42845|TRIBUTYL CITRATE|1|38648|77-94-1|201-071-2|FILM FORMING;PLASTICISER;SOLVENT||||0.0|0.0|0.0|0.0|0.0|0||||
42862|TRICLOSAN|1|38663|3380-34-5|222-182-2|ANTIMICROBIAL;DEODORANT;PRESERVATIVE|Triclosan is the substituted organic ether that conforms to the formula:|V/25||0.0|0.0|0.0|1.0|0.0|0||||
42885|TRIDECETH-10|1|80313|24938-91-8 / 69011-36-5|*607-463-3 / 500-241-6|CLEANSING;SURFACTANT - CLEANSING|Poly(oxy-1,2-ethanediyl), .alpha.-tridecyl-.omega.-hydroxy; Isotridecanol, ethoxylated|||0.0|0.0|0.0|0.0|0.0|0||||
42887|TRIDECETH-12|1|80316|24938-91-8 / 69011-36-5|*607-463-3 / 500-241-6|SURFACTANT - EMULSIFYING;SURFACTANT - CLEANSING|Poly(oxy-1,2-ethanediyl), .alpha.-tridecyl-.omega.-hydroxy; Isotridecanol, ethoxylated|||0.0|0.0|0.0|0.0|0.0|0||||
42903|TRIDECETH12|0|||||||||||||0||||
42911|TRIDECYL TRIMELLITATE|1|38699|94109-09-8|302-446-4|SKIN CONDITIONING - EMOLLIENT;SKIN CONDITIONING||||0.0|0.0|0.0|0.0|0.0|0||||
42931|TRIETHANOLAMINE|1|38702|102-71-6|203-049-8|BUFFERING;SURFACTANT - EMULSIFYING;FRAGRANCE;SURFACTANT - CLEANSING||III/62||0.0|1.0|0.0|0.0|0.0|0||2|0.0|Fulton JE Jr. Comedogenicity and irritancy of commonly used ingredients in skin care products. J Soc Cosmet Chem 1989;40:321-333, Table I, p.326; ISSN:0037-9832 (no DOI/PMID assigned; PDF from library.scconline.org/v040n06/13)
42942|TRIETHOXYCAPRYLYLSILANE|1|59822|2943-75-1|220-941-2|BINDING|Silane, triethoxyoctyl-|||0.0|0.0|0.0|0.0|0.0|0||||
42955|TRIETHYL CITRATE|1|80375|77-93-0|201-070-7|FRAGRANCE;PLASTICISER;SOLVENT;VISCOSITY CONTROLLING;PERFUMING;DEODORANT|Triethyl Citrate is the triester of ethyl alcohol and citric acid that conforms to the formula|||0.0|0.0|0.0|0.0|0.0|0||||
42962|TRIETHYLENE GLYCOL|1|80352|112-27-6|203-953-2|FRAGRANCE;VISCOSITY CONTROLLING;PERFUMING||||0.0|0.0|0.0|0.0|0.0|0||||
42968|TRIETHYLHEXANOIN|1|80354|7360-38-5|230-896-0|HAIR CONDITIONING;FRAGRANCE;SKIN CONDITIONING;PERFUMING||||0.0|0.0|0.0|0.0|0.0|0||||
43001|TRIHYDROXYSTEARIN|1|38718|139-44-6|205-364-6|SKIN CONDITIONING;VISCOSITY CONTROLLING||||0.0|0.0|0.0|0.0|0.0|0||||
43039|TRIMETHYLPENTANEDIYL DIBENZOATE|1|59864|68052-23-3|268-316-3|PLASTICISER||||0.0|0.0|0.0|0.0|0.0|0||||
43042|TRIMETHYLSILOXYSILICATE|1|80398|||ANTIFOAMING;SKIN CONDITIONING - EMOLLIENT;SKIN CONDITIONING|Silica, reaction products with trimethylsilane|||0.0|0.0|0.0|0.0|0.0|0||||
43068|TRIPHENYL PHOSPHATE|1|1767|115-86-6|204-112-2|||||0.0|0.0|0.0|0.0|0.0|0||||
43076|TRIS (TETRAMETHYLHYDROXYPIPERI DINOL) CITRATE|0|||||||||||||0||||
43102|TRISODIUM EDTA|1|38772|150-38-9|205-758-8|CHELATING||||0.0|0.0|0.0|0.0|0.0|0||||
43114|TRISODIUM ETHYLENEDIAMINE DISUCCINATE|1|59889|20846-91-7 / 178949-82-1||CHELATING||||0.0|0.0|0.0|0.0|0.0|0||||
43122|TRISODIUM PHOSPHATE|1|38776|7601-54-9|231-509-8|BUFFERING;CHELATING||||0.0|0.0|0.0|0.0|0.0|0||||
43154|TRITICUM VULGARE GERM OIL|1|80430|68917-73-7 / 8006-95-9|281-689-7|SKIN CONDITIONING - EMOLLIENT;HUMECTANT;SKIN CONDITIONING|Triticum Vulgare Germ Oil is the oil obtained from the expression or extraction of the wheat germ Triticum vulgare, Poaceae.|||0.0|0.0|0.0|0.0|0.0|0||||
43191|TROPOLONE|1|81363|533-75-5|208-577-2|SKIN CONDITIONING||||0.0|0.0|0.0|0.0|0.0|0||||
43239|TURPENTINE|1|41521|8006-64-2 / 9005-90-7 / 8052-14-0|232-350-7 / 232-688-5|PERFUMING|"Turpentine, oil. Any of the volatile predominately terpenic fractions or distillates resulting from the solvent extraction of, gum collection from, or pulping of softwoods. 
Turpentine is a mixture of terpene hydrocarbons obtained from various species of Pinus"|"III/124
III/125
III/126"||0.0|1.0|0.0|0.0|0.0|1|EU_ANNEX_III|||
43296|UBIQUINONE|1|38807|303-98-0 / 1339-63-5 / 60684-33-5|206-147-9 / 215-668-0|ANTIOXIDANT;SKIN CONDITIONING|Ubiquinone is the organic compound that conforms to the formula (Coenzyme Q-10)|||0.0|0.0|0.0|0.0|0.0|0||||
43386|ULTRAMARINES|1|80486|1302-83-6 / 1317-97-1 / 1345-00-2 / 11118-33-5 / 12703-66-1 / 12769-96-9 / 57455-37-5|215-111-1 / 215-711-3 / 235-811-0|HAIR DYEING|Ultramarines (blue, green, pink, red and violet) are synthetic pigments composed of complex sodium aluminum sulfosilicates having a typical formula Na(AlSiO)S with proportions of each element varying with each colour. To identify the colorant allowed for use in the European Union (EU), the INCI Name CI 77007 must be used.|IV/120||0.0|0.0|1.0|0.0|0.0|0||||
43523|UREA|1|38838|57-13-6|200-315-5|ANTISTATIC;BUFFERING;HUMECTANT;SKIN CONDITIONING||||0.0|0.0|0.0|0.0|0.0|0||||
43541|URTICA DIOICA EXTRACT|1|80540|84012-40-8|281-685-5|ANTI-SEBORRHEIC;ASTRINGENT;HAIR CONDITIONING;SKIN CONDITIONING;SOOTHING;TONIC|Urtica Dioica Extract is an extract of the aerial parts of the Nettle, Urtica dioica L., Urticaceae|||0.0|0.0|0.0|0.0|0.0|0||||
43617|USNEA BARBATA EXTRACT|1|38847|84696-53-7|283-658-3|DEODORANT|Usnea Barbata Extract is an extract of the whole plant of the Lichen, Usnea barbata (L.), Usneaceae|||0.0|0.0|0.0|0.0|0.0|0||||
43748|VACCINIUM MYRTILLUS FRUIT EXTRACT|1|60017|84082-34-8|281-983-5|SKIN CONDITIONING - MISCELLANEOUS|Vaccinium Myrtillus Fruit Extract is the extract of the fruit of Vaccinium myrtillus, Ericaceae.|||0.0|0.0|0.0|0.0|0.0|0||||
43751|VACCINIUM MYRTILLUS FRUIT WATER|1|85323|84082-34-8|281-983-5|SKIN CONDITIONING|Vaccinium Myrtillus Fruit Water is the aqueous solution of the steam distillates obtained from the fruit of the Myrtle, Vaccinium myrtillus L., Ericaceae|||0.0|0.0|0.0|0.0|0.0|0||||
43804|VANILLA PLANIFOLIA FRUIT EXTRACT|1|60035|8024-06-4 / 84650-63-5|283-521-8|SKIN CONDITIONING;SKIN PROTECTING;SMOOTHING|Vanilla Planifolia Fruit Extract is an extract of the fruit of the Vanilla, Vanilla planifolia, Orchidaceae|||0.0|0.0|0.0|0.0|0.0|0||||
44257|VITIS VINIFERA SEED OIL|1|80653|85594-37-2 / 84929-27-1 / 8024-22-4|287-896-9 / 284-511-6|SKIN CONDITIONING - EMOLLIENT;SKIN CONDITIONING|Vitis Vinifera Seed Oil is the fixed oil, consisting primarily of the glycerides of the fatty acids, obtained by pressing the seeds of the Grape, Vitis Vinifera L., Vitaceae|||0.0|0.0|0.0|0.0|0.0|0||||
44270|VITREOSCILLA FERMENT|1|60146|||SKIN CONDITIONING|Vitreoscilla Ferment is product obtained by the fermentation of Vitreoscilla|||0.0|0.0|0.0|0.0|0.0|0||||
44340|VP/EICOSENE COPOLYMER|1|60156|28211-18-9||BINDING;FILM FORMING;VISCOSITY CONTROLLING|2-Pyrrolidinone, 1-ethenyl-, polymer with 1-eicosene|||0.0|0.0|0.0|0.0|0.0|0||||
44348|VP/HEXADECENE COPOLYMER|1|60157|32440-50-9/63231-81-2|-/-|BINDING;FILM FORMING;HAIR FIXING;VISCOSITY CONTROLLING;DISPERSING NON-SURFACTANT|VP/Hexadecene Copolymer is a polymer of Hexadecene and N-Vinyl Pyrrolidone monomers.|||0.0|0.0|0.0|0.0|0.0|0||||
44449|WATER|1|92472|7732-18-5|231-791-2 (I)|ANTIPLAQUE;SKIN CONDITIONING;SOLVENT||||0.0|0.0|0.0|0.0|0.0|0||||
44497|WATERFAQUA)|0|||||||||||||0||||
44590|WHEY PROTEIN|1|60187|84082-51-9||HAIR CONDITIONING;SKIN CONDITIONING|Whey Protein is a polypeptide obtained from the fluid part of Milk after separation from curds.|||0.0|0.0|0.0|0.0|0.0|0||||
44746|WWW|0|||||||||||||0||||
44782|WWW.NIVEAUSA.COM QUESTIONS COMMENTS 1-800-227-4703 INGREDIENTS|0|||||||||||||0||||
44815|XANTHAM GUM|0|||||||||||||0||||
44833|XANTHAN GUM|1|80699|11138-66-2|234-394-2|BINDING;SURFACTANT - EMULSIFYING;EMULSION STABILISING;GEL FORMING;SKIN CONDITIONING;SURFACTANT - CLEANSING;VISCOSITY CONTROLLING|Xanthan gum|||0.0|0.0|0.0|0.0|0.0|0||||
44905|XYLITOL|1|38920|87-99-0|201-788-0|ANTI-SEBORRHEIC;DEODORANT;HUMECTANT;FLAVOURING;SKIN CONDITIONING - HUMECTANT|Xylitol is the pentahydric alcohol that conforms to the formula|||0.0|0.0|0.0|0.0|0.0|0||||
44914|XYLITYLGLUCOSIDE|1|60201|||HUMECTANT;SKIN CONDITIONING|Xylitylglucoside|||0.0|0.0|0.0|0.0|0.0|0||||
44966|YEAST AMINO ACIDS|1|83949|65072-01-7||HUMECTANT|Yeast Amino Acids are the amino acids derived from Yeast|||0.0|0.0|0.0|0.0|0.0|0||||
44983|YELLOW 5 (CI 19140)|0|||||||||||||0||||
45003|YELLOW 5 LAKE (CI 19140)|0|||||||||||||0||||
45022|YELLOW 6 (CI 15985)|0|||||||||||||0||||
45154|ZEA MAYS STARCH|1|38946|9005-25-8|232-679-6|ABRASIVE;ABSORBENT;ANTICAKING;SKIN PROTECTING;VISCOSITY CONTROLLING|Zea Mays Starch is a high-polymeric carbohydrate material usually derived from the peeled seeds of the Corn, Zea mays L., Gramineae|||0.0|0.0|0.0|0.0|0.0|0||||
45201|ZINC CARBONATE|1|80746|3486-35-9|222-477-6|OPACIFYING||||0.0|0.0|0.0|0.0|0.0|0||||
45210|ZINC CITRATE|1|80748|546-46-3|208-901-2|ANTIMICROBIAL;ANTIPLAQUE;ORAL CARE|Zinc Citrate is the zinc salt of citric acid that conforms to the formula:|III/24||0.0|1.0|0.0|0.0|0.0|0||||
45214|ZINC COCO-SULFATE|1|60274|||CLEANSING;SURFACTANT - EMULSIFYING;SURFACTANT - CLEANSING|Sulfuric Acid, monococo-alkyl ester, zinc salt, (2:1)|III/24||0.0|1.0|0.0|0.0|0.0|0||||
45218|ZINC GLUCONATE|1|38961|4468-02-4|224-736-9|ANTIMICROBIAL;DEODORANT;ORAL CARE;SKIN CONDITIONING|Zinc Gluconate is the zinc salt of gluconic acid that conforms to the formula:|III/24||0.0|1.0|0.0|0.0|0.0|0||||
45231|ZINC OXIDE|1|30|1314-13-2|215-222-5|UV FILTER||||0.0|0.0|1.0|0.0|1.0|0||1|0.0|Fulton JE Jr. Comedogenicity and irritancy of commonly used ingredients in skin care products. J Soc Cosmet Chem 1989;40:321-333, Table I, p.326; ISSN:0037-9832 (no DOI/PMID assigned; PDF from library.scconline.org/v040n06/13)
45247|ZINC PYRITHIONE|1|38974|13463-41-7|236-671-3|ANTI-SEBORRHEIC;ANTI-SEBUM;HAIR CONDITIONING;PRESERVATIVE|Zinc Pyrithione is the aromatic zinc compound|Annex II/1670||1.0|0.0|0.0|0.0|0.0|0||||
45253|ZINC STEARATE|1|38977|557-05-1|209-151-9|ANTICAKING;COLORANT;VISCOSITY CONTROLLING;SLIP MODIFIER|Zinc Stearate is the zinc salt of stearic acid that conforms generally to the formula:|IV/150||0.0|0.0|1.0|0.0|0.0|0||0|1.0|"Fulton JE Jr. Comedogenicity and irritancy of commonly used ingredients in skin care products. J Soc Cosmet Chem 1989;40:321-333, Table I, p.326; ISSN:0037-9832 (no DOI/PMID assigned; PDF from library.scconline.org/v040n06/13) | rule: C11-C24 fatty acid, one of its esters, or polysorbate 20/40/60/80 (src/enrichment/fungal_rule.py); basis: DOI:10.3389/fcimb.2020.00112; DOI:10.1093/femsyr/foaf043"
45255|ZINC SULFATE|1|38978|7446-19-7 (monohydrate)/ 7446-20-0 (heptahydrate) / 7733-02-0 (anhydrous)|231-793-3|ANTIMICROBIAL;ANTIPLAQUE;ASTRINGENT;ORAL CARE|Zinc Sulfate is the inorganic salt that conforms to the formula:|III/24||0.0|1.0|0.0|0.0|0.0|0||||
45281|ZINGIBER OFFICINALE ROOT EXTRACT / GINGER ROOT EXTRACT|0|||||||||||||0||||
