raw_name|canonical_name|method|confidence|ingredient_id|part_index|split_rule
TOCOPHEROL. MAY CONTAIN (+/-): CI 77891|( /-)|unresolved_residual|0.0|52|2|colon+period
PARFUM / FRAGRANCE. (F.I.L B38252/3)|(F.I.L B38252/3)|unresolved_residual|0.0|204|2|period
PARFUM / FRAGRANCE. (F.I.L B48924/1)|(F.I.L B48924/1)|unresolved_residual|0.0|205|2|period
PARFUM/FRAGRANCE. (F.I.L. Y70037597/1)|(F.I.L,Y70037597/1)|unresolved_residual|0.0|347|2|period
PARFUM/FRAGRANCE. (F.I.L.Z70042467/1)|(F.I.L.Z70042467/1)|unresolved_residual|0.0|405|2|period
(F01)|(F01)|unresolved|0.0|419|1|
PARFUM / FRAGRANCE. (FIL B44107/1)|(FIL B44107/1)|unresolved_residual|0.0|436|2|period
ALCOHOL DENAT. (SD ALCOHOL 39-C)|(SD ALCOHOL 39-C)|unresolved_residual|0.0|547|2|period
1,2-HEXANEDIOL|1,2-HEXANEDIOL|exact|1.0|797|1|
1-METHYLHYDANTOIN-2-IMIDE|1-METHYLHYDANTOIN-2-IMIDE|exact|1.0|835|1|
1-NAPHTHOL|1-NAPHTHOL|exact|1.0|836|1|
1-NAPHTHOL. ACTIVATOR AQUA/WATER/EAU|1-NAPHTHOL|cleaned|0.85|836|1|period
12M BEIERSDOCF OUY HI|12M BEIERSDOCF OUY HI|unresolved|0.0|1287|1|
2,4-DIAMINOPHENOXYETHANOL HCL|2,4-DIAMINOPHENOXYETHANOL HCL|exact|1.0|1494|1|
2,6-DICARBOXYPYRIDINE|2,6-DICARBOXYPYRIDINE|exact|1.0|1503|1|
2-AMINO-3-HYDROXYPYRIDINE|2-AMINO-3-HYDROXYPYRIDINE|exact|1.0|1519|1|
2-AMINO-6-CHLORO-4-NITROPHENOL|2-AMINO-6-CHLORO-4-NITROPHENOL|exact|1.0|1522|1|
2-BROMO-2-NITROPROPANE-1,3-DIOL|2-BROMO-2-NITROPROPANE-1,3-DIOL|exact|1.0|1535|1|
2-METHOXYMETHYL-P-PHENYLENEDIAMINE|2-METHOXYMETHYL-P-PHENYLENEDIAMINE|exact|1.0|1541|1|
2-METHYL-5-HYDROXYETHYLAMINOPHENOL|2-METHYL-5-HYDROXYETHYLAMINOPHENOL|exact|1.0|1548|1|
2-METHYLRESORCINOL|2-METHYLRESORCINOL|exact|1.0|1549|1|
505 4464-503 SR DA HORA|505 4464-503 SR DA HORA|unresolved|0.0|2201|1|
64521 GROSS-GERAU|64521 GROSS-GERAU|unresolved|0.0|2293|1|
65823 SCHWALBACH/TS. GERMANY FR E 22J A HDPE P&|65823 SCHWALBACH/TS. GERMANY FR E 22J A HDPE P|unresolved|0.0|2305|1|
695126 41 INGREDIENTS : AQUA / WATER|695126 41 INGREDIENTS|unresolved_residual|0.0|2321|1|colon
737201 6 - INGREDIENTS : AQUA / WATER|737201 6 - INGREDIENTS|unresolved_residual|0.0|2378|1|colon
8855963-INGREDIENTS: AQUA/WATER|8855963-INGREDIENTS|unresolved_residual|0.0|2549|1|colon
ACETIC ACID|ACETIC ACID|exact|1.0|2916|1|
ACETYL CEDRENE|ACETYL CEDRENE|exact|1.0|2924|1|
ACETYL TRIBUTYL CITRATE|ACETYL TRIBUTYL CITRATE|exact|1.0|2946|1|
ACID BLUE 9|ACID BLUE 9|exact|1.0|2979|1|
ACID ORANGE 7|ACID ORANGE 7|exact|1.0|2984|1|
ACID VIOLET 43|ACID VIOLET 43|exact|1.0|2990|1|
ACID YELLOW 3|ACID YELLOW 3|exact|1.0|2992|1|
ACORUS CALAMUS ROOT EXTRACT|ACORUS CALAMUS ROOT EXTRACT|exact|1.0|3111|1|
ACRYLAMIDOPROPYLTRIMONIUM CHLORIDE/ACRYLATES COPOLYMER|ACRYLAMIDOPROPYLTRIMONIUM CHLORIDE/ACRYLATES COPOLYMER|exact|1.0|3141|1|
ACRYLATE/C10-30 ALKYL ACRYLATE CROSSPOLYMER|ACRYLATE/C10-30 ALKYL ACRYLATE CROSSPOLYMER|unresolved|0.0|3150|1|
ACRYLATES ACRYLATE CROSSPOLYMER|ACRYLATES ACRYLATE CROSSPOLYMER|unresolved|0.0|3158|1|
ACRYLATE COPOLYMER|ACRYLATES COPOLYMER|typo_map|0.9|3169|1|
ACRYLATES COPOLYMER|ACRYLATES COPOLYMER|exact|1.0|3169|1|
ACRYLATES CROSSPOLYMER-4|ACRYLATES CROSSPOLYMER-4|exact|1.0|3175|1|
ACRYLATES/BEHENETH-25 METHACRYLATE COPOLYMER|ACRYLATES/BEHENETH-25 METHACRYLATE COPOLYMER|exact|1.0|3189|1|
ACRYLATES/C10-30 ALKYL ACRYLATE CROSSPOLYMER|ACRYLATES/C10-30 ALKYL ACRYLATE CROSSPOLYMER|exact|1.0|3212|1|
ACRYLATES/C10-30 ALKYL ACRYLATE CROSSPOLYMER (F.LL C262485/1)|ACRYLATES/C10-30 ALKYL ACRYLATE CROSSPOLYMER|paren_stripped|0.9|3212|1|
ACRYLATES/DIMETHICONE COPOLYMER|ACRYLATES/DIMETHICONE COPOLYMER|exact|1.0|3257|1|
ACRYLATES/STEARYL METHACRYLATE COPOLYMER|ACRYLATES/STEARYL METHACRYLATE COPOLYMER|exact|1.0|3276|1|
ACTINIDIA DELICIOSA FRUIT EXTRACT|ACTINIDIA DELICIOSA FRUIT EXTRACT|exact|1.0|3315|1|
1-NAPHTHOL. ACTIVATOR AQUA/WATER/EAU|ACTIVATOR AQUA/WATER/EAU|unresolved_residual|0.0|3326|2|period
ADANSONIA DIGITATA FRUIT EXTRACT|ADANSONIA DIGITATA FRUIT EXTRACT|exact|1.0|3392|1|
ADANSONIA DIGITATA SEED OIL|ADANSONIA DIGITATA SEED OIL|exact|1.0|3395|1|
ADIPIC ACID/FUMARIC ACID/PHTHALIC ACID/TRICYCLODECANE DIMETHANOL COPOLYMER|ADIPIC ACID/FUMARIC ACID/PHTHALIC ACID/TRICYCLODECANE DIMETHANOL COPOLYMER|exact|1.0|3442|1|
ADIPIC ACID/NEOPENTYL GLYCOL/TRIMELLITIC ANHYDRIDE COPOLYMER|ADIPIC ACID/NEOPENTYL GLYCOL/TRIMELLITIC ANHYDRIDE COPOLYMER|exact|1.0|3451|1|
AGAVE AMERICANA LEAF EXTRACT|AGAVE AMERICANA LEAF EXTRACT|exact|1.0|3523|1|
ALANINE|ALANINE|exact|1.0|3703|1|
ALCOHOL|ALCOHOL|exact|1.0|3746|1|
ALCOHOL*|ALCOHOL|cleaned|0.95|3746|1|
ALCOHOL DENAT|ALCOHOL DENAT.|synonym_map|0.85|3785|1|
ALCOHOL DENAT. (SD ALCOHOL 39-C)|ALCOHOL DENAT.|synonym_map|0.75|3785|1|period
ALCOHOL DENAT.*|ALCOHOL DENAT.|synonym_map|0.85|3785|1|
ALCOHOL DENAT. SD ALCOHOL 39-C|ALCOHOL DENAT. SD ALCOHOL 39-C|exact|1.0|3787|1|
ALGIN|ALGIN|exact|1.0|3912|1|
GLYCERYL STEARATE SE ALGIN|ALGIN|split|0.8|3912|2|
ALLANTOIN|ALLANTOIN|exact|1.0|3954|1|
PANTHENOL ALLANTOIN|ALLANTOIN|split|0.8|3954|2|
ALLANTON COCAMIDOPROPYL BETAINE|ALLANTON COCAMIDOPROPYL BETAINE|unresolved|0.0|3965|1|
ALOE BARBADENSIS LEAF EXTRACT|ALOE BARBADENSIS LEAF EXTRACT|exact|1.0|4076|1|
ALOE BARBADENSIS LEAF EXTRACT*|ALOE BARBADENSIS LEAF EXTRACT|cleaned|0.95|4076|1|
ALOE BARBADENSIS LEAF JUICE|ALOE BARBADENSIS LEAF JUICE|exact|1.0|4086|1|
ALOE BARBADENSIS LEAF JUICE*|ALOE BARBADENSIS LEAF JUICE|cleaned|0.95|4086|1|
"AQUA | ALOE BARBADENSIS LEAF JUICE | GLYCERIN | DECYL GLUCOSIDE | SODIUM BENZOATE | LEVULINIC ACID | LACTIC ACID | SODIUM LEVULINATE"|ALOE BARBADENSIS LEAF JUICE|split|0.8|4086|2|
ETHYLHEXYLGLYCERIN ALOE BARBADENSIS LEAF JUICE|ALOE BARBADENSIS LEAF JUICE|split|0.8|4086|2|
ALOE BARBADENSIS LEAF JUICE POWDER|ALOE BARBADENSIS LEAF JUICE POWDER|exact|1.0|4100|1|
ALOE BARBADENSIS LEAF JUICE POWDER*|ALOE BARBADENSIS LEAF JUICE POWDER|cleaned|0.95|4100|1|
ALPHA-ISOMETHYL IONONE|ALPHA-ISOMETHYL IONONE|exact|1.0|4278|1|
ALPHA-ISOMETHYL LONONE|ALPHA-ISOMETHYL LONONE|unresolved|0.0|4290|1|
ALPHA-TERPINENE|ALPHA-TERPINENE|exact|1.0|4332|1|
ALPHA-TERPINENE ANETHOLE|ALPHA-TERPINENE|split|0.8|4332|1|
ALUMINA|ALUMINA|exact|1.0|4384|1|
ALUMINIUM CHLOROHYDRATE|ALUMINIUM CHLOROHYDRATE|unresolved|0.0|4393|1|
ALUMINIUM ZIRCONIUM TETRACHLOROHYDREX GLY|ALUMINIUM ZIRCONIUM TETRACHLOROHYDREX GLY|unresolved|0.0|4409|1|
ALUMINUM CHLOROHYDRATE|ALUMINUM CHLOROHYDRATE|exact|1.0|4428|1|
ALUMINUM HYDROXIDE|ALUMINUM HYDROXIDE|exact|1.0|4439|1|
[MAY CONTAIN/PEUT CONTENIR/+/-:FERRIC AMMONIUM FERROCYANIDE (CI 77510), D&C RED NO. 7 CALCIUM LAKE (CI 15850), ALUMINUM POWDER (CI 77000), FD&C YELLOW NO. 5 ALUMINUM LAKE (CI 19140), D&C VIOLET NO. 2 (CI 60725)]|ALUMINUM POWDER|paren_stripped|0.8|4446|4|square_bracket+colon
[MAY CONTAIN/PEUT CONTENIR/+/-:MICA, TITANIUM DIOXIDE (CI 77891), FD&C YELLOW NO. 5 ALUMINUM LAKE (CI 19140), ALUMINUM POWDER (CI 77000), MANGANESE VIOLET (CI 77742), D&C RED NO. 6 BARIUM LAKE (CI 15850), IRON OXIDES (CI 77491, CI 77492, CI 77499), D&C RED NO. 7 CALCIUM LAKE (CI 15850), FD&C BLUE NO. 1 ALUMINUM LAKE (CI 42090), FERRIC AMMONIUM FERROCYANIDE (CI 77510), D&C RED NO. 34 CALCIUM LAKE (CI 15880), ULTRAMARINES (CI 77007), D&C BLACK NO. 2 (CI 77266)]. CLEARLY QUICK TOP COAT #103 ETHYL ACETATE|ALUMINUM POWDER|paren_stripped|0.8|4446|5|square_bracket+colon
ALUMINUM SESQUICHLOROHYDRATE|ALUMINUM SESQUICHLOROHYDRATE|exact|1.0|4451|1|
ALUMINUM STARCH OCTENYLSUCCINATE|ALUMINUM STARCH OCTENYLSUCCINATE|exact|1.0|4457|1|
ALUMINUM ZIRCONIUM TETRACHLOROHYDREX GLY|ALUMINUM ZIRCONIUM TETRACHLOROHYDREX GLY|exact|1.0|4474|1|
AMARA (BITTER ORANGE) FLOWER OIL|AMARA (BITTER ORANGE) FLOWER OIL|unresolved|0.0|4503|1|
AMINOMETHYL PROPANEDIOL|AMINOMETHYL PROPANEDIOL|exact|1.0|4574|1|
AMINOMETHYL PROPANOL|AMINOMETHYL PROPANOL|exact|1.0|4575|1|
AMMONIUM ALUM|AMMONIUM ALUM|exact|1.0|4622|1|
AMMONIUM HYDROXIDE|AMMONIUM HYDROXIDE|exact|1.0|4638|1|
AMMONIUM LAURETH SULFATE|AMMONIUM LAURETH SULFATE|exact|1.0|4645|1|
AMMONIUM LAURYL SULFATE|AMMONIUM LAURYL SULFATE|exact|1.0|4647|1|
AMMONIUM POLYACRYLOYLDIMETHYL TAURATE|AMMONIUM POLYACRYLOYLDIMETHYL TAURATE|exact|1.0|4664|1|
AMMONIUM SULFATE|AMMONIUM SULFATE|exact|1.0|4668|1|
AMMONIUM SULFATE. EMULSION RÉVÉLATRICE : AQUA|AMMONIUM SULFATE|cleaned|0.85|4668|1|colon+period
AMODIMETHICONE|AMODIMETHICONE|exact|1.0|4685|1|
AMYL CINNAMAL|AMYL CINNAMAL|exact|1.0|4740|1|
AMYL SALICYLATE|AMYL SALICYLATE|exact|1.0|4755|1|
AMYL CINNAMYL ALCOHOL|AMYLCINNAMYL ALCOHOL|exact|0.9|4763|1|retokenise
ANANAS SATIVUS FRUIT EXTRACT|ANANAS SATIVUS FRUIT EXTRACT|exact|1.0|4781|1|
ALPHA-TERPINENE ANETHOLE|ANETHOLE|split|0.8|4885|2|
ANETHOLE|ANETHOLE|exact|1.0|4885|1|
ANHYDROXYLITOL|ANHYDROXYLITOL|exact|1.0|4914|1|
ANTHEMIS NOBILIS FLOWER WATER|ANTHEMIS NOBILIS FLOWER WATER|exact|1.0|4983|1|
ANTHEMIS NOBILIS FLOWER WATER*|ANTHEMIS NOBILIS FLOWER WATER|cleaned|0.95|4983|1|
APHANIZOMENON FLOS-AQUAE EXTRACT|APHANIZOMENON FLOS-AQUAE EXTRACT|unresolved|0.0|5084|1|
APHANIZOMENON FLOS-AQUAE EXTRACT*|APHANIZOMENON FLOS-AQUAE EXTRACT|unresolved|0.0|5084|1|
. INGREDIENTS: AQUA|AQUA|cleaned|0.85|5197|2|colon
695126 41 INGREDIENTS : AQUA / WATER|AQUA|slash_variant|0.7|5197|2|colon
737201 6 - INGREDIENTS : AQUA / WATER|AQUA|slash_variant|0.7|5197|2|colon
8855963-INGREDIENTS: AQUA/WATER|AQUA|slash_variant|0.7|5197|2|colon
: AQUA (WATER)|AQUA|paren_stripped|0.9|5197|1|
AMMONIUM SULFATE. EMULSION RÉVÉLATRICE : AQUA|AQUA|cleaned|0.85|5197|3|colon+period
AQUA|AQUA|exact|1.0|5197|1|
AQUA (WATER)|AQUA|paren_stripped|0.9|5197|1|
AQUA (WATER, EAU)|AQUA|paren_stripped|0.9|5197|1|
AQUA (WATER,EAU)|AQUA|paren_stripped|0.9|5197|1|
AQUA (WATER/EAU)|AQUA|paren_stripped|0.9|5197|1|
AQUA / WATER|AQUA|slash_variant|0.8|5197|1|
"AQUA | ALOE BARBADENSIS LEAF JUICE | GLYCERIN | DECYL GLUCOSIDE | SODIUM BENZOATE | LEVULINIC ACID | LACTIC ACID | SODIUM LEVULINATE"|AQUA|split|0.8|5197|1|
AQUA/EAU|AQUA|slash_variant|0.8|5197|1|
AQUA/WATER|AQUA|slash_variant|0.8|5197|1|
AQUA/WATER/EAU|AQUA|slash_variant|0.8|5197|1|
CRÈME COLORANTE : AQUA|AQUA|cleaned|0.85|5197|2|colon
DUSCHGEL MIT VERWÖHNENDEM DUFT NACH MAGNOLIE. INGREDIENTS: AQUA|AQUA|cleaned|0.85|5197|2|colon+period
EAU|AQUA|synonym_map|0.85|5197|1|
ENTES: AQUA|AQUA|exact|0.9|5197|2|colon
ENTS: AQUA|AQUA|cleaned|0.85|5197|2|colon
ES: AQUA|AQUA|exact|0.9|5197|2|colon
ES: AQUA (WATER)|AQUA|paren_stripped|0.8|5197|2|colon
GREDIENTES: AQUA|AQUA|cleaned|0.85|5197|2|colon
GREDIENTS: AQUA|AQUA|exact|0.9|5197|2|colon
HEXYL CINNAMAL. MASQUE SOIN : AQUA|AQUA|cleaned|0.85|5197|3|colon+period
LZM ENTHALT: NATR UMFLUORID (1450 PPM F) INGREDIENTS: AQUA|AQUA|cleaned|0.85|5197|2|colon
NATURKOSMETIK OHNE KOMPROMISSE - MIT HOCHWERTIGEN INHALTS - STOFFEN NATÜRLICHEN URSPRUNGS WIR ENGAGIEREN UNS FÜR TIERWOHL INGREDIENTS: AQUA|AQUA|cleaned|0.85|5197|2|colon
NGREDIENTS: AQUA|AQUA|exact|0.9|5197|2|colon
PURIFIED WATER|AQUA|synonym_map|0.85|5197|1|
REDIENTS: AQUA|AQUA|cleaned|0.85|5197|2|colon
SODIUM BENZOATE. SÉRUM SOIN : AQUA|AQUA|cleaned|0.85|5197|3|colon+period
SODIUM PREFERENTEMENTE ANTES DE LA FECHA IMPRESA EN EL EMPAQUE/ENVASE. INGREDIENTES: AQUA|AQUA|cleaned|0.85|5197|2|colon+period
WATER/AQUA|AQUA|slash_variant|0.8|5197|1|
WATER/AQUA/EAU|AQUA|slash_variant|0.8|5197|1|
WATER/EAU|AQUA|slash_variant|0.8|5197|1|
AQUA VATER)|AQUA VATER)|unresolved|0.0|5302|1|
ARACHIDIC ACID|ARACHIDIC ACID|exact|1.0|5438|1|
ARGAN OIL POLYGLYCERYL-6 ESTERS|ARGAN OIL POLYGLYCERYL-6 ESTERS|exact|1.0|5516|1|
ARGANIA SPINOSA EXTRACT|ARGANIA SPINOSA EXTRACT|exact|1.0|5536|1|
ARGANIA SPINOSA (ARGAN) KERNEL OIL|ARGANIA SPINOSA KERNEL OIL|paren_stripped|0.9|5548|1|
ARGANIA SPINOSA (ARGAN) KERNEL OIL (ARGAN OIL)|ARGANIA SPINOSA KERNEL OIL|paren_stripped|0.9|5548|1|
ARGANIA SPINOSA KERNEL OIL|ARGANIA SPINOSA KERNEL OIL|exact|1.0|5548|1|
ARGILLA|ARGILLA|exact|1.0|5591|1|
ARGININE|ARGININE|exact|1.0|5600|1|
AROMA|AROMA|exact|1.0|5639|1|
AROMA (FLAVOR)|AROMA|paren_stripped|0.9|5639|1|
AROMA (FLAVOUR)|AROMA|paren_stripped|0.9|5639|1|
AROMA LIMONENE|AROMA|split|0.8|5639|1|
AROMA*|AROMA|cleaned|0.95|5639|1|
ASCORBIC ACID|ASCORBIC ACID|exact|1.0|5754|1|
ASCORBYL - PALMITATE|ASCORBYL PALMITATE|cleaned|0.85|5782|1|retokenise
ASCORBYL PALMITATE|ASCORBYL PALMITATE|exact|1.0|5782|1|
AVENA SATIVA (OAT) KERNEL EXTRACT|AVENA SATIVA KERNEL EXTRACT|paren_stripped|0.9|6050|1|
AVENA SATIVA (OAT) KERNEL EXTRACT*|AVENA SATIVA KERNEL EXTRACT|paren_stripped|0.9|6050|1|
AVENA SATIVA (COLLOIDAL OATMEAL) KERNEL FLOUR|AVENA SATIVA KERNEL FLOUR|paren_stripped|0.9|6056|1|
AVENA SATIVA KERNEL OIL|AVENA SATIVA KERNEL OIL|exact|1.0|6058|1|
AZELAIC ACID|AZELAIC ACID|exact|1.0|6204|1|
DIMETHICONE. AZELAIC ACID|AZELAIC ACID|exact|0.9|6204|2|period
BALANITES AEGYPTIACA SEED EXTRACT|BALANITES AEGYPTIACA SEED EXTRACT|exact|1.0|6347|1|
BAMBUSA ARUNDINACEA LEAF EXTRACT|BAMBUSA ARUNDINACEA LEAF EXTRACT|exact|1.0|6365|1|
BAMBUSA ARUNDINACEA LEAF EXTRACT*|BAMBUSA ARUNDINACEA LEAF EXTRACT|cleaned|0.95|6365|1|
BAPTISIA TINCTORIA ROOT EXTRACT|BAPTISIA TINCTORIA ROOT EXTRACT|exact|1.0|6400|1|
BAPTISIA TINCTORIA ROOT EXTRACT*|BAPTISIA TINCTORIA ROOT EXTRACT|cleaned|0.95|6400|1|
BASIC RED 51|BASIC RED 51|exact|1.0|6439|1|
BEESWAX|BEESWAX|exact|1.0|6513|1|
BEHENIC ACID|BEHENIC ACID|exact|1.0|6543|1|
BEHENTRIMONIUM CHLORIDE|BEHENTRIMONIUM CHLORIDE|exact|1.0|6557|1|
BEHENTRIMONIUM CHLORIDE*|BEHENTRIMONIUM CHLORIDE|cleaned|0.95|6557|1|
BEHENTRIMONIUM METHOSULFATE|BEHENTRIMONIUM METHOSULFATE|exact|1.0|6563|1|
BEHENTRIMONIUM METHOSULFATE*|BEHENTRIMONIUM METHOSULFATE|cleaned|0.95|6563|1|
BELLIS PERENNIS (DAISY) FLOWER EXTRACT|BELLIS PERENNIS FLOWER EXTRACT|paren_stripped|0.9|6623|1|
BELLIS PERENNIS (DAISY) FLOWER EXTRACT*|BELLIS PERENNIS FLOWER EXTRACT|paren_stripped|0.9|6623|1|
BENINCASA CERIFERA SEED EXTRACT|BENINCASA CERIFERA SEED EXTRACT|exact|1.0|6654|1|
BENZALDEHYDE|BENZALDEHYDE|exact|1.0|6680|1|
BENZOIC ACID|BENZOIC ACID|exact|1.0|6709|1|
BENZOPHENONE-1|BENZOPHENONE-1|exact|1.0|6734|1|
BENZOPHENONE-3|BENZOPHENONE-3|exact|1.0|6736|1|
BENZOPHENONE-4|BENZOPHENONE-4|exact|1.0|6738|1|
BENZTL SALICYLATE|BENZTL SALICYLATE|unresolved|0.0|6755|1|
BENZYL ALCOHOL|BENZYL ALCOHOL|exact|1.0|6802|1|
CELLULOSE GUM BENZYL ALCOHOL|BENZYL ALCOHOL|split|0.8|6802|2|
BENZYL BENZOATE|BENZYL BENZOATE|exact|1.0|6860|1|
BENZYL SALICYLATE|BENZYL SALICYLATE|exact|1.0|6910|1|
BENZYL SALL CYLATE**|BENZYL SALL CYLATE|unresolved|0.0|6933|1|
BENZYL SALYCILATE|BENZYL SALYCILATE|unresolved|0.0|6937|1|
BENZYLALCOHOL|BENZYLALCOHOL|unresolved|0.0|6953|1|
BETA-CARYOPHYLLENE|BETA-CARYOPHYLLENE|exact|1.0|7034|1|
BETAINE|BETAINE|exact|1.0|7044|1|
BETAINE*|BETAINE|cleaned|0.95|7044|1|
BHA|BHA|exact|1.0|7101|1|
BHT|BHT|exact|1.0|7110|1|
DISODIUM EDTA. [BI 446]|BI 446|unresolved_residual|0.0|7137|2|square_bracket+period
BIOSACCHARIDE GUM-1|BIOSACCHARIDE GUM-1|exact|1.0|7229|1|
BIOTIN|BIOTIN|exact|1.0|7237|1|
BIS-(ISOSTEAROYL/OLEOYL ISOPROPYL) DIMONIUM METHOSULFATE|BIS-(ISOSTEAROYL/OLEOYL ISOPROPYL) DIMONIUM METHOSULFATE|exact|1.0|7264|1|
BIS-(ISOSTEAROYL/OLEOYL ISOPROPYL) DIMONIUM METHOSULFATE*|BIS-(ISOSTEAROYL/OLEOYL ISOPROPYL) DIMONIUM METHOSULFATE|cleaned|0.95|7264|1|
BIS-AMINOPROPYL DIMETHICONE|BIS-AMINOPROPYL DIMETHICONE|exact|1.0|7273|1|
BIS-ASMINOPROPYL DIMETHICONE|BIS-ASMINOPROPYL DIMETHICONE|unresolved|0.0|7275|1|
BIS - DIGLYCERYL POLYACYLADIPATE-2|BIS-DIGLYCERYL POLYACYLADIPATE-2|cleaned|0.85|7288|1|retokenise
BIS-DIGLYCERYL POLYACYLADIPATE-2|BIS-DIGLYCERYL POLYACYLADIPATE-2|exact|1.0|7288|1|
BIS-ETHYLHEXYL HYDROXYDIMETHOXY BENZYLMALONATE|BIS-ETHYLHEXYL HYDROXYDIMETHOXY BENZYLMALONATE|exact|1.0|7304|1|
BIS-ETHYLHEXYLOXYPHENOL METHOXYPHENYL TRIAZINE|BIS-ETHYLHEXYLOXYPHENOL METHOXYPHENYL TRIAZINE|exact|1.0|7326|1|
BIS-HYDROXY/METHOXY AMODIMETHICONE|BIS-HYDROXY/METHOXY AMODIMETHICONE|exact|1.0|7336|1|
BISABOLOL|BISABOLOL|exact|1.0|7362|1|
BLUE 1 LAKE (CI 42090)|BLUE 1 LAKE (CI 42090)|unresolved|0.0|7481|1|
BLUE 1 LAKE (CI 42090) *|BLUE 1 LAKE (CI 42090)|unresolved|0.0|7481|1|
BONDING PRIMER AQUA/WATER/EAU|BONDING PRIMER AQUA/WATER/EAU|unresolved|0.0|7546|1|
ETIDRONIC ACID. BONDING TREATMENT AQUA/WATER/EAU|BONDING TREATMENT AQUA/WATER/EAU|unresolved_residual|0.0|7547|2|period
BORAGO OFFICINALIS SEED OIL|BORAGO OFFICINALIS SEED OIL|exact|1.0|7558|1|
BUTANE|BUTANE|exact|1.0|7811|1|
BUTETH-3|BUTETH-3|exact|1.0|7824|1|
BUTYL ACÉTATE|BUTYL AC TATE|unresolved|0.0|7883|1|
BUTYL ACETATE|BUTYL ACETATE|exact|1.0|7884|1|
BUTYL METHOXYDIBENZOYLMETHANE|BUTYL METHOXYDIBENZOYLMETHANE|exact|1.0|7922|1|
C12-15 ALKYL BENZOATE GLYCERIN BUTYL METHOXYDIBENZOYLMETHANE|BUTYL METHOXYDIBENZOYLMETHANE|split|0.8|7922|3|
BUTYLENE GLYCOL|BUTYLENE GLYCOL|exact|1.0|7982|1|
BUTYLENE/ETHYLENE/ STYRENE COPOLYMER|BUTYLENE/ETHYLENE/STYRENE COPOLYMER|cleaned|0.85|8009|1|slash_space
BUTYLENE/ETHYLENE/STYRENE COPOLYMER|BUTYLENE/ETHYLENE/STYRENE COPOLYMER|exact|1.0|8009|1|
BUTYLPARABEN|BUTYLPARABEN|exact|1.0|8029|1|
BUTYLPHENYL METHYLPROPIONAL|BUTYLPHENYL METHYLPROPIONAL|exact|1.0|8072|1|
BUTYROSPERMUM PARKII (SHEA BUTTER)|BUTYROSPERMUM PARKII (SHEA BUTTER)|unresolved|0.0|8196|1|
BUTYROSPERMUM PARKII (SHEA) BUTTER|BUTYROSPERMUM PARKII BUTTER|paren_stripped|0.9|8223|1|
BUTYROSPERMUM PARKII (SHEA) BUTTER*|BUTYROSPERMUM PARKII BUTTER|paren_stripped|0.9|8223|1|
BUTYROSPERMUM PARKII BUTTER|BUTYROSPERMUM PARKII BUTTER|exact|1.0|8223|1|
BUTYROSPERMUM PARKII BUTTER / SHEA BUTTER|BUTYROSPERMUM PARKII BUTTER|slash_variant|0.8|8223|1|
BUTYROSPERMUM PARKII BUTTER*|BUTYROSPERMUM PARKII BUTTER|cleaned|0.95|8223|1|
SHEA BUTTER|BUTYROSPERMUM PARKII BUTTER|synonym_map|0.85|8223|1|
BUTYROSPERMUM PARKII (SHEA) BUTTER EXTRACT|BUTYROSPERMUM PARKII BUTTER EXTRACT|paren_stripped|0.9|8229|1|
BUTYROSPERMUMPARKII BUTTER|BUTYROSPERMUMPARKII BUTTER|unresolved|0.0|8268|1|
C.I.16255|C.I.16255|unresolved|0.0|8466|1|
C10-18 TRIGLYCERIDES|C10-18 TRIGLYCERIDES|exact|1.0|8527|1|
C12-15 ALKYL BENZOALE CETEARYL ALCOHOL|C12-15 ALKYL BENZOALE CETEARYL ALCOHOL|unresolved|0.0|8596|1|
C12-15 ALKYL BENZOATE|C12-15 ALKYL BENZOATE|exact|1.0|8597|1|
C12-15 ALKYL BENZOATE GLYCERIN BUTYL METHOXYDIBENZOYLMETHANE|C12-15 ALKYL BENZOATE|split|0.8|8597|1|
C12-22 ALKYL ACRYLATE/HYDROXYETHYLACRYLATE COPOLYMER|C12-22 ALKYL ACRYLATE/HYDROXYETHYLACRYLATE COPOLYMER|exact|1.0|8638|1|
C13-14 ISOPARAFFIN|C13-14 ISOPARAFFIN|exact|1.0|8651|1|
C15-19 ALKANE|C15-19 ALKANE|exact|1.0|8683|1|
C20-40 ALKYL STEARATE|C20-40 ALKYL STEARATE|exact|1.0|8746|1|
C8-12 ACID TRIGLYCERIDE|C8-12 ACID TRIGLYCERIDE|exact|1.0|8793|1|
CAFFEINE|CAFFEINE|exact|1.0|8870|1|
CALCIUM ALGINATE|CALCIUM ALGINATE|exact|1.0|8890|1|
CALCIUM ALUMINUM BOROSILICATE|CALCIUM ALUMINUM BOROSILICATE|exact|1.0|8894|1|
CALCIUM CARBONATE|CALCIUM CARBONATE|exact|1.0|8902|1|
CALCIUM CHLORIDE|CALCIUM CHLORIDE|exact|1.0|8905|1|
CALCIUM GLUCONATE|CALCIUM GLUCONATE|exact|1.0|8913|1|
CALCIUM GLYCEROPHOSPHATE|CALCIUM GLYCEROPHOSPHATE|exact|1.0|8917|1|
CALCIUM/ZINC PVM/MA COPOLYMER|CALCIUM/ZINC PVM/MA COPOLYMER|exact|1.0|8957|1|
CALENDULA OFFICINALIS FLOWER EXTRACT|CALENDULA OFFICINALIS FLOWER EXTRACT|exact|1.0|8999|1|
CALENDULA OFFICINALIS FLOWER EXTRACT*|CALENDULA OFFICINALIS FLOWER EXTRACT|cleaned|0.95|8999|1|
CAMELINA SATIVA SEED OIL|CAMELINA SATIVA SEED OIL|exact|1.0|9079|1|
CAMELINA SATIVA SEED OIL*|CAMELINA SATIVA SEED OIL|cleaned|0.95|9079|1|
CAMELLIA JAPONICA SEED OIL|CAMELLIA JAPONICA SEED OIL|exact|1.0|9090|1|
CAMELLIA OLEIFERA SEED OIL|CAMELLIA OLEIFERA SEED OIL|exact|1.0|9096|1|
CAMELLIA SINENSIS LEAF EXTRACT|CAMELLIA SINENSIS LEAF EXTRACT|exact|1.0|9106|1|
CAMELLIA SINENSIS LEAF EXTRACT (GREEN TEA)|CAMELLIA SINENSIS LEAF EXTRACT|paren_stripped|0.9|9106|1|
CAMPHOC FAMESOL|CAMPHOC FAMESOL|unresolved|0.0|9134|1|
CAMPHOR|CAMPHOR|exact|1.0|9135|1|
CANANGA ODORATA FLOWER OIL|CANANGA ODORATA FLOWER OIL|exact|1.0|9163|1|
CANANGA ODORATA OIL / CANANGA ODORATA FLOWER OIL|CANANGA ODORATA OIL / CANANGA ODORATA FLOWER OIL|unresolved|0.0|9165|1|
CANDELILLA CERA|CANDELILLA CERA|exact|1.0|9176|1|
CANDELILLA CERA/ CANDELILLA WAX|CANDELILLA CERA/ CANDELILLA WAX|unresolved|0.0|9187|1|
CANNABIS SATIVA SEED EXTRACT|CANNABIS SATIVA SEED EXTRACT|exact|1.0|9215|1|
CANNABIS SATIVA SEED EXTRACT*|CANNABIS SATIVA SEED EXTRACT|cleaned|0.95|9215|1|
CANNABIS SATIVA SEED OIL|CANNABIS SATIVA SEED OIL|exact|1.0|9216|1|
CAPRIC ACID|CAPRIC ACID|exact|1.0|9264|1|
CAPROOYL PHYTOSPHINGOSINE|CAPROOYL PHYTOSPHINGOSINE|exact|1.0|9287|1|
CAPROOYL SPHIN - GOSINE|CAPROOYL SPHINGOSINE|cleaned|0.85|9288|1|retokenise
CAPRYLHYDROXAMIC ACID|CAPRYLHYDROXAMIC ACID|exact|1.0|9311|1|
CAPRYLIC ACID|CAPRYLIC ACID|exact|1.0|9322|1|
CAPRYLIC / CAPRIC TRIGLYCERIDE|CAPRYLIC/CAPRIC TRIGLYCERIDE|cleaned|0.85|9375|1|slash_space
CAPRYLIC/CAPRIC TRIGLYCERIDE|CAPRYLIC/CAPRIC TRIGLYCERIDE|exact|1.0|9375|1|
CAPRYLIC/CAPRIC TRIGLYCERIDE*|CAPRYLIC/CAPRIC TRIGLYCERIDE|cleaned|0.95|9375|1|
CAPRYLOYL GLYCINE|CAPRYLOYL GLYCINE|exact|1.0|9426|1|
CAPRYLOYL SALICYLIC ACID|CAPRYLOYL SALICYLIC ACID|exact|1.0|9429|1|
CAPRYLYL GLYCOL|CAPRYLYL GLYCOL|exact|1.0|9464|1|
CAPRYLYL/CAPRYL GLUCOSIDE|CAPRYLYL/CAPRYL GLUCOSIDE|exact|1.0|9494|1|
CARAMEL|CARAMEL|exact|1.0|9538|1|
CARBOMER|CARBOMER|exact|1.0|9559|1|
CARBOMER FRAGRANCE(PARFUM)|CARBOMER|cleaned|0.85|9559|1|newline
CARICA PAPAYA (PAPAYA) FRUIT EXTRACT|CARICA PAPAYA FRUIT EXTRACT|paren_stripped|0.9|9631|1|
CARICA PAPAYA FRUIT EXTRACT|CARICA PAPAYA FRUIT EXTRACT|exact|1.0|9631|1|
CARRAGEENAN|CARRAGEENAN|exact|1.0|9671|1|
CARTHAMUS TINCTORIUS (SAFFLOWER) SEED OIL|CARTHAMUS TINCTORIUS SEED OIL|paren_stripped|0.9|9716|1|
CARVONE|CARVONE|exact|1.0|9730|1|
CELLULOSE ACETATE BUTYRATE|CELLULOSE ACETATE BUTYRATE|exact|1.0|9893|1|
CELLULOSE GUM|CELLULOSE GUM|exact|1.0|9898|1|
CELLULOSE GUM BENZYL ALCOHOL|CELLULOSE GUM|split|0.8|9898|1|
CERA ALBA|CERA ALBA|exact|1.0|9971|1|
CERA ALBA / BEESWAX|CERA ALBA|slash_same_cas|0.75|9971|1|slash_same_cas
CERA ALBA/BEESWAX|CERA ALBA|slash_same_cas|0.75|9971|1|slash_same_cas
CERA ALBA / BEESWAX / CIRE DABEILLE|CERA ALBA / BEESWAX / CIRE DABEILLE|unresolved|0.0|9980|1|
CERA ALBA/BEESWAX/CIRE D’ABEILLE|CERA ALBA/BEESWAX/CIRE D ABEILLE|unresolved|0.0|9989|1|
CERA MICROCRISTALLINA|CERA MICROCRISTALLINA|exact|1.0|10021|1|
CERA MICROCRISTALLINA / MICROCRYSTALLINE WAX|CERA MICROCRISTALLINA|slash_same_cas|0.75|10021|1|slash_same_cas
CERAMIDE AP|CERAMIDE AP|exact|1.0|10055|1|
CERAMIDE EOP|CERAMIDE EOP|exact|1.0|10057|1|
CERAMIDE EOP CERAMIDE EOS|CERAMIDE EOP|split|0.8|10057|1|
CERAMIDE EOP CERAMIDE EOS|CERAMIDE EOS|split|0.8|10058|2|
CERAMIDE EOS|CERAMIDE EOS|exact|1.0|10058|1|
CERAMIDE NP|CERAMIDE NP|exact|1.0|10060|1|
CERAMIDE NS|CERAMIDE NS|exact|1.0|10062|1|
CERATONIA SILIQUA (CAROB) GUM|CERATONIA SILIQUA GUM|paren_stripped|0.9|10071|1|
CERESIN|CERESIN|exact|1.0|10080|1|
CETEARETH-20|CETEARETH-20|exact|1.0|10165|1|
CETEARETH-25|CETEARETH-25|exact|1.0|10171|1|
CETEARETH-30|CETEARETH-30|exact|1.0|10175|1|
CETEARETH-6|CETEARETH-6|exact|1.0|10180|1|
CETEARYL ALCOHOL|CETEARYL ALCOHOL|exact|1.0|10222|1|
CETEARYL ALCOHOL*|CETEARYL ALCOHOL|cleaned|0.95|10222|1|
CETEARYL ETHYLHEXANO - ATÉ|CETEARYL ETHYLHEXANO - AT|unresolved|0.0|10269|1|
CETETH-10 PHOSPHATE|CETETH-10 PHOSPHATE|exact|1.0|10318|1|
CETRIMONIUM BROMIDE|CETRIMONIUM BROMIDE|exact|1.0|10356|1|
CETRIMONIUM CHLORIDE|CETRIMONIUM CHLORIDE|exact|1.0|10360|1|
CETYL ALCOHOL|CETYL ALCOHOL|exact|1.0|10409|1|
CETYL ALCOHOL*|CETYL ALCOHOL|cleaned|0.95|10409|1|
CETYL ESTERS|CETYL ESTERS|exact|1.0|10443|1|
CETYL ETHYLHEXANOATE|CETYL ETHYLHEXANOATE|exact|1.0|10449|1|
CETYL PALMITATE|CETYL PALMITATE|exact|1.0|10461|1|
CETYL PEG/PPG-10/1 DIMETHICONE|CETYL PEG/PPG-10/1 DIMETHICONE|exact|1.0|10469|1|
CETYLPYRIDINIUM CHLORIDE|CETYLPYRIDINIUM CHLORIDE|exact|1.0|10506|1|
CHAMOMILLA RECUTITA (MATRICARIA) FLOWER EXTRACT|CHAMOMILLA RECUTITA FLOWER EXTRACT|paren_stripped|0.9|10589|1|
CHAMOMILLA RECUTITA (MATRICARIA) FLOWER EXTRACT*|CHAMOMILLA RECUTITA FLOWER EXTRACT|paren_stripped|0.9|10589|1|
CHAMOMILLA RECUTITA FLOWER EXTRACT|CHAMOMILLA RECUTITA FLOWER EXTRACT|exact|1.0|10589|1|
CHARCDAL POWDER|CHARCDAL POWDER|unresolved|0.0|10628|1|
CHARCOAL POWDER|CHARCOAL POWDER|exact|1.0|10636|1|
CHLORHEXIDINE DIGLUCONATE|CHLORHEXIDINE DIGLUCONATE|exact|1.0|10720|1|
CHLORHEXIDINE DIHYDROCHLORIDE|CHLORHEXIDINE DIHYDROCHLORIDE|exact|1.0|10723|1|
CHLORPHENESIN|CHLORPHENESIN|exact|1.0|10763|1|
CHOLESTEROL|CHOLESTEROL|exact|1.0|10791|1|
CHONDRUS CRISPUS|CHONDRUS CRISPUS|exact|1.0|10804|1|
CHONDRUS CRISPUS (CARRAGEENAN)|CHONDRUS CRISPUS|paren_stripped|0.9|10804|1|
CHONDRUS CRISPUS (CARRAGEENAN) EXTRACT|CHONDRUS CRISPUS EXTRACT|paren_stripped|0.9|10806|1|
CHONDRUS CRISPUS EXTRACT|CHONDRUS CRISPUS EXTRACT|exact|1.0|10806|1|
CI 11680|CI 11680|exact|1.0|10852|1|
CI 14700|CI 14700|exact|1.0|10863|1|
CI 14700/RED 4|CI 14700/RED 4|unresolved|0.0|10868|1|
CI 14720|CI 14720|exact|1.0|10876|1|
CI 15850|CI 15850|exact|1.0|10887|1|
CI 15985|CI 15985|exact|1.0|10909|1|
CI 15985 (YELLOW 6)|CI 15985|paren_stripped|0.9|10909|1|
CI 15985 / YELLOW 6|CI 15985 / YELLOW 6|unresolved|0.0|10910|1|
CI 15985/YELLOW 6|CI 15985/YELLOW 6|unresolved|0.0|10919|1|
CI 16035 / RED 40|CI 16035 / RED 40|unresolved|0.0|10921|1|
CI 16035. *INGREDIENT OF NATURAL ORIGIN|CI 16035. INGREDIENT OF NATURAL ORIGIN|unresolved|0.0|10927|1|
CI 16255|CI 16255|exact|1.0|10935|1|
CI 17200|CI 17200|exact|1.0|10943|1|
CI 17200 / RED 33|CI 17200 / RED 33|unresolved|0.0|10949|1|
CI 18965|CI 18965|exact|1.0|10974|1|
CI 19140|CI 19140|exact|1.0|10979|1|
CI 19140 (YELLOW 5)|CI 19140|paren_stripped|0.9|10979|1|
CI 420|CI 420|unresolved|0.0|11033|1|
CI 42051|CI 42051|exact|1.0|11038|1|
CI 42053|CI 42053|exact|1.0|11057|1|
CI 42090|CI 42090|exact|1.0|11064|1|
CI 42090 (BLUE 1)|CI 42090|paren_stripped|0.9|11064|1|
CI 42090 / BLUE 1|CI 42090 / BLUE 1|unresolved|0.0|11075|1|
CI 42090 FR TEL.: 0800 944 803 (SERVICE ET APPEL GRATUITS). NL TEL.: 0800-4455388 BE TEL.: 0800-14592 LU TEL.: 800 21172 FABRIQUÉ PAR:/GEPRODUCEERD DOOR: PROCTER & GAMBLE MANUFACTURING GMBH|CI 42090 FR TEL. 0800 944 803 (SERVICE ET APPEL GRATUITS). NL TEL. 0800-4455388 BE TEL. 0800-14592 LU TEL. 800 21172 FABRIQU PAR /GEPRODUCEERD DOOR PROCTER GAMBLE MANUFACTURING GMBH|unresolved|0.0|11087|1|
CI 47005|CI 47005|exact|1.0|11171|1|
CI 60730|CI 60730|exact|1.0|11192|1|
CI 61570|CI 61570|exact|1.0|11218|1|
CI 73360|CI 73360|exact|1.0|11225|1|
CI 74160|CI 74160|exact|1.0|11237|1|
CI 74260|CI 74260|exact|1.0|11253|1|
CI 75470 / CARMINE|CI 75470 / CARMINE|unresolved|0.0|11275|1|
TIN OXIDE. [+/- MAY CONTAIN: CI 77491, CI 77492, CI 77499 / IRON OXIDES, CI 77891 / TITANIUM DIOXIDE, CI 77007 / ULTRAMARINES, CI 75470 / CARMINE, MICA]|CI 75470 / CARMINE|unresolved_residual|0.0|11275|8|slash_same_cas+square_bracket+colon+period
CI 75810|CI 75810|exact|1.0|11289|1|
CI 77007|CI 77007|exact|1.0|11298|1|
CI 77007 / ULTRAMARINES|CI 77007|slash_same_cas|0.75|11298|1|slash_same_cas
CI 77007)|CI 77007|exact|0.9|11298|1|bracket
TIN OXIDE. [+/- MAY CONTAIN: CI 77491, CI 77492, CI 77499 / IRON OXIDES, CI 77891 / TITANIUM DIOXIDE, CI 77007 / ULTRAMARINES, CI 75470 / CARMINE, MICA]|CI 77007|slash_same_cas|0.65|11298|7|slash_same_cas+square_bracket+colon+period
CI 77491|CI 77491|exact|1.0|11348|1|
MAY CONTAIN: CI 77491|CI 77491|exact|0.9|11348|1|colon
TIN OXIDE. [+/- MAY CONTAIN: CI 77491, CI 77492, CI 77499 / IRON OXIDES, CI 77891 / TITANIUM DIOXIDE, CI 77007 / ULTRAMARINES, CI 75470 / CARMINE, MICA]|CI 77491|exact|0.9|11348|3|slash_same_cas+square_bracket+colon+period
CI 77492|CI 77492|exact|1.0|11376|1|
TIN OXIDE. [+/- MAY CONTAIN: CI 77491, CI 77492, CI 77499 / IRON OXIDES, CI 77891 / TITANIUM DIOXIDE, CI 77007 / ULTRAMARINES, CI 75470 / CARMINE, MICA]|CI 77492|exact|0.9|11376|4|slash_same_cas+square_bracket+colon+period
CI 77499|CI 77499|exact|1.0|11393|1|
CI 77499 / IRON OXIDES|CI 77499 / IRON OXIDES|unresolved|0.0|11397|1|
TIN OXIDE. [+/- MAY CONTAIN: CI 77491, CI 77492, CI 77499 / IRON OXIDES, CI 77891 / TITANIUM DIOXIDE, CI 77007 / ULTRAMARINES, CI 75470 / CARMINE, MICA]|CI 77499 / IRON OXIDES|unresolved_residual|0.0|11397|5|slash_same_cas+square_bracket+colon+period
CI 77891|CI 77891|exact|1.0|11483|1|
CI 77891 (TITANIUM DIOXIDE)|CI 77891|paren_stripped|0.9|11483|1|
CI 77891 / TITANIUM DIOXIDE|CI 77891|slash_same_cas|0.75|11483|1|slash_same_cas
CI 77891/TITANIUM DIOXIDE|CI 77891|slash_same_cas|0.75|11483|1|slash_same_cas
TIN OXIDE. [+/- MAY CONTAIN: CI 77491, CI 77492, CI 77499 / IRON OXIDES, CI 77891 / TITANIUM DIOXIDE, CI 77007 / ULTRAMARINES, CI 75470 / CARMINE, MICA]|CI 77891|slash_same_cas|0.65|11483|6|slash_same_cas+square_bracket+colon+period
TITANIUM DIOXIDE (CI 77891|CI 77891|split|0.7|11483|2|bracket
TOCOPHEROL. MAY CONTAIN (+/-): CI 77891|CI 77891|exact|0.9|11483|3|colon+period
CI 77891. CONTAINS SODIUM FLUORIDE (1450 PPM F)|CI 77891. CONTAINS|unresolved_residual|0.0|11500|1|marker
CI 77891. *CONTENENTE MENTA DA AGRICOLTURA BIOLOGICA|CI 77891. CONTENENTE MENTA DA AGRICOLTURA BIOLOGICA|unresolved|0.0|11502|1|
CI73360|CI73360|unresolved|0.0|11584|1|
CI77891|CI77891|unresolved|0.0|11606|1|
CINNAMAL|CINNAMAL|exact|1.0|11673|1|
CINNAMYL ALCOHOL|CINNAMYL ALCOHOL|exact|1.0|11720|1|
CITRAL|CITRAL|exact|1.0|11779|1|
CITRAL*|CITRAL|cleaned|0.95|11779|1|
CITRAL**|CITRAL|cleaned|0.95|11779|1|
CITRIC ACID|CITRIC ACID|exact|1.0|11835|1|
CITRIC ACID*|CITRIC ACID|cleaned|0.95|11835|1|
CITRIC ACIDLINGETTE : 100% CELLULOSE|CITRIC ACIDLINGETTE 100 CELLULOSE|unresolved|0.0|11889|1|
CITRONELLOL|CITRONELLOL|exact|1.0|11997|1|
CITRONELLOL*|CITRONELLOL|cleaned|0.95|11997|1|
CITRONELLOL**|CITRONELLOL|cleaned|0.95|11997|1|
CITRULLUS LANATUS (WATERMELON) SEED OIL|CITRULLUS LANATUS SEED OIL|paren_stripped|0.9|12065|1|
CITRUS AURANTIFOLIA (LIME) SEED OIL|CITRUS AURANTIFOLIA SEED OIL|paren_stripped|0.9|12098|1|
CITRUS AURANTIUM|CITRUS AURANTIUM|unresolved|0.0|12099|1|
CITRUS AURANTIUM AMARA FLOWER EXTRACT|CITRUS AURANTIUM AMARA FLOWER EXTRACT|exact|1.0|12106|1|
CITRUS AURANTIUM BERGAMIA PEEL OIL|CITRUS AURANTIUM BERGAMIA PEEL OIL|exact|1.0|12134|1|
CITRUS AURANTIUM DULCIS FRUIT EXTRACT|CITRUS AURANTIUM DULCIS FRUIT EXTRACT|exact|1.0|12156|1|
CITRUS AURANTIUM DULCIS FRUIT WATER|CITRUS AURANTIUM DULCIS FRUIT WATER|exact|1.0|12157|1|
CITRUS AURANTIUM DULCIS OIL|CITRUS AURANTIUM DULCIS OIL|exact|1.0|12164|1|
CITRUS AURANTIUM DULCIS PEEL OIL|CITRUS AURANTIUM DULCIS PEEL OIL|exact|1.0|12172|1|
CITRUS AURANTIUM PEEL OIL|CITRUS AURANTIUM PEEL OIL|exact|1.0|12188|1|
CITRUS BERGAMIA PEEL OIL EXPRESSED|CITRUS BERGAMIA PEEL OIL EXPRESSED|exact|1.0|12199|1|
CITRUS GRANDIS / GRAPEFRUIT FRUIT WATER|CITRUS GRANDIS / GRAPEFRUIT FRUIT WATER|unresolved|0.0|12212|1|
CITRUS GRANDIS (GRAPEFRUIT) FRUIT EXTRACT|CITRUS GRANDIS FRUIT EXTRACT|paren_stripped|0.9|12215|1|
CITRUS GRANDIS FRUIT EXTRACT|CITRUS GRANDIS FRUIT EXTRACT|exact|1.0|12215|1|
CITRUS GRANDIS (GRAPEFRUIT) SEED EXTRACT|CITRUS GRANDIS SEED EXTRACT|paren_stripped|0.9|12231|1|
CITRUS LIMON (LEMON) PEEL OIL|CITRUS LIMON PEEL OIL|paren_stripped|0.9|12288|1|
CITRUS LIMON PEEL OIL|CITRUS LIMON PEEL OIL|exact|1.0|12288|1|
CITRUS MEDICA LIMONUM (LEMON) FRUIT EXTRACT|CITRUS MEDICA LIMONUM FRUIT EXTRACT|paren_stripped|0.9|12312|1|
CITRUS NOBILIS FRUIT EXTRACT|CITRUS NOBILIS FRUIT EXTRACT|exact|1.0|12328|1|
CL 16035|CL 16035|unresolved|0.0|12417|1|
CL 17200|CL 17200|unresolved|0.0|12424|1|
CL 19140|CL 19140|unresolved|0.0|12435|1|
CL 42090|CL 42090|unresolved|0.0|12457|1|
CL 47005|CL 47005|unresolved|0.0|12474|1|
CL 74160|CL 74160|unresolved|0.0|12491|1|
CL 77891 (TITANIUM DIOXIDE)|CL 77891 (TITANIUM DIOXIDE)|unresolved|0.0|12529|1|
COCAMIDE MEA|COCAMIDE MEA|exact|1.0|12735|1|
COCAMIDE MEA*|COCAMIDE MEA|cleaned|0.95|12735|1|
COCAMIDE MIPA|COCAMIDE MIPA|exact|1.0|12741|1|
COCAMIDOPROPYL BETAINE|COCAMIDOPROPYL BETAINE|exact|1.0|12812|1|
COCAMIDOPROPYL BETAINE*|COCAMIDOPROPYL BETAINE|cleaned|0.95|12812|1|
COCAMIDOPROPYL PG-DIMONIUM CHLORIDE PHOSPHATE|COCAMIDOPROPYL PG-DIMONIUM CHLORIDE PHOSPHATE|exact|1.0|12855|1|
COCAMIDOPROPYLBETAINE|COCAMIDOPROPYLBETAINE|unresolved|0.0|12865|1|
COCO NUCIFERA OIL|COCO NUCIFERA OIL|unresolved|0.0|12914|1|
COCO - BETAINE|COCO-BETAINE|exact|0.9|12921|1|retokenise
COCO-BETAINE|COCO-BETAINE|exact|1.0|12921|1|
COCO-BETAINE PENTYLENE GLYCOL|COCO-BETAINE|split|0.8|12921|1|
COCO-CAPRYLATE|COCO-CAPRYLATE|exact|1.0|12927|1|
COCO-CAPRYLATE/ CAPRATE|COCO-CAPRYLATE/CAPRATE|cleaned|0.85|12934|1|slash_space
COCO-CAPRYLATE/CAPRATE|COCO-CAPRYLATE/CAPRATE|exact|1.0|12934|1|
COCO-GLUCOSIDE|COCO-GLUCOSIDE|exact|1.0|12955|1|
COCO-GLUCOSIDE*|COCO-GLUCOSIDE|cleaned|0.95|12955|1|
COCODIMONIUM HYDROXYPROPYL HYDROLYZED WHEAT PROTEIN|COCODIMONIUM HYDROXYPROPYL HYDROLYZED WHEAT PROTEIN|exact|1.0|13022|1|
COCOGLUCOSIDE|COCOGLUCOSIDE|unresolved|0.0|13025|1|
COCOGLYCERIDES|COCOGLYCERIDES|exact|1.0|13031|1|
COCONUT ACID|COCONUT ACID|exact|1.0|13049|1|
COCONUT ALKANES|COCONUT ALKANES|exact|1.0|13052|1|
COCOS NUCIFERA (COCONUT) MILK PROTEIN|COCOS NUCIFERA (COCONUT) MILK PROTEIN|unresolved|0.0|13125|1|
COCOS NUCIFERA FRUIT EXTRACT|COCOS NUCIFERA FRUIT EXTRACT|exact|1.0|13160|1|
COCOS NUCIFERA (COCONUT) OIL|COCOS NUCIFERA OIL|paren_stripped|0.9|13174|1|
COCOS NUCIFERA (COCONUT) OIL*|COCOS NUCIFERA OIL|paren_stripped|0.9|13174|1|
COCOS NUCIFERA OIL|COCOS NUCIFERA OIL|exact|1.0|13174|1|
COCOS NUCIFERA OIL*|COCOS NUCIFERA OIL|cleaned|0.95|13174|1|
COCOS NUCIFERA (COCONUT) SHELL POWDER|COCOS NUCIFERA SHELL POWDER|paren_stripped|0.9|13188|1|
COCOS NUCIFERA SHELL POWDER|COCOS NUCIFERA SHELL POWDER|exact|1.0|13188|1|
COCOS NUCIFERA SHELL POWDER/COCOS NUCIFERA (COCONUT) SHELL POWDER|COCOS NUCIFERA SHELL POWDER|slash_variant|0.8|13188|1|
CODE F.I.L. : C182660/1|CODE F.I.L. C182660/1|unresolved|0.0|13253|1|
COLLAGEN|COLLAGEN|exact|1.0|13345|1|
COLLAGEN EXTRACT|COLLAGEN EXTRACT|exact|1.0|13349|1|
COMMIPHORA MYRRHA RESIN EXTRACT|COMMIPHORA MYRRHA RESIN EXTRACT|exact|1.0|13648|1|
COPERNICIA CERIFERA CERA / CARNAUBA WAX / CIRE DE CARNAUBA|COPERNICIA CERIFERA CERA / CARNAUBA WAX / CIRE DE CARNAUBA|unresolved|0.0|14031|1|
COPERNICIA CERIFERA WAX|COPERNICIA CERIFERA WAX|exact|1.0|14039|1|
COPPER GLUCONATE|COPPER GLUCONATE|exact|1.0|14067|1|
COPPER GLUCONATE. FABRICADO Y EXPORTADO POR: JOHNSON HYDROXIDE|COPPER GLUCONATE|cleaned|0.85|14067|1|colon+period
CORN STARCH MODIFIED|CORN STARCH MODIFIED|exact|1.0|14115|1|
COUMARIN|COUMARIN|exact|1.0|14205|1|
COUMARIN LIMONENE|COUMARIN|split|0.8|14205|1|
CRÈME COLORANTE : AQUA|CR ME COLORANTE|unresolved_residual|0.0|14250|1|colon
CREATINE|CREATINE|exact|1.0|14286|1|
CUCUMIS SATIVUS (CUCUMBER) FRUIT EXTRACT|CUCUMIS SATIVUS FRUIT EXTRACT|paren_stripped|0.9|14430|1|
CUCUMIS SATIVUS FRUIT EXTRACT|CUCUMIS SATIVUS FRUIT EXTRACT|exact|1.0|14430|1|
CUCUMIS SATIVUS FRUIT EXTRACT/CUCUMBER FRUIT EXTRACT|CUCUMIS SATIVUS FRUIT EXTRACT/CUCUMBER FRUIT EXTRACT|unresolved|0.0|14431|1|
CYCLODEXTRIN|CYCLODEXTRIN|exact|1.0|14533|1|
CYCLOHEXASILOXANE|CYCLOHEXASILOXANE|exact|1.0|14535|1|
CYCLOMETHICONE|CYCLOMETHICONE|exact|1.0|14545|1|
CYCLOPENTASILOXANE|CYCLOPENTASILOXANE|exact|1.0|14559|1|
CYCLOTETRASILOXANE|CYCLOTETRASILOXANE|exact|1.0|14571|1|
CYSTINE|CYSTINE|exact|1.0|14630|1|
CYSTINE BIS-PG-PROPYL SILANETRIOL|CYSTINE BIS-PG-PROPYL SILANETRIOL|exact|1.0|14631|1|
CYSTOSEIRA COMPRESSA EXTRACT|CYSTOSEIRA COMPRESSA EXTRACT|exact|1.0|14632|1|
[MAY CONTAIN/PEUT CONTENIR/+/-:MICA, TITANIUM DIOXIDE (CI 77891), FD&C YELLOW NO. 5 ALUMINUM LAKE (CI 19140), ALUMINUM POWDER (CI 77000), MANGANESE VIOLET (CI 77742), D&C RED NO. 6 BARIUM LAKE (CI 15850), IRON OXIDES (CI 77491, CI 77492, CI 77499), D&C RED NO. 7 CALCIUM LAKE (CI 15850), FD&C BLUE NO. 1 ALUMINUM LAKE (CI 42090), FERRIC AMMONIUM FERROCYANIDE (CI 77510), D&C RED NO. 34 CALCIUM LAKE (CI 15880), ULTRAMARINES (CI 77007), D&C BLACK NO. 2 (CI 77266)]. CLEARLY QUICK TOP COAT #103 ETHYL ACETATE|D C BLACK NO. 2 (CI 77266), CLEARLY QUICK TOP COAT 103 ETHYL ACETATE|unresolved_residual|0.0|14645|10|square_bracket+colon
[MAY CONTAIN/PEUT CONTENIR/+/-:MICA, TITANIUM DIOXIDE (CI 77891), FD&C YELLOW NO. 5 ALUMINUM LAKE (CI 19140), ALUMINUM POWDER (CI 77000), MANGANESE VIOLET (CI 77742), D&C RED NO. 6 BARIUM LAKE (CI 15850), IRON OXIDES (CI 77491, CI 77492, CI 77499), D&C RED NO. 7 CALCIUM LAKE (CI 15850), FD&C BLUE NO. 1 ALUMINUM LAKE (CI 42090), FERRIC AMMONIUM FERROCYANIDE (CI 77510), D&C RED NO. 34 CALCIUM LAKE (CI 15880), ULTRAMARINES (CI 77007), D&C BLACK NO. 2 (CI 77266)]. CLEARLY QUICK TOP COAT #103 ETHYL ACETATE|D C RED NO. 34 CALCIUM LAKE (CI 15880)|unresolved_residual|0.0|14664|8|square_bracket+colon
D&C RED NO. 7 CALCIUM LAKE (CI 15850)|D C RED NO. 7 CALCIUM LAKE (CI 15850)|unresolved|0.0|14670|1|
[MAY CONTAIN/PEUT CONTENIR/+/-:FERRIC AMMONIUM FERROCYANIDE (CI 77510), D&C RED NO. 7 CALCIUM LAKE (CI 15850), ALUMINUM POWDER (CI 77000), FD&C YELLOW NO. 5 ALUMINUM LAKE (CI 19140), D&C VIOLET NO. 2 (CI 60725)]|D C RED NO. 7 CALCIUM LAKE (CI 15850)|unresolved_residual|0.0|14670|3|square_bracket+colon
D&C VIOLET NO. 2 (CI 60725). GRAPE SHIFTER #483 ETHYL ACETATE|D C VIOLET NO. 2 (CI 60725). GRAPE SHIFTER 483 ETHYL ACETATE|unresolved|0.0|14673|1|
"AQUA | ALOE BARBADENSIS LEAF JUICE | GLYCERIN | DECYL GLUCOSIDE | SODIUM BENZOATE | LEVULINIC ACID | LACTIC ACID | SODIUM LEVULINATE"|DECYL GLUCOSIDE|split|0.8|15104|4|
DECYL GLUCOSIDE|DECYL GLUCOSIDE|exact|1.0|15104|1|
DECYLENE GLYCOL|DECYLENE GLYCOL|exact|1.0|15123|1|
DEHYDROACETIC ACID|DEHYDROACETIC ACID|exact|1.0|15161|1|
DEHYDROXANTHAN GUM|DEHYDROXANTHAN GUM|exact|1.0|15182|1|
DENATONIUM BENZOATE|DENATONIUM BENZOATE|exact|1.0|15234|1|
DEXTRIN PALMITATE/ETHYLHEXANOATE|DEXTRIN PALMITATE/ETHYLHEXANOATE|exact|1.0|15397|1|
DIACETONE ALCOHOL|DIACETONE ALCOHOL|exact|1.0|15446|1|
DIAZOLIDINYL UREA|DIAZOLIDINYL UREA|exact|1.0|15473|1|
DIBUTYL ADIPATE|DIBUTYL ADIPATE|exact|1.0|15483|1|
DICALCIUM PHOSPHATE|DICALCIUM PHOSPHATE|exact|1.0|15497|1|
DICAPRYLYL CARBONATE|DICAPRYLYL CARBONATE|exact|1.0|15515|1|
DICAPRYLYL ETHER|DICAPRYLYL ETHER|exact|1.0|15524|1|
DICETYL PHOSPHATE|DICETYL PHOSPHATE|exact|1.0|15540|1|
DICHLOROBENZYL ALCOHOL|DICHLOROBENZYL ALCOHOL|exact|1.0|15543|1|
SODIUM SACCHARIN DICHLOROBENZYL ALCOHOL|DICHLOROBENZYL ALCOHOL|split|0.8|15543|2|
DIETHYLAMINO HYDROXYBENZOYL HEXYL BENZOATE|DIETHYLAMINO HYDROXYBENZOYL HEXYL BENZOATE|exact|1.0|15622|1|
DIETHYLHEXYL BUTAMIDO TRIAZONE|DIETHYLHEXYL BUTAMIDO TRIAZONE|exact|1.0|15648|1|
DIETHYLHEXYL SIRINGYLIDENEMALONATE|DIETHYLHEXYL SIRINGYLIDENEMALONATE|unresolved|0.0|15654|1|
DIGLYCERIN|DIGLYCERIN|exact|1.0|15674|1|
DIISOPROPYL SEBACATE|DIISOPROPYL SEBACATE|exact|1.0|15703|1|
DIISOSTEARYL MALATE|DIISOSTEARYL MALATE|exact|1.0|15711|1|
DILAURYLTHIODIPROPIONATE|DILAURYLTHIODIPROPIONATE|unresolved|0.0|15717|1|
DIMER DILINOLEYL DIMER DILINOLEATE|DIMER DILINOLEYL DIMER DILINOLEATE|exact|1.0|15743|1|
DIMETHICONE|DIMETHICONE|exact|1.0|15768|1|
DIMETHICONE. AZELAIC ACID|DIMETHICONE|exact|0.9|15768|1|period
PEG-8 DIMETHICONE|DIMETHICONE|split|0.8|15768|2|
DIMETHICONE/BIS-ISOBUTYL PPG-20 CROSSPOLYMER|DIMETHICONE/BIS-ISOBUTYL PPG-20 CROSSPOLYMER|exact|1.0|15804|1|
DIMETHICONE/PEG-10/15 CROSSPOLYMER|DIMETHICONE/PEG-10/15 CROSSPOLYMER|exact|1.0|15806|1|
DIMETHICONOL|DIMETHICONOL|exact|1.0|15823|1|
DIMETHYL ISOSORBIDE|DIMETHYL ISOSORBIDE|exact|1.0|15855|1|
DIMETHYL PHENETHYL ACETATE|DIMETHYL PHENETHYL ACETATE|exact|1.0|15863|1|
DIMETHYLGLYCERIN|DIMETHYLGLYCERIN|unresolved|0.0|15878|1|
DIPALMITOYLETHYL DIMONIUM CHLORIDE|DIPALMITOYLETHYL DIMONIUM CHLORIDE|exact|1.0|15936|1|
DIPALMITOYLETHYL DIMONIUM CHLORIDE*|DIPALMITOYLETHYL DIMONIUM CHLORIDE|cleaned|0.95|15936|1|
DIPROPYLENE GLYCOL|DIPROPYLENE GLYCOL|exact|1.0|15981|1|
DISODIUM COCAMPHODIACETATE|DISODIUM COCAMPHODIACETATE|unresolved|0.0|16099|1|
DISODIUM COCOAMPHODIACETATE|DISODIUM COCOAMPHODIACETATE|exact|1.0|16104|1|
DISODIUM COCOYL GLUTAMATE|DISODIUM COCOYL GLUTAMATE|exact|1.0|16114|1|
DISODIUM EDTA|DISODIUM EDTA|exact|1.0|16143|1|
DISODIUM EDTA. [BI 446]|DISODIUM EDTA|cleaned|0.85|16143|1|square_bracket+period
DISODIUM LAURETH SULFOSUCCINATE|DISODIUM LAURETH SULFOSUCCINATE|exact|1.0|16178|1|
DISODIUM PHOSPHATE|DISODIUM PHOSPHATE|exact|1.0|16199|1|
DISODIUM PYROPHOSPHATE|DISODIUM PYROPHOSPHATE|exact|1.0|16203|1|
DISOPROPYL ADIPATE|DISOPROPYL ADIPATE|unresolved|0.0|16234|1|
DISSODIUM EDTA|DISSODIUM EDTA|unresolved|0.0|16243|1|
DISTARCH PHOSPHATE|DISTARCH PHOSPHATE|exact|1.0|16256|1|
DISTEARDIMONIUM HECTORITE|DISTEARDIMONIUM HECTORITE|exact|1.0|16270|1|
DISTEAROYLETHYL HYDROXY ETHYLMONIUM METHOSULFATE|DISTEAROYLETHYL HYDROXY ETHYLMONIUM METHOSULFATE|unresolved|0.0|16283|1|
DMDM HYDANTOIN|DMDM HYDANTOIN|exact|1.0|16396|1|
DODECANE|DODECANE|exact|1.0|16465|1|
DONKEY MILK|DONKEY MILK|exact|1.0|16490|1|
DROMETRIZOLE TRISILOXANE|DROMETRIZOLE TRISILOXANE|exact|1.0|16549|1|
DUSCHGEL MIT VERWÖHNENDEM DUFT NACH MAGNOLIE. INGREDIENTS: AQUA|DUSCHGEL MIT VERW HNENDEM DUFT NACH MAGNOLIE|unresolved_residual|0.0|16649|1|colon+period
ECHINACEA PURPUREA EXTRACT|ECHINACEA PURPUREA EXTRACT|exact|1.0|16894|1|
ECHIUM PLANTAGINEUM SEED OIL|ECHIUM PLANTAGINEUM SEED OIL|exact|1.0|16901|1|
EDTA|EDTA|exact|1.0|16950|1|
AMMONIUM SULFATE. EMULSION RÉVÉLATRICE : AQUA|EMULSION R V LATRICE|unresolved_residual|0.0|17193|2|colon+period
EPILOBIUM ANGUSTIFOLIUM EXTRACT|EPILOBIUM ANGUSTIFOLIUM EXTRACT|exact|1.0|17479|1|
EQUISETUM ARVENSE LEAF EXTRACT|EQUISETUM ARVENSE LEAF EXTRACT|exact|1.0|17490|1|
EQUISETUM ARVENSE LEAF EXTRACT*|EQUISETUM ARVENSE LEAF EXTRACT|cleaned|0.95|17490|1|
ES: AQUA|ES|unresolved_residual|0.0|17543|1|colon
ES: AQUA (WATER)|ES|unresolved_residual|0.0|17543|1|colon
ETHANOLAMINE|ETHANOLAMINE|exact|1.0|17756|1|
ETHOXYDIGLYCOL|ETHOXYDIGLYCOL|exact|1.0|17771|1|
POLYSORBATE 60. TRIETHANOLAMINE. ETHOXYDIGLYCOL. PHENOXYETHANOL|ETHOXYDIGLYCOL|exact|0.9|17771|3|period+cover
ETHYL ACÉTATE|ETHYL AC TATE|unresolved|0.0|17792|1|
ETHYL ACETATE|ETHYL ACETATE|exact|1.0|17793|1|
ETHYL HEXYL STEARATE|ETHYL HEXYL STEARATE|unresolved|0.0|17824|1|
ETHYLENE/PROPYLENE/STYRENE COPOLY - MER|ETHYLENE/PROPYLENE/STYRENE COPOLYMER|cleaned|0.85|17874|1|retokenise
ETHYLENE/PROPYLENE/STYRENE COPOLYMER|ETHYLENE/PROPYLENE/STYRENE COPOLYMER|exact|1.0|17874|1|
ETHYLENEDIAMINE/STEARYL DIMER DILINOLEATE COPOLYMER|ETHYLENEDIAMINE/STEARYL DIMER DILINOLEATE COPOLYMER|exact|1.0|17878|1|
ETHYLHEXYL METHOXYCINNAMATE|ETHYLHEXYL METHOXYCINNAMATE|exact|1.0|17959|1|
PARFUM ETHYLHEXYL METHOXYCINNAMATE|ETHYLHEXYL METHOXYCINNAMATE|split|0.8|17959|2|
ETHYLHEXYL PALMITATE|ETHYLHEXYL PALMITATE|exact|1.0|17973|1|
ETHYLHEXYL SALICYLATE|ETHYLHEXYL SALICYLATE|exact|1.0|17985|1|
ETHYLHEXYL SALICYLATE VP/HEXADECENE COPOLYMER|ETHYLHEXYL SALICYLATE|split|0.8|17985|1|
PROPYLENE GLYCOL ETHYLHEXYL SALICYLATE|ETHYLHEXYL SALICYLATE|split|0.8|17985|2|
ETHYLHEXYL STEARATE|ETHYLHEXYL STEARATE|exact|1.0|17992|1|
ETHYLHEXYL TRIAZONE|ETHYLHEXYL TRIAZONE|exact|1.0|17998|1|
ETHYLHEXYLGLYCERIN|ETHYLHEXYLGLYCERIN|exact|1.0|18025|1|
ETHYLHEXYLGLYCERIN ALOE BARBADENSIS LEAF JUICE|ETHYLHEXYLGLYCERIN|split|0.8|18025|1|
ETHYLPARABEN|ETHYLPARABEN|exact|1.0|18067|1|
ETIDRONIC ACID|ETIDRONIC ACID|exact|1.0|18081|1|
ETIDRONIC ACID. BONDING TREATMENT AQUA/WATER/EAU|ETIDRONIC ACID|cleaned|0.85|18081|1|period
ETOCRYLENE|ETOCRYLENE|exact|1.0|18099|1|
EUCALYPTOL|EUCALYPTOL|exact|1.0|18128|1|
EUCALYPTUS GLOBULUS LEAF EXTRACT|EUCALYPTUS GLOBULUS LEAF EXTRACT|exact|1.0|18155|1|
EUCALYPTUS GLOBULUS LEAF OIL|EUCALYPTUS GLOBULUS LEAF OIL|exact|1.0|18157|1|
EUCALYPTUS GLOBULUS LEAF OIL*|EUCALYPTUS GLOBULUS LEAF OIL|cleaned|0.95|18157|1|
EUCALYPTUS GLOBULUS LEAF OIL*. *INGRÉDIENTS ISSUS DE L'AGRICULTURE BIOLOGIQUE. ** TRANSFORMÉS À PARTIR D'INGRÉDIENTS BIOLOGIQUES|EUCALYPTUS GLOBULUS LEAF OIL|cleaned|0.85|18157|1|period+marker
EUCALYPTUS GLOBULUS OIL|EUCALYPTUS GLOBULUS OIL|exact|1.0|18162|1|
EUGENCL CITRONELLOL|EUGENCL CITRONELLOL|unresolved|0.0|18189|1|
EUGENOL|EUGENOL|exact|1.0|18218|1|
EUTERPE OLERACEA FRUIT OIL|EUTERPE OLERACEA FRUIT OIL|exact|1.0|18271|1|
COPPER GLUCONATE. FABRICADO Y EXPORTADO POR: JOHNSON HYDROXIDE|FABRICADO Y EXPORTADO POR, JOHNSON HYDROXIDE|unresolved_residual|0.0|18681|2|colon+period
FARNESOL|FARNESOL|exact|1.0|18774|1|
FD&C YELLOW NO. 5 ALUMINUM LAKE (CI 19140)|FD C YELLOW NO. 5 ALUMINUM LAKE (CI 19140)|unresolved|0.0|18854|1|
[MAY CONTAIN/PEUT CONTENIR/+/-:MICA, TITANIUM DIOXIDE (CI 77891), FD&C YELLOW NO. 5 ALUMINUM LAKE (CI 19140), ALUMINUM POWDER (CI 77000), MANGANESE VIOLET (CI 77742), D&C RED NO. 6 BARIUM LAKE (CI 15850), IRON OXIDES (CI 77491, CI 77492, CI 77499), D&C RED NO. 7 CALCIUM LAKE (CI 15850), FD&C BLUE NO. 1 ALUMINUM LAKE (CI 42090), FERRIC AMMONIUM FERROCYANIDE (CI 77510), D&C RED NO. 34 CALCIUM LAKE (CI 15880), ULTRAMARINES (CI 77007), D&C BLACK NO. 2 (CI 77266)]. CLEARLY QUICK TOP COAT #103 ETHYL ACETATE|FD C YELLOW NO. 5 ALUMINUM LAKE (CI 19140)|unresolved_residual|0.0|18854|4|square_bracket+colon
[MAY CONTAIN/PEUT CONTENIR/+/-:FERRIC AMMONIUM FERROCYANIDE (CI 77510), D&C RED NO. 7 CALCIUM LAKE (CI 15850), ALUMINUM POWDER (CI 77000), FD&C YELLOW NO. 5 ALUMINUM LAKE (CI 19140), D&C VIOLET NO. 2 (CI 60725)]|FD C YELLOW NO. 5 ALUMINUM LAKE (CI 19140), D C VIOLET NO. 2 (CI 60725)|unresolved_residual|0.0|18855|5|square_bracket+colon
FERRIC AMMONIUM FERROCYANIDE|FERRIC AMMONIUM FERROCYANIDE|exact|1.0|18901|1|
[MAY CONTAIN/PEUT CONTENIR/+/-:FERRIC AMMONIUM FERROCYANIDE (CI 77510), D&C RED NO. 7 CALCIUM LAKE (CI 15850), ALUMINUM POWDER (CI 77000), FD&C YELLOW NO. 5 ALUMINUM LAKE (CI 19140), D&C VIOLET NO. 2 (CI 60725)]|FERRIC AMMONIUM FERROCYANIDE|paren_stripped|0.8|18901|2|square_bracket+colon
[MAY CONTAIN/PEUT CONTENIR/+/-:MICA, TITANIUM DIOXIDE (CI 77891), FD&C YELLOW NO. 5 ALUMINUM LAKE (CI 19140), ALUMINUM POWDER (CI 77000), MANGANESE VIOLET (CI 77742), D&C RED NO. 6 BARIUM LAKE (CI 15850), IRON OXIDES (CI 77491, CI 77492, CI 77499), D&C RED NO. 7 CALCIUM LAKE (CI 15850), FD&C BLUE NO. 1 ALUMINUM LAKE (CI 42090), FERRIC AMMONIUM FERROCYANIDE (CI 77510), D&C RED NO. 34 CALCIUM LAKE (CI 15880), ULTRAMARINES (CI 77007), D&C BLACK NO. 2 (CI 77266)]. CLEARLY QUICK TOP COAT #103 ETHYL ACETATE|FERRIC AMMONIUM FERROCYANIDE|paren_stripped|0.8|18901|7|square_bracket+colon
FLAVOR|FLAVOR|unresolved|0.0|19103|1|
FLAVOR (AROMA)|FLAVOR (AROMA)|unresolved|0.0|19105|1|
FORMIC ACID|FORMIC ACID|exact|1.0|19276|1|
FRAGARIA ANANASSA (STRAWBERRY) SEED OIL|FRAGARIA ANANASSA SEED OIL|paren_stripped|0.9|19365|1|
FRAGARIA VESCA FRUIT EXTRACT|FRAGARIA VESCA FRUIT EXTRACT|exact|1.0|19369|1|
FRAGRANCE (PARFUM)|FRAGRANCE (PARFUM)|unresolved|0.0|19412|1|
CARBOMER FRAGRANCE(PARFUM)|FRAGRANCE(PARFUM)|unresolved_residual|0.0|19495|2|newline
FRAGRANCE(PARFUM)|FRAGRANCE(PARFUM)|unresolved|0.0|19495|1|
FRUCTOOLIGOSACCHARIDES|FRUCTOOLIGOSACCHARIDES|exact|1.0|19610|1|
FRUCTOSE|FRUCTOSE|exact|1.0|19611|1|
FRUCTOSE. NON PARFUMÉE|FRUCTOSE|exact|0.9|19611|1|period
FUMARIC ACID|FUMARIC ACID|exact|1.0|19648|1|
FUSANUS SPICATUS (SANDALWOOD) WOOD OIL &QUOT;CERTIFIED ORGANIC|FUSANUS SPICATUS (SANDALWOOD) WOOD OIL CERTIFIED ORGANIC|unresolved|0.0|19657|1|
GALACTOARABINAN|GALACTOARABINAN|exact|1.0|19794|1|
GELIDIUM SESQUIPEDALE EXTRACT|GELIDIUM SESQUIPEDALE EXTRACT|exact|1.0|19942|1|
GERANIOL|GERANIOL|exact|1.0|19997|1|
GERANIOL*|GERANIOL|cleaned|0.95|19997|1|
GERANIOL**|GERANIOL|cleaned|0.95|19997|1|
GERANIOL. WWW|GERANIOL|exact|0.9|19997|1|period
GERANY ACETATE|GERANY ACETATE|unresolved|0.0|20044|1|
GERANYL ACETATE|GERANYL ACETATE|exact|1.0|20046|1|
GERMANY MADE IN GERMANY PROCTER & GAMBLE|GERMANY MADE IN GERMANY PROCTER GAMBLE|unresolved|0.0|20090|1|
GINKGO BILOBA LEAF EXTRACT|GINKGO BILOBA LEAF EXTRACT|exact|1.0|20202|1|
GLUCONOLACTONE|GLUCONOLACTONE|exact|1.0|20316|1|
GLUCOSE|GLUCOSE|exact|1.0|20325|1|
GLUTAMIC ACID|GLUTAMIC ACID|exact|1.0|20349|1|
GLUTATHIONE|GLUTATHIONE|exact|1.0|20354|1|
GLYCE RIN|GLYCE RIN|unresolved|0.0|20412|1|
"AQUA | ALOE BARBADENSIS LEAF JUICE | GLYCERIN | DECYL GLUCOSIDE | SODIUM BENZOATE | LEVULINIC ACID | LACTIC ACID | SODIUM LEVULINATE"|GLYCERIN|split|0.8|20485|3|
C12-15 ALKYL BENZOATE GLYCERIN BUTYL METHOXYDIBENZOYLMETHANE|GLYCERIN|split|0.8|20485|2|
GLYCERIN|GLYCERIN|exact|1.0|20485|1|
GLYCERIN*|GLYCERIN|cleaned|0.95|20485|1|
GLYCERIN* (DERIVED FROM SUSTAINABLE PALM OIL)|GLYCERIN|paren_stripped|0.9|20485|1|
GLYCERIN**|GLYCERIN|cleaned|0.95|20485|1|
INACTIVE INGREDIENTS GLYCERIN|GLYCERIN|cleaned|0.85|20485|2|marker
GLYCERYL BEHENATE/EICOSADIOATE|GLYCERYL BEHENATE/EICOSADIOATE|exact|1.0|20634|1|
GLYCERYL CAPRYLATE|GLYCERYL CAPRYLATE|exact|1.0|20638|1|
GLYCERYL GLUCOSIDE|GLYCERYL GLUCOSIDE|exact|1.0|20658|1|
GLYCERYL LAURATE|GLYCERYL LAURATE|exact|1.0|20665|1|
GLYCERYL OLE ATE|GLYCERYL OLE ATE|unresolved|0.0|20678|1|
GLYCERYL OLEATE|GLYCERYL OLEATE|exact|1.0|20680|1|
GLYCERYL OLEATE*|GLYCERYL OLEATE|cleaned|0.95|20680|1|
GLYCERYL STEARATE|GLYCERYL STEARATE|exact|1.0|20717|1|
GLYCERYL STEARATE*|GLYCERYL STEARATE|cleaned|0.95|20717|1|
GLYCERYL STEARATE CITRATE|GLYCERYL STEARATE CITRATE|exact|1.0|20726|1|
GLYCERYL STEARATE SE|GLYCERYL STEARATE SE|exact|1.0|20737|1|
GLYCERYL STEARATE SE ALGIN|GLYCERYL STEARATE SE|split|0.8|20737|1|
GLYCERYL UNDECYLENATE|GLYCERYL UNDECYLENATE|exact|1.0|20764|1|
GLYCERYLOLEATE|GLYCERYLOLEATE|unresolved|0.0|20773|1|
GLYCIDYL NEODECANOATE/PHTHALIC ANHYDRIDE/TMP CROSSPOLYMER|GLYCIDYL NEODECANOATE/PHTHALIC ANHYDRIDE/TMP CROSSPOLYMER|exact|1.0|20782|1|
GLYCINE|GLYCINE|exact|1.0|20787|1|
GLYCINE SOJA (SOYBEAN) OIL|GLYCINE SOJA OIL|paren_stripped|0.9|20814|1|
GLYCINE SOJA (SOYBEAN) OIL*|GLYCINE SOJA OIL|paren_stripped|0.9|20814|1|
GLYCINE SOJA OIL|GLYCINE SOJA OIL|exact|1.0|20814|1|
GLYCINE SOJA OIL/GLYCINE SOJA (SOYBEAN) OIL|GLYCINE SOJA OIL|slash_variant|0.8|20814|1|
GLYCINE SOJA OIL / SOYBEAN OIL|GLYCINE SOJA OIL / SOYBEAN OIL|unresolved|0.0|20815|1|
GLYCINE SOJA OIL/SOYBEAN OIL|GLYCINE SOJA OIL/SOYBEAN OIL|unresolved|0.0|20829|1|
GLYCOL|GLYCOL|exact|1.0|20864|1|
GLYCOL DILAURATE|GLYCOL DILAURATE|exact|1.0|20866|1|
GLYCOL DISTEARATE|GLYCOL DISTEARATE|exact|1.0|20872|1|
GLYCOL DISTEARATE*|GLYCOL DISTEARATE|cleaned|0.95|20872|1|
PANTHENOL. GLYCOL DISTEARATE|GLYCOL DISTEARATE|exact|0.9|20872|2|period
GLYCOL STEARATE|GLYCOL STEARATE|exact|1.0|20894|1|
GOSSYPIUM HERBACEUM (COTTON) SEED EXTRACT|GOSSYPIUM HERBACEUM SEED EXTRACT|paren_stripped|0.9|21024|1|
GREEN 5 (CI 61570)|GREEN 5 (CI 61570)|unresolved|0.0|21108|1|
GUAR HYDROXYPROPYLTRIMONIUM CHILORIDE|GUAR HYDROXYPROPYLTRIMONIUM CHILORIDE|unresolved|0.0|21203|1|
GUAR HYDROXYPROPYLTRIMONIUM CHLORIDE|GUAR HYDROXYPROPYLTRIMONIUM CHLORIDE|exact|1.0|21210|1|
HAMAMELIS VIRGINIANA (WITCH HAZEL) LEAF EXTRACT|HAMAMELIS VIRGINIANA LEAF EXTRACT|paren_stripped|0.9|21392|1|
HAMAMELIS VIRGINIANA (WITCH HAZEL) LEAF EXTRACT*|HAMAMELIS VIRGINIANA LEAF EXTRACT|paren_stripped|0.9|21392|1|
HC BLUE NO. 12|HC BLUE NO. 12|exact|1.0|21473|1|
HC BLUE NO. 16|HC BLUE NO. 16|exact|1.0|21476|1|
HC YELLOW NO. 2|HC YELLOW NO. 2|exact|1.0|21485|1|
HELIANTHUS ANNUUS (SUNFLOWER) SEED OIL* *INGREDIENTS FROM CERTIFIED ORGANIC AGRICULTURE / INGRÉDIENTS ISSUS DE L'AGRICULTURE BIOLOGIQUE CERTIFIÉE|HELIANTHUS ANNUUS (SUNFLOWER) SEED OIL INGREDIENTS FROM CERTIFIED ORGANIC AGRICULTURE / INGR DIENTS ISSUS DE L'AGRICULTURE BIOLOGIQUE CERTIFI E|unresolved|0.0|21625|1|
HELIANTHUS ANNUUS SEED CERA|HELIANTHUS ANNUUS SEED CERA|exact|1.0|21656|1|
HELIANTHUS ANNUUS (SUNFLOWER) SEED OIL|HELIANTHUS ANNUUS SEED OIL|paren_stripped|0.9|21667|1|
HELIANTHUS ANNUUS (SUNFLOWER) SEED OIL*|HELIANTHUS ANNUUS SEED OIL|paren_stripped|0.9|21667|1|
HELIANTHUS ANNUUS SEED OIL|HELIANTHUS ANNUUS SEED OIL|exact|1.0|21667|1|
HELIANTHUSANNUUS SEED OIL|HELIANTHUSANNUUS SEED OIL|unresolved|0.0|21728|1|
HELIANTUS ANNUUS (SUNFLOWER) SEED OIL*|HELIANTUS ANNUUS (SUNFLOWER) SEED OIL|unresolved|0.0|21737|1|
HEXAMETHYLINDANOPYRAN|HEXAMETHYLINDANOPYRAN|exact|1.0|21864|1|
HEXAMETHYLINDANOPYRAN. TESTOWA|HEXAMETHYLINDANOPYRAN|cleaned|0.85|21864|1|period
HEXANAL|HEXANAL|exact|1.0|21868|1|
HEXYL ALCOHOL|HEXYL ALCOHOL|exact|1.0|21897|1|
HEXYL CINAMAL|HEXYL CINAMAL|unresolved|0.0|21906|1|
HEXYL CINNAMAL|HEXYL CINNAMAL|exact|1.0|21919|1|
HEXYL CINNAMAL LINALOOL|HEXYL CINNAMAL|split|0.8|21919|1|
HEXYL CINNAMAL. MASQUE SOIN : AQUA|HEXYL CINNAMAL|cleaned|0.85|21919|1|colon+period
HEXYL SALICYLATE|HEXYL SALICYLATE|exact|1.0|21964|1|
HEXYLDECANOL|HEXYLDECANOL|exact|1.0|21971|1|
HEXYLDECYL LAURATE|HEXYLDECYL LAURATE|exact|1.0|21974|1|
HEXYLENE GLYCOL|HEXYLENE GLYCOL|exact|1.0|21978|1|
HIBISCUS SABDARIFFA FLOWER EXTRACT|HIBISCUS SABDARIFFA FLOWER EXTRACT|exact|1.0|22015|1|
HIPPOPHAE RHAMNOIDES FRUIT OIL|HIPPOPHAE RHAMNOIDES FRUIT OIL|exact|1.0|22093|1|
HISTIDINE|HISTIDINE|exact|1.0|22104|1|
HOMOSALATE|HOMOSALATE|exact|1.0|22127|1|
HONEY|HONEY|exact|1.0|22141|1|
HONEY*|HONEY|cleaned|0.95|22141|1|
HYALURONIC ACID|HYALURONIC ACID|exact|1.0|22398|1|
HYDRATED SILICA|HYDRATED SILICA|exact|1.0|22443|1|
HYDRATED SILICD|HYDRATED SILICD|unresolved|0.0|22451|1|
HYDROCHLORIC ACID|HYDROCHLORIC ACID|exact|1.0|22485|1|
HYDROGEN PEROXIDE|HYDROGEN PEROXIDE|exact|1.0|22505|1|
HYDROGENATED CASTOR OIL|HYDROGENATED CASTOR OIL|exact|1.0|22536|1|
HYDROGENATED COCO-GLYCERIDES|HYDROGENATED COCO-GLYCERIDES|exact|1.0|22550|1|
HYDROGENATED LECITHIN|HYDROGENATED LECITHIN|exact|1.0|22571|1|
HYDROGENATED PALM GLYCERIDES|HYDROGENATED PALM GLYCERIDES|exact|1.0|22598|1|
HYDROGENATED PALM GLYCERIDES CITRATE|HYDROGENATED PALM GLYCERIDES CITRATE|exact|1.0|22602|1|
HYDROGENATED POLY(C6-14 OLEFIN)|HYDROGENATED POLY(C6-14 OLEFIN)|exact|1.0|22623|1|
HYDROGENATED POLYDECENE|HYDROGENATED POLYDECENE|exact|1.0|22626|1|
HYDROGENATED POLYISOBUTENE|HYDROGENATED POLYISOBUTENE|exact|1.0|22632|1|
HYDROGENATED SOYBEAN OIL|HYDROGENATED SOYBEAN OIL|exact|1.0|22645|1|
HYDROGENATED STARCH HYDROLYSATE|HYDROGENATED STARCH HYDROLYSATE|exact|1.0|22652|1|
HYDROGENATED VEGETABLE OIL|HYDROGENATED VEGETABLE OIL|exact|1.0|22678|1|
HYDROLYZED CERATONIA SILIQUA SEED EXTRACT|HYDROLYZED CERATONIA SILIQUA SEED EXTRACT|exact|1.0|22755|1|
HYDROLYZED CITRUS AURANTIUM DULCIS FRUIT EXTRACT|HYDROLYZED CITRUS AURANTIUM DULCIS FRUIT EXTRACT|exact|1.0|22759|1|
HYDROLYZED COLLAGEN|HYDROLYZED COLLAGEN|exact|1.0|22761|1|
HYDROLYZED CONCHIOLIN PROTEIN|HYDROLYZED CONCHIOLIN PROTEIN|exact|1.0|22764|1|
HYDROLYZED CORN PROTEIN|HYDROLYZED CORN PROTEIN|exact|1.0|22766|1|
HYDROLYZED CORN STARCH OCTENYLSUCCINATE|HYDROLYZED CORN STARCH OCTENYLSUCCINATE|exact|1.0|22769|1|
HYDROLYZED ELASTIN|HYDROLYZED ELASTIN|exact|1.0|22775|1|
HYDROLYZED HYALURONIC ACID|HYDROLYZED HYALURONIC ACID|exact|1.0|22792|1|
HYDROLYZED KERATIN|HYDROLYZED KERATIN|exact|1.0|22799|1|
HYDROLYZED RICE PROTEIN|HYDROLYZED RICE PROTEIN|exact|1.0|22834|1|
HYDROLYZED SILK|HYDROLYZED SILK|exact|1.0|22842|1|
HYDROLYZED SODIUM HYALURONATE|HYDROLYZED SODIUM HYALURONATE|exact|1.0|22847|1|
HYDROLYZED SOY PROTEIN|HYDROLYZED SOY PROTEIN|exact|1.0|22852|1|
HYDROLYZED WHEAT PROTEIN|HYDROLYZED WHEAT PROTEIN|exact|1.0|22881|1|
HYDROXYÉTHYLCELLU - LOSE|HYDROXY THYLCELLU - LOSE|unresolved|0.0|22935|1|
HYDROXYACETOPHENONE|HYDROXYACETOPHENONE|exact|1.0|22942|1|
HYDROXYCITRONELLAL|HYDROXYCITRONELLAL|exact|1.0|22977|1|
HYDROXYETHYL ACRYLATE/SODIUM ACRYLOYLDIMETHYL TAURATE COPOLYMER|HYDROXYETHYL ACRYLATE/SODIUM ACRYLOYLDIMETHYL TAURATE COPOLYMER|exact|1.0|23019|1|
HYDROXYETHYLCELLULOSE|HYDROXYETHYLCELLULOSE|exact|1.0|23047|1|
HYDROXYISOHEXYL 3-CYCLOHEXENE CARBOXALDEHYDE|HYDROXYISOHEXYL 3-CYCLOHEXENE CARBOXALDEHYDE|exact|1.0|23072|1|
HYDROXYPROPYL GUAR|HYDROXYPROPYL GUAR|exact|1.0|23109|1|
HYDROXYPROPYL GUAR HYDROXYPROPYLTRIMONIUM CHLORIDE|HYDROXYPROPYL GUAR HYDROXYPROPYLTRIMONIUM CHLORIDE|exact|1.0|23114|1|
HYDROXYPROPYL METHYLCELLULOSE STEAROXY ETHER|HYDROXYPROPYL METHYLCELLULOSE STEAROXY ETHER|exact|1.0|23126|1|
HYDROXYPROPYL STARCH PHOSPHATE|HYDROXYPROPYL STARCH PHOSPHATE|exact|1.0|23132|1|
HYDROXYPROPYLAMMONIUM GLUCONATE|HYDROXYPROPYLAMMONIUM GLUCONATE|exact|1.0|23137|1|
HYDROXYPROPYLGLUCONAMIDE|HYDROXYPROPYLGLUCONAMIDE|exact|1.0|23142|1|
HYDROXYPROPYLTRIMONIUM HYALURONATE|HYDROXYPROPYLTRIMONIUM HYALURONATE|exact|1.0|23157|1|
HYDROXYSTEARIC ACID|HYDROXYSTEARIC ACID|exact|1.0|23182|1|
HYLOCEREUS UNDATUS FRUIT EXTRACT|HYLOCEREUS UNDATUS FRUIT EXTRACT|exact|1.0|23199|1|
IMPERATA CYLINDRICA ROOT EXTRACT|IMPERATA CYLINDRICA ROOT EXTRACT|exact|1.0|23467|1|
INACTIVE INGREDIENTS GLYCERIN|INACTIVE INGREDIENTS|unresolved_residual|0.0|23523|1|marker
INGRÉDIENTS ISSUS DE L'AGRICULTURE BIOLOGIQUE|INGR DIENTS ISSUS DE L'AGRICULTURE BIOLOGIQUE|unresolved|0.0|23731|1|
SODIUM HYDROXIDE *INGRÉDIENTS ISSUS DE L'AGRICULTURE BIOLOGIQUE|INGR DIENTS ISSUS DE L'AGRICULTURE BIOLOGIQUE|unresolved_residual|0.0|23731|2|newline
EUCALYPTUS GLOBULUS LEAF OIL*. *INGRÉDIENTS ISSUS DE L'AGRICULTURE BIOLOGIQUE. ** TRANSFORMÉS À PARTIR D'INGRÉDIENTS BIOLOGIQUES|INGR DIENTS, ISSUS DE L'AGRICULTURE BIOLOGIQUE, TRANSFORM S PARTIR D'INGR DIENTS, BIOLOGIQUES|unresolved_residual|0.0|23806|2|period+marker
INOSITOL|INOSITOL|exact|1.0|23950|1|
INULIN|INULIN|exact|1.0|23986|1|
IODOPROPYNYL BUTYLCARBAMATE|IODOPROPYNYL BUTYLCARBAMATE|exact|1.0|24010|1|
IRON OXIDES (CI 77491)|IRON OXIDES (CI 77491)|unresolved|0.0|24066|1|
IRON OXIDES (CI 77491/77499)|IRON OXIDES (CI 77491/77499)|unresolved|0.0|24086|1|
IRON OXIDES (CI 77492)|IRON OXIDES (CI 77492)|unresolved|0.0|24087|1|
IRON OXIDES (CI 77499)|IRON OXIDES (CI 77499)|unresolved|0.0|24092|1|
ISOAMYL P-METHOXYCINNAMATE|ISOAMYL P-METHOXYCINNAMATE|exact|1.0|24144|1|
ISOBUTANE|ISOBUTANE|exact|1.0|24149|1|
ISOCETETH-20|ISOCETETH-20|exact|1.0|24165|1|
ISODECYL NEOPENTANOATE|ISODECYL NEOPENTANOATE|exact|1.0|24176|1|
ISOEUGENOL|ISOEUGENOL|exact|1.0|24193|1|
ISOHEXADECANE|ISOHEXADECANE|exact|1.0|24202|1|
ISONONYL ISONONANOATE|ISONONYL ISONONANOATE|exact|1.0|24222|1|
ISOPENTANE|ISOPENTANE|exact|1.0|24229|1|
ISOPENTYLDIOL|ISOPENTYLDIOL|exact|1.0|24230|1|
ISOPROPYL ALCOHOL|ISOPROPYL ALCOHOL|exact|1.0|24261|1|
ISOPROPYL LAUROYL SARCOSINATE|ISOPROPYL LAUROYL SARCOSINATE|exact|1.0|24274|1|
ISOPROPYL MYRISTATE|ISOPROPYL MYRISTATE|exact|1.0|24285|1|
ISOPROPYL PALMITATE|ISOPROPYL PALMITATE|exact|1.0|24298|1|
ISOPROPYL PALMITATE STEARIC ACID|ISOPROPYL PALMITATE|split|0.8|24298|1|
ISOSORBIDE DICAPRYLATE/CAPRATE|ISOSORBIDE DICAPRYLATE/CAPRATE|exact|1.0|24332|1|
JASMINUM OFFICINALE (JASMINE) OIL|JASMINUM OFFICINALE OIL|paren_stripped|0.9|24502|1|
JOJOBA ESTERS|JOJOBA ESTERS|exact|1.0|24562|1|
JUNIPERUS VIRGINIANA OIL|JUNIPERUS VIRGINIANA OIL|exact|1.0|24620|1|
KAOLIN|KAOLIN|exact|1.0|24704|1|
KOJIC ACID DIPALMITATE|KOJIC ACID DIPALMITATE|unresolved|0.0|24841|1|
"AQUA | ALOE BARBADENSIS LEAF JUICE | GLYCERIN | DECYL GLUCOSIDE | SODIUM BENZOATE | LEVULINIC ACID | LACTIC ACID | SODIUM LEVULINATE"|LACTIC ACID|split|0.8|25108|7|
LACTIC ACID|LACTIC ACID|exact|1.0|25108|1|
LACTIC ACID*|LACTIC ACID|cleaned|0.95|25108|1|
LACTIC ADID|LACTIC ADID|unresolved|0.0|25115|1|
LACTOGLOBULIN|LACTOGLOBULIN|exact|1.0|25171|1|
LACTOSE|LACTOSE|exact|1.0|25173|1|
LACTOSE*|LACTOSE|cleaned|0.95|25173|1|
LANOLIN|LANOLIN|exact|1.0|25239|1|
LANOLIN ALCOHOL|LANOLIN ALCOHOL|exact|1.0|25240|1|
LAURDIMONIUM HYDROXYPROPYL HYDROLYZED WHEAT PROTEIN|LAURDIMONIUM HYDROXYPROPYL HYDROLYZED WHEAT PROTEIN|exact|1.0|25321|1|
LAURETH-10|LAURETH-10|exact|1.0|25345|1|
LAURETH-2|LAURETH-2|exact|1.0|25348|1|
LAURETH-23|LAURETH-23|exact|1.0|25353|1|
LAURETH-4|LAURETH-4|exact|1.0|25360|1|
LAURETH-7|LAURETH-7|exact|1.0|25368|1|
LAURIC ACID|LAURIC ACID|exact|1.0|25379|1|
LAUROYL LYSINE|LAUROYL LYSINE|exact|1.0|25405|1|
LAURYL BETAINE|LAURYL BETAINE|exact|1.0|25427|1|
LAURYL GLUCOSIDE|LAURYL GLUCOSIDE|exact|1.0|25430|1|
LAURYL PYRROLIDONE|LAURYL PYRROLIDONE|exact|1.0|25465|1|
LAVANDULA ANGUSTIFOLIA (LAVENDER) OIL|LAVANDULA ANGUSTIFOLIA OIL|paren_stripped|0.9|25535|1|
LAVANDULA ANGUSTIFOLIA OIL|LAVANDULA ANGUSTIFOLIA OIL|exact|1.0|25535|1|
LAVANDULA ANGUSTIFOLIA OIL/LAVANDULA ANGUSTIFOLIA (LAVENDER) OIL|LAVANDULA ANGUSTIFOLIA OIL|slash_variant|0.8|25535|1|
LAVANDULA OIL/EXTRACT|LAVANDULA OIL/EXTRACT|exact|1.0|25569|1|
LECITHIN|LECITHIN|exact|1.0|25725|1|
LEUCINE|LEUCINE|exact|1.0|25871|1|
LEUCONOSTOC/RADISH ROOT FERMENT FILTRATE|LEUCONOSTOC/RADISH ROOT FERMENT FILTRATE|exact|1.0|25882|1|
"AQUA | ALOE BARBADENSIS LEAF JUICE | GLYCERIN | DECYL GLUCOSIDE | SODIUM BENZOATE | LEVULINIC ACID | LACTIC ACID | SODIUM LEVULINATE"|LEVULINIC ACID|split|0.8|25913|6|
LEVULINIC ACID|LEVULINIC ACID|exact|1.0|25913|1|
LEVULINICACID|LEVULINICACID|unresolved|0.0|25920|1|
AROMA LIMONENE|LIMONENE|split|0.8|26057|2|
COUMARIN LIMONENE|LIMONENE|split|0.8|26057|2|
LIMONENE|LIMONENE|exact|1.0|26057|1|
LIMONENE*|LIMONENE|cleaned|0.95|26057|1|
LIMONENE**|LIMONENE|cleaned|0.95|26057|1|
LIMONENE. LINALOOL|LIMONENE|cleaned|0.85|26057|1|period
LINAIOOL|LINAIOOL|unresolved|0.0|26153|1|
HEXYL CINNAMAL LINALOOL|LINALOOL|split|0.8|26186|2|
LIMONENE. LINALOOL|LINALOOL|cleaned|0.85|26186|2|period
LINALOOL|LINALOOL|exact|1.0|26186|1|
LINALOOL*|LINALOOL|cleaned|0.95|26186|1|
LINALOOL**|LINALOOL|cleaned|0.95|26186|1|
LINALOOL. NÃO APLICAR SOBRE PELE IRRITADA OU FERIDA. CONDIÇÕES DE CONSERVAÇÃO: CONSERVAR NO RECIPIENTE ORIGINAL PROTEGIDO DA LUZ SOLAR DIRETA EM LOCAL FRESCOE SECO. MA3332449 PRODUTO CONTROLADO POR TESTES EM LABORATORIO SERVIÇO DE INFORMAÇÃO AO CONSUMIDOR MAPOIOCLIENTE@CONTINENTE.PT DISTRIBUÍDO POR: MCH|LINALOOL|exact|0.9|26186|1|colon+period
LINALYL ACETATE|LINALYL ACETATE|exact|1.0|26285|1|
LINOLEIC ACID|LINOLEIC ACID|exact|1.0|26325|1|
LINOLENIC ACID|LINOLENIC ACID|exact|1.0|26327|1|
LIPPIA CITRIODORA LEAF EXTRACT|LIPPIA CITRIODORA LEAF EXTRACT|unresolved|0.0|26373|1|
LYCIUM BARBARUM FRUIT EXTRACT|LYCIUM BARBARUM FRUIT EXTRACT|exact|1.0|26651|1|
LYSINE|LYSINE|exact|1.0|26660|1|
LZM ENTHALT: NATR UMFLUORID (1450 PPM F) INGREDIENTS: AQUA|LZM ENTHALT, NATR UMFLUORID (1450 PPM F) INGREDIENTS|unresolved_residual|0.0|26669|1|colon
M-AMINOPHENOL|M-AMINOPHENOL|exact|1.0|26726|1|
MACADAMIA INTEGRIFOLIA/TETRAPHYLLA SEED OIL|MACADAMIA INTEGRIFOLIA/TETRAPHYLLA SEED OIL|exact|1.0|26758|1|
MACADAMIA TERNIFOLIA SEED OIL|MACADAMIA TERNIFOLIA SEED OIL|exact|1.0|26771|1|
MACROCYSTIS PYRIFERA (KELP) EXTRACT|MACROCYSTIS PYRIFERA EXTRACT|paren_stripped|0.9|26792|1|
MAGNESIUM ASPARTATE|MAGNESIUM ASPARTATE|exact|1.0|26911|1|
MAGNESIUM CARBONATE HYDROXIDE|MAGNESIUM CARBONATE HYDROXIDE|exact|1.0|26913|1|
MAGNESIUM CHLORIDE|MAGNESIUM CHLORIDE|exact|1.0|26918|1|
MAGNESIUM NITRATE|MAGNESIUM NITRATE|exact|1.0|26941|1|
MAGNESIUM OXIDE|MAGNESIUM OXIDE|exact|1.0|26945|1|
MAGNESIUM SILICATE|MAGNESIUM SILICATE|exact|1.0|26956|1|
MAGNESIUM SILICATE (TALC)|MAGNESIUM SILICATE|paren_stripped|0.9|26956|1|
MAGNESIUM SULFATE|MAGNESIUM SULFATE|exact|1.0|26964|1|
MAGNOLIA BIONDII BARK EXTRACT|MAGNOLIA BIONDII BARK EXTRACT|exact|1.0|26988|1|
MALIC ACID|MALIC ACID|exact|1.0|27064|1|
MALTODEXTRIN|MALTODEXTRIN|exact|1.0|27089|1|
[MAY CONTAIN/PEUT CONTENIR/+/-:MICA, TITANIUM DIOXIDE (CI 77891), FD&C YELLOW NO. 5 ALUMINUM LAKE (CI 19140), ALUMINUM POWDER (CI 77000), MANGANESE VIOLET (CI 77742), D&C RED NO. 6 BARIUM LAKE (CI 15850), IRON OXIDES (CI 77491, CI 77492, CI 77499), D&C RED NO. 7 CALCIUM LAKE (CI 15850), FD&C BLUE NO. 1 ALUMINUM LAKE (CI 42090), FERRIC AMMONIUM FERROCYANIDE (CI 77510), D&C RED NO. 34 CALCIUM LAKE (CI 15880), ULTRAMARINES (CI 77007), D&C BLACK NO. 2 (CI 77266)]. CLEARLY QUICK TOP COAT #103 ETHYL ACETATE|MANGANESE VIOLET (CI 77742), D C RED NO. 6 BARIUM LAKE (CI 15850), IRON OXIDES (CI 77491, CI 77492, CI 77499), D C RED NO. 7 CALCIUM LAKE (CI 15850), FD C BLUE NO. 1 ALUMINUM LAKE (CI 42090)|unresolved_residual|0.0|27153|6|square_bracket+colon
MANNITOL|MANNITOL|exact|1.0|27207|1|
MANNOSE|MANNOSE|exact|1.0|27211|1|
MARIS AQUA|MARIS AQUA|exact|1.0|27280|1|
MARIS SAL|MARIS SAL|exact|1.0|27290|1|
HEXYL CINNAMAL. MASQUE SOIN : AQUA|MASQUE SOIN|unresolved_residual|0.0|27344|2|colon+period
TIN OXIDE. [+/- MAY CONTAIN: CI 77491, CI 77492, CI 77499 / IRON OXIDES, CI 77891 / TITANIUM DIOXIDE, CI 77007 / ULTRAMARINES, CI 75470 / CARMINE, MICA]|MAY CONTAIN|unresolved_residual|0.0|27425|2|slash_same_cas+square_bracket+colon+period
MEL|MEL|exact|1.0|27525|1|
MEL/HONEY|MEL|slash_same_cas|0.75|27525|1|slash_same_cas
MELALEUCA ALTERNIFOLIA (TEA TREE) LEAF OIL|MELALEUCA ALTERNIFOLIA LEAF OIL|paren_stripped|0.9|27553|1|
MELALEUCA ALTERNIFOLIA LEAF OIL|MELALEUCA ALTERNIFOLIA LEAF OIL|exact|1.0|27553|1|
MELALEUCA ALTERNIFOLIA LEAF OIL/MELALEUCA ALTERNIFOLIA (TEA TREE) LEAF OIL|MELALEUCA ALTERNIFOLIA LEAF OIL|slash_variant|0.8|27553|1|
MENTHA PIPERITA HERB OIL ABIES SIBIRICA NEEDLE OIL|MENTHA PIPERITA HERB OIL ABIES SIBIRICA NEEDLE OIL|unresolved|0.0|27711|1|
MENTHA PIPERITA LEAF EXTRACT|MENTHA PIPERITA LEAF EXTRACT|exact|1.0|27712|1|
MENTHA PIPERITA LEAF EXTRACT*|MENTHA PIPERITA LEAF EXTRACT|cleaned|0.95|27712|1|
MENTHA PIPERITA (PEPPERMINT) OIL|MENTHA PIPERITA OIL|paren_stripped|0.9|27724|1|
MENTHA PIPERITA OIL|MENTHA PIPERITA OIL|exact|1.0|27724|1|
MENTHA PIPERITA OIL*|MENTHA PIPERITA OIL|cleaned|0.95|27724|1|
MENTHA PIPERITA OIL/MENTHA PIPERITA (PEPPERMINT) OIL|MENTHA PIPERITA OIL|slash_variant|0.8|27724|1|
MENTHOL|MENTHOL|exact|1.0|27777|1|
MENTHYL LACTATE|MENTHYL LACTATE|exact|1.0|27803|1|
METHYL HYDROGENATED ROSINATE|METHYL HYDROGENATED ROSINATE|exact|1.0|27931|1|
METHYL SALICYLATE|METHYL SALICYLATE|exact|1.0|27958|1|
METHYLCHLOROISOTHIAZOLINONE|METHYLCHLOROISOTHIAZOLINONE|exact|1.0|28006|1|
METHYLHEPTYL ISOSTEARATE|METHYLHEPTYL ISOSTEARATE|exact|1.0|28052|1|
METHYLISOTHIAZOLINONE|METHYLISOTHIAZOLINONE|exact|1.0|28074|1|
METHYLPARABEN|METHYLPARABEN|exact|1.0|28111|1|
METHYLPROPANEDIOL|METHYLPROPANEDIOL|exact|1.0|28127|1|
MICA|MICA|exact|1.0|28211|1|
TIN OXIDE. [+/- MAY CONTAIN: CI 77491, CI 77492, CI 77499 / IRON OXIDES, CI 77891 / TITANIUM DIOXIDE, CI 77007 / ULTRAMARINES, CI 75470 / CARMINE, MICA]|MICA|exact|0.9|28211|9|slash_same_cas+square_bracket+colon+period
[MAY CONTAIN/PEUT CONTENIR/+/-:MICA, TITANIUM DIOXIDE (CI 77891), FD&C YELLOW NO. 5 ALUMINUM LAKE (CI 19140), ALUMINUM POWDER (CI 77000), MANGANESE VIOLET (CI 77742), D&C RED NO. 6 BARIUM LAKE (CI 15850), IRON OXIDES (CI 77491, CI 77492, CI 77499), D&C RED NO. 7 CALCIUM LAKE (CI 15850), FD&C BLUE NO. 1 ALUMINUM LAKE (CI 42090), FERRIC AMMONIUM FERROCYANIDE (CI 77510), D&C RED NO. 34 CALCIUM LAKE (CI 15880), ULTRAMARINES (CI 77007), D&C BLACK NO. 2 (CI 77266)]. CLEARLY QUICK TOP COAT #103 ETHYL ACETATE|MICA|exact|0.9|28211|2|square_bracket+colon
MICROCRYSTALLINE CELLULOSE|MICROCRYSTALLINE CELLULOSE|exact|1.0|28258|1|
MICROCRYSTALLINE CELLULOSE SODIUM HYDROXIDE|MICROCRYSTALLINE CELLULOSE|split|0.8|28258|1|
MICROCRYSTALLINE WAX|MICROCRYSTALLINE WAX|exact|1.0|28261|1|
MICROCRYSTALLINE WAX (CERA MICROCRISTALLINA)|MICROCRYSTALLINE WAX|paren_stripped|0.9|28261|1|
MICROCRYSTALLINE WAX (CERA MICROCRISTALLINA) (CIRE MICROCRISTALLINE)|MICROCRYSTALLINE WAX|paren_stripped|0.9|28261|1|
MINERAL OIL|MINERAL OIL|exact|1.0|28320|1|
MONOSODIUM CITRATE|MONOSODIUM CITRATE|exact|1.0|28519|1|
MORINGA OIL/HYDROGENATED MORINGA OIL ESTERS|MORINGA OIL/HYDROGENATED MORINGA OIL ESTERS|exact|1.0|28562|1|
MYRISTIC ACID|MYRISTIC ACID|exact|1.0|28714|1|
MYRISTYL MYRISTATE|MYRISTYL MYRISTATE|exact|1.0|28741|1|
MYRTUS COMMUNIS LEAF EXTRACT|MYRTUS COMMUNIS LEAF EXTRACT|exact|1.0|28763|1|
LINALOOL. NÃO APLICAR SOBRE PELE IRRITADA OU FERIDA. CONDIÇÕES DE CONSERVAÇÃO: CONSERVAR NO RECIPIENTE ORIGINAL PROTEGIDO DA LUZ SOLAR DIRETA EM LOCAL FRESCOE SECO. MA3332449 PRODUTO CONTROLADO POR TESTES EM LABORATORIO SERVIÇO DE INFORMAÇÃO AO CONSUMIDOR MAPOIOCLIENTE@CONTINENTE.PT DISTRIBUÍDO POR: MCH|N O APLICAR SOBRE PELE IRRITADA OU FERIDA, CONDI ES DE CONSERVA O, CONSERVAR NO RECIPIENTE ORIGINAL PROTEGIDO DA LUZ SOLAR DIRETA EM LOCAL FRESCOE SECO, MA3332449 PRODUTO CONTROLADO POR TESTES EM LABORATORIO SERVI O DE INFORMA O AO CONSUMIDOR MAPOIOCLIENTE CONTINENTE.PT DISTRIBU DO POR, MCH|unresolved_residual|0.0|28806|2|colon+period
N-BUTYL ALCOHOL|N-BUTYL ALCOHOL|exact|1.0|28854|1|
TOCOPHEROL [N2002/A]|N2002/A|unresolved_residual|0.0|28877|2|square_bracket
NASTURTIUM OFFICINALE EXTRACT|NASTURTIUM OFFICINALE EXTRACT|exact|1.0|28943|1|
NATURKOSMETIK OHNE KOMPROMISSE - MIT HOCHWERTIGEN INHALTS - STOFFEN NATÜRLICHEN URSPRUNGS WIR ENGAGIEREN UNS FÜR TIERWOHL INGREDIENTS: AQUA|NATURKOSMETIK OHNE KOMPROMISSE - MIT HOCHWERTIGEN INHALTS - STOFFEN NAT RLICHEN URSPRUNGS WIR ENGAGIEREN UNS F R TIERWOHL INGREDIENTS|unresolved_residual|0.0|29106|1|colon
NEPETA CATARIA EXTRACT|NEPETA CATARIA EXTRACT|exact|1.0|29245|1|
NEPETA CATARIA EXTRACT*|NEPETA CATARIA EXTRACT|cleaned|0.95|29245|1|
NIACIN|NIACIN|exact|1.0|29349|1|
NIACINAMIDE|NIACINAMIDE|exact|1.0|29357|1|
NITROCELLULOSE|NITROCELLULOSE|exact|1.0|29423|1|
FRUCTOSE. NON PARFUMÉE|NON PARFUM E|unresolved_residual|0.0|29597|2|period
O-CYMEN-5-OL|O-CYMEN-5-OL|exact|1.0|29898|1|
OCIMUM BASILICUM LEAF EXTRACT|OCIMUM BASILICUM LEAF EXTRACT|exact|1.0|29948|1|
OCTADECENE|OCTADECENE|exact|1.0|29963|1|
OCTADECYL DI-T-BUTYL-4 - HYDROXYHYDROCINNAMATE|OCTADECYL DI-T-BUTYL-4-HYDROXYHYDROCINNAMATE|cleaned|0.85|29969|1|retokenise
OCTADECYL DI-T-BUTYL-4-HYDROXYHYDROCINNAMATE|OCTADECYL DI-T-BUTYL-4-HYDROXYHYDROCINNAMATE|exact|1.0|29969|1|
OCTOCRYLENE|OCTOCRYLENE|exact|1.0|30015|1|
OCTYL PALMITATE|OCTYL PALMITATE|unresolved|0.0|30049|1|
OCTYLDODECANOL|OCTYLDODECANOL|exact|1.0|30080|1|
OENOTHERA BIENNIS (EVENING PRIMROSE) OIL|OENOTHERA BIENNIS OIL|paren_stripped|0.9|30140|1|
OLAFLUR|OLAFLUR|exact|1.0|30281|1|
OLEA EUROPAEA (OLIVE) FRUIT OIL|OLEA EUROPAEA FRUIT OIL|paren_stripped|0.9|30319|1|
OLEA EUROPAEA (OLIVE) FRUIT OIL*|OLEA EUROPAEA FRUIT OIL|paren_stripped|0.9|30319|1|
OLEA EUROPAEA FRUIT OIL|OLEA EUROPAEA FRUIT OIL|exact|1.0|30319|1|
OLEA EUROPEA FRUIT OIL|OLEA EUROPEA FRUIT OIL|unresolved|0.0|30359|1|
OLEIC ACID|OLEIC ACID|exact|1.0|30387|1|
OLETH-20|OLETH-20|exact|1.0|30417|1|
OLEYL ALCOHOL|OLEYL ALCOHOL|exact|1.0|30427|1|
OLIVE OIL DECYL ESTERS|OLIVE OIL DECYL ESTERS|exact|1.0|30468|1|
OLIVE OIL GLYCERETH-8 ESTERS|OLIVE OIL GLYCERETH-8 ESTERS|exact|1.0|30469|1|
OLIVE OIL POLYGLYCERYL-8 ESTERS|OLIVE OIL POLYGLYCERYL-8 ESTERS|unresolved|0.0|30476|1|
OLUS OIL|OLUS OIL|exact|1.0|30491|1|
OLUS OIL/VEGETABLE OIL/HUILE VEGETALE|OLUS OIL/VEGETABLE OIL/HUILE VEGETALE|unresolved|0.0|30495|1|
ORBIGNYA OLEIFERA SEED OIL|ORBIGNYA OLEIFERA SEED OIL|exact|1.0|30691|1|
ORBIGNYA OLEIFERA SEED OIL*|ORBIGNYA OLEIFERA SEED OIL|cleaned|0.95|30691|1|
ORYZA SATIVA CERA/RICE BRAN WAX|ORYZA SATIVA CERA/RICE BRAN WAX|unresolved|0.0|30940|1|
ORYZA SATIVA POWDER|ORYZA SATIVA POWDER|exact|1.0|30951|1|
OXIDIZED STARCH ACETATE|OXIDIZED STARCH ACETATE|exact|1.0|31066|1|
P-AMINOPHENOL|P-AMINOPHENOL|exact|1.0|31156|1|
P-ANISIC ACID|P-ANISIC ACID|exact|1.0|31158|1|
PALM KERNEL ACID|PALM KERNEL ACID|exact|1.0|31252|1|
PALMITIC ACID|PALMITIC ACID|exact|1.0|31309|1|
PALMITOYL HEXAPEPTIDE-12|PALMITOYL HEXAPEPTIDE-12|exact|1.0|31330|1|
PALMITOYL PENTAPEPTIDE-4|PALMITOYL PENTAPEPTIDE-4|exact|1.0|31337|1|
PALMITOYL TETRAPEPTIDE-7|PALMITOYL TETRAPEPTIDE-7|exact|1.0|31341|1|
PALMITOYL TRIPEPTIDE-1|PALMITOYL TRIPEPTIDE-1|exact|1.0|31346|1|
PALMITOYL TRIPEPTIDE-38|PALMITOYL TRIPEPTIDE-38|exact|1.0|31347|1|
PANAX GINSENG ROOT EXTRACT|PANAX GINSENG ROOT EXTRACT|exact|1.0|31379|1|
PANAX GINSENG ROOT EXTRACT*|PANAX GINSENG ROOT EXTRACT|cleaned|0.95|31379|1|
PANTHENAL|PANTHENAL|unresolved|0.0|31418|1|
PANTHENOL|PANTHENOL|exact|1.0|31426|1|
PANTHENOL ALLANTOIN|PANTHENOL|split|0.8|31426|1|
PANTHENOL. GLYCOL DISTEARATE|PANTHENOL|exact|0.9|31426|1|period
PANTHENYL ETHYL ETHER|PANTHENYL ETHYL ETHER|exact|1.0|31452|1|
PANTOLACTONE|PANTOLACTONE|exact|1.0|31466|1|
PAPAVER RHOEAS FLOWER EXTRACT|PAPAVER RHOEAS FLOWER EXTRACT|exact|1.0|31476|1|
PARAFFIN|PARAFFIN|exact|1.0|31542|1|
PARAFFINUM LIQUIDUM|PARAFFINUM LIQUIDUM|exact|1.0|31573|1|
PARAFFINUM LIQUIDUM (MINERAL OIL)|PARAFFINUM LIQUIDUM|paren_stripped|0.9|31573|1|
PARAFFINUM LIQUIDUM / MINERAL OIL|PARAFFINUM LIQUIDUM|slash_variant|0.8|31573|1|
FRAGRANCE|PARFUM|synonym_map|0.85|31654|1|
FRAGRANCE/PARFUM|PARFUM|slash_variant|0.8|31654|1|
PAR - FUM|PARFUM|exact|0.9|31654|1|retokenise
PARFUM|PARFUM|exact|1.0|31654|1|
PARFUM (BLEND MADE ONLY OF PURE ESSENTIAL OILS INCLUDING SWEET ORANGE, LEMON, MAY CHANG AND EUCALYPTUS)|PARFUM|paren_stripped|0.9|31654|1|
PARFUM (FRAGRANCE)|PARFUM|paren_stripped|0.9|31654|1|
PARFUM (FRAGRANCE)*|PARFUM|paren_stripped|0.9|31654|1|
PARFUM (FRAGRANCE)**|PARFUM|paren_stripped|0.9|31654|1|
PARFUM / FRAGRANCE|PARFUM|slash_variant|0.8|31654|1|
PARFUM / FRAGRANCE. (F.I.L B38252/3)|PARFUM|slash_variant|0.7|31654|1|period
PARFUM / FRAGRANCE. (F.I.L B48924/1)|PARFUM|slash_variant|0.7|31654|1|period
PARFUM / FRAGRANCE. (FIL B44107/1)|PARFUM|slash_variant|0.7|31654|1|period
PARFUM ETHYLHEXYL METHOXYCINNAMATE|PARFUM|split|0.8|31654|1|
PARFUM/FRAGRANCE|PARFUM|slash_variant|0.8|31654|1|
PARFUM/FRAGRANCE. (F.I.L. Y70037597/1)|PARFUM|slash_variant|0.7|31654|1|period
PARFUM/FRAGRANCE. (F.I.L.Z70042467/1)|PARFUM|slash_variant|0.7|31654|1|period
PERFUME|PARFUM|synonym_map|0.85|31654|1|
SODIUM BENZOATE PARFUM|PARFUM|split|0.8|31654|2|
XANTHAN GUM PARFUM|PARFUM|split|0.8|31654|2|
PASSIFLORA INCARNATA FLOWER EXTRACT|PASSIFLORA INCARNATA FLOWER EXTRACT|exact|1.0|32094|1|
PCA|PCA|exact|1.0|32140|1|
PEG-100 STEARATE|PEG-100 STEARATE|exact|1.0|32257|1|
PEG-12 DIMETHICONE|PEG-12 DIMETHICONE|exact|1.0|32273|1|
PEG-120 METHYL GLUCOSE DIOLEATE|PEG-120 METHYL GLUCOSE DIOLEATE|exact|1.0|32293|1|
PEG-150 DISTEARAT|PEG-150 DISTEARAT|unresolved|0.0|32313|1|
PEG-150 DISTEARATE|PEG-150 DISTEARATE|exact|1.0|32314|1|
PEG-20|PEG-20|exact|1.0|32349|1|
PEG-20 GLYCERYL TRIISOSTEARATE|PEG-20 GLYCERYL TRIISOSTEARATE|exact|1.0|32354|1|
PEG-20 METHYL GLUCOSE SESQUISTEARATE|PEG-20 METHYL GLUCOSE SESQUISTEARATE|exact|1.0|32357|1|
PEG-200 HYDROGENATED GLYCERYL PALMATE|PEG-200 HYDROGENATED GLYCERYL PALMATE|exact|1.0|32369|1|
PEG-3 DISTEARATE|PEG-3 DISTEARATE|exact|1.0|32390|1|
PEG-32|PEG-32|exact|1.0|32408|1|
PEG-4 RAPESEEDAMIDE|PEG-4 RAPESEEDAMIDE|exact|1.0|32420|1|
SODIUM CHLORIDE PEG-4 RAPESEEDAMIDE|PEG-4 RAPESEEDAMIDE|split|0.8|32420|2|
PEG-40 HYDROGENATED CASTOR OIL|PEG-40 HYDROGENATED CASTOR OIL|exact|1.0|32461|1|
PEG-40 STEARATE|PEG-40 STEARATE|exact|1.0|32497|1|
PEG-400|PEG-400|exact|1.0|32502|1|
PEG-45|PEG-45|exact|1.0|32506|1|
PEG-45M|PEG-45M|exact|1.0|32511|1|
PEG-55 PROPYLENE GLYCOL OLEATE|PEG-55 PROPYLENE GLYCOL OLEATE|exact|1.0|32529|1|
PEG-6|PEG-6|exact|1.0|32531|1|
PEG-6 CAPRYLIC/CAPRIC GLYCERIDES|PEG-6 CAPRYLIC/CAPRIC GLYCERIDES|exact|1.0|32536|1|
PEG-60 HYDROGENATED CASTOR OIL|PEG-60 HYDROGENATED CASTOR OIL|exact|1.0|32556|1|
PEG-7 GLYCERYL COCOATE|PEG-7 GLYCERYL COCOATE|exact|1.0|32582|1|
PEG-7 PROPYLHEPTYL ETHER|PEG-7 PROPYLHEPTYL ETHER|exact|1.0|32595|1|
PEG-8|PEG-8|exact|1.0|32610|1|
PEG-8 DIMETHICONE|PEG-8|split|0.8|32610|1|
PEG-8 DISTEARATE|PEG-8 DISTEARATE|exact|1.0|32615|1|
PEG-8 LAURATE|PEG-8 LAURATE|exact|1.0|32620|1|
PEG-8 STEARATE|PEG-8 STEARATE|exact|1.0|32621|1|
PEG-90 GLYCERYL ISOSTEARATE|PEG-90 GLYCERYL ISOSTEARATE|exact|1.0|32639|1|
PEG/PPG-120/10 TRIMETHYLOLPROPANE TRIOLEATE|PEG/PPG-120/10 TRIMETHYLOLPROPANE TRIOLEATE|exact|1.0|32662|1|
PENTAERYTHRITYL TETRA-DI-T-BUTYL HYDROXYHYDROCINNAMATE|PENTAERYTHRITYL TETRA-DI-T-BUTYL HYDROXYHYDROCINNAMATE|exact|1.0|32800|1|
PENTAERYTHRITYL TETRAISOSTEARATE|PENTAERYTHRITYL TETRAISOSTEARATE|exact|1.0|32812|1|
PENTAERYTHRITYLTETRA-DI-T-BUTYLHYDROXYHYDROCINNAMATE|PENTAERYTHRITYLTETRA-DI-T-BUTYLHYDROXYHYDROCINNAMATE|unresolved|0.0|32818|1|
PENTASODIUM TRIPHOSPHATE|PENTASODIUM TRIPHOSPHATE|exact|1.0|32837|1|
COCO-BETAINE PENTYLENE GLYCOL|PENTYLENE GLYCOL|split|0.8|32864|2|
PENTYLENE GLYCOL|PENTYLENE GLYCOL|exact|1.0|32864|1|
SODIUM PHOSPHATE. PERMANENT COLOUR CREAM AQUA/WATER/EAU|PERMANENT COLOUR CREAM AQUA/WATER/EAU|unresolved_residual|0.0|32957|2|period
PERSEA GRATISSIMA (AVOCADO) FRUIT EXTRACT|PERSEA GRATISSIMA FRUIT EXTRACT|paren_stripped|0.9|33005|1|
PERSEA GRATISSIMA OIL|PERSEA GRATISSIMA OIL|exact|1.0|33009|1|
PETROLATUM|PETROLATUM|exact|1.0|33060|1|
[MAY CONTAIN/PEUT CONTENIR/+/-:FERRIC AMMONIUM FERROCYANIDE (CI 77510), D&C RED NO. 7 CALCIUM LAKE (CI 15850), ALUMINUM POWDER (CI 77000), FD&C YELLOW NO. 5 ALUMINUM LAKE (CI 19140), D&C VIOLET NO. 2 (CI 60725)]|PEUT CONTENIR|unresolved_residual|0.0|33076|1|square_bracket+colon
[MAY CONTAIN/PEUT CONTENIR/+/-:MICA, TITANIUM DIOXIDE (CI 77891), FD&C YELLOW NO. 5 ALUMINUM LAKE (CI 19140), ALUMINUM POWDER (CI 77000), MANGANESE VIOLET (CI 77742), D&C RED NO. 6 BARIUM LAKE (CI 15850), IRON OXIDES (CI 77491, CI 77492, CI 77499), D&C RED NO. 7 CALCIUM LAKE (CI 15850), FD&C BLUE NO. 1 ALUMINUM LAKE (CI 42090), FERRIC AMMONIUM FERROCYANIDE (CI 77510), D&C RED NO. 34 CALCIUM LAKE (CI 15880), ULTRAMARINES (CI 77007), D&C BLACK NO. 2 (CI 77266)]. CLEARLY QUICK TOP COAT #103 ETHYL ACETATE|PEUT CONTENIR|unresolved_residual|0.0|33076|1|square_bracket+colon
PHENOXYETHANOL|PHENOXYETHANOL|exact|1.0|33256|1|
POLYSORBATE 60. TRIETHANOLAMINE. ETHOXYDIGLYCOL. PHENOXYETHANOL|PHENOXYETHANOL|exact|0.9|33256|4|period+cover
SODIUM BENZOATE PHENOXYETHANOL|PHENOXYETHANOL|split|0.8|33256|2|
PHENYL TRIMETHICONE|PHENYL TRIMETHICONE|exact|1.0|33337|1|
PHENYLBENZIMIDAZOLE SULFONIC ACID|PHENYLBENZIMIDAZOLE SULFONIC ACID|exact|1.0|33352|1|
PHENYLPROPANOL|PHENYLPROPANOL|exact|1.0|33375|1|
PHOSPHOLIPIDS|PHOSPHOLIPIDS|exact|1.0|33420|1|
PHOSPHORIC ACID|PHOSPHORIC ACID|exact|1.0|33436|1|
PHTHALIC ANHYDRIDE/TRIMELLITIC ANHYDRIDE/GLYCOLS COPOLYMER|PHTHALIC ANHYDRIDE/TRIMELLITIC ANHYDRIDE/GLYCOLS COPOLYMER|exact|1.0|33464|1|
PHTHALIMIDOPEROXYCAPROIC ACID|PHTHALIMIDOPEROXYCAPROIC ACID|exact|1.0|33465|1|
PHYTOSPHINGOSINE|PHYTOSPHINGOSINE|exact|1.0|33490|1|
PHYTOSTERYL/ ISOSTEARYL/CETYL/STEARYL/BEHENYL DIMER DILINOLEATE|PHYTOSTERYL/ISOSTEARYL/CETYL/STEARYL/BEHENYL DIMER DILINOLEATE|cleaned|0.85|33504|1|slash_space
PHYTOSTERYL/ISOSTEARYL/CETYL/STEARYL/BEHENYL DIMER DILINOLEATE|PHYTOSTERYL/ISOSTEARYL/CETYL/STEARYL/BEHENYL DIMER DILINOLEATE|exact|1.0|33504|1|
PINENE|PINENE|exact|1.0|33586|1|
PINUS PINASTER BARK EXTRACT|PINUS PINASTER BARK EXTRACT|exact|1.0|33603|1|
PIROCTONE OLAMINE|PIROCTONE OLAMINE|exact|1.0|33647|1|
PISTACIA LENTISCUS (MASTIC) GUM OIL|PISTACIA LENTISCUS GUM OIL|paren_stripped|0.9|33667|1|
PLUKENETIA VOLUBILIS SEED OIL|PLUKENETIA VOLUBILIS SEED OIL|exact|1.0|33782|1|
POGOSTEMON CABLIN OIL|POGOSTEMON CABLIN OIL|exact|1.0|33826|1|
POLYACRYLAMIDE|POLYACRYLAMIDE|exact|1.0|33947|1|
POLYACRYLATE CROSSPOLYMER-6|POLYACRYLATE CROSSPOLYMER-6|exact|1.0|33957|1|
POLYACRYLIC ACID|POLYACRYLIC ACID|exact|1.0|33969|1|
POLYBUTENE|POLYBUTENE|exact|1.0|33989|1|
POLYESTER-5|POLYESTER-5|exact|1.0|34026|1|
POLYETHYLENE|POLYETHYLENE|exact|1.0|34035|1|
POLYETHYLENE TEREPHTHALATE|POLYETHYLENE TEREPHTHALATE|exact|1.0|34047|1|
POLYGLYCERYL-10 CAPRYLATE/CAPRATE|POLYGLYCERYL-10 CAPRYLATE/CAPRATE|exact|1.0|34111|1|
POLYGLYCERYL-2 DIPOLYHYDROXYSTEARATE|POLYGLYCERYL-2 DIPOLYHYDROXYSTEARATE|exact|1.0|34134|1|
POLYGLYCERYL-2 TRIISOSTEARATE|POLYGLYCERYL-2 TRIISOSTEARATE|exact|1.0|34146|1|
POLYGLYCERYL-3 BEESWAX|POLYGLYCERYL-3 BEESWAX|exact|1.0|34156|1|
POLYGLYCERYL-3 DICITRATE/STEARATE|POLYGLYCERYL-3 DICITRATE/STEARATE|exact|1.0|34167|1|
POLYGLYCERYL-3 DIISOSTEARATE|POLYGLYCERYL-3 DIISOSTEARATE|exact|1.0|34171|1|
POLYGLYCERYL-3 METHYLGLUCOSE DISTEARATE|POLYGLYCERYL-3 METHYLGLUCOSE DISTEARATE|exact|1.0|34184|1|
POLYGLYCERYL-4 CAPRATE|POLYGLYCERYL-4 CAPRATE|exact|1.0|34207|1|
POLYGLYCERYL-4 DIISOSTEARATE/POLYHYDROXYSTEARATE/SEBACATE|POLYGLYCERYL-4 DIISOSTEARATE/POLYHYDROXYSTEARATE/SEBACATE|exact|1.0|34214|1|
POLYGLYCERYL-6 DISTEARATE|POLYGLYCERYL-6 DISTEARATE|exact|1.0|34243|1|
POLYHYDROXYSTEARIC ACID|POLYHYDROXYSTEARIC ACID|exact|1.0|34283|1|
POLYISOBUTENE|POLYISOBUTENE|exact|1.0|34287|1|
POLYMETHYLSILSESQUIOXANE|POLYMETHYLSILSESQUIOXANE|exact|1.0|34304|1|
POLYPHENYLSILSESQUIOXANE|POLYPHENYLSILSESQUIOXANE|exact|1.0|34322|1|
POLYQUATER NIUM-10|POLYQUATER NIUM-10|unresolved|0.0|34360|1|
POLYQUATERNIUM-10|POLYQUATERNIUM-10|exact|1.0|34392|1|
POLYQUATERNIUM-11|POLYQUATERNIUM-11|exact|1.0|34398|1|
QUATERNIUM-87 POLYQUATERNIUM-11|POLYQUATERNIUM-11|split|0.8|34398|2|
POLYQUATERNIUM-37|POLYQUATERNIUM-37|exact|1.0|34406|1|
POLYQUATERNIUM-37 POLYSORBATE 20|POLYQUATERNIUM-37|split|0.8|34406|1|
POLYQUATERNIUM-6|POLYQUATERNIUM-6|exact|1.0|34419|1|
POLYQUATERNIUM-7|POLYQUATERNIUM-7|exact|1.0|34425|1|
POLYSILICONE-11|POLYSILICONE-11|exact|1.0|34461|1|
POLYQUATERNIUM-37 POLYSORBATE 20|POLYSORBATE 20|split|0.8|34479|2|
POLYSORBATE 20|POLYSORBATE 20|exact|1.0|34479|1|
POLYSORBATE 60|POLYSORBATE 60|exact|1.0|34492|1|
POLYSORBATE 60. TRIETHANOLAMINE. ETHOXYDIGLYCOL. PHENOXYETHANOL|POLYSORBATE 60|split|0.7|34492|1|period+cover
POLYSORBATE 80|POLYSORBATE 80|exact|1.0|34500|1|
POLYSORBATE-20|POLYSORBATE-20|unresolved|0.0|34518|1|
POLYURETHANE-11|POLYURETHANE-11|exact|1.0|34534|1|
POLYURETHANE-33|POLYURETHANE-33|exact|1.0|34535|1|
POLYURETHANE-34|POLYURETHANE-34|exact|1.0|34536|1|
POLYVINYL ALCOHOL|POLYVINYL ALCOHOL|exact|1.0|34544|1|
PORTUGAL A ECOPONTO SONAE AMARELO|PORTUGAL A ECOPONTO SONAE AMARELO|unresolved|0.0|34596|1|
PORTULACA PILOSA EXTRACT|PORTULACA PILOSA EXTRACT|exact|1.0|34600|1|
POTASSIUM CETYL PHOSPHATE|POTASSIUM CETYL PHOSPHATE|exact|1.0|34675|1|
POTASSIUM CHLORIDE|POTASSIUM CHLORIDE|exact|1.0|34682|1|
POTASSIUM CITRATE|POTASSIUM CITRATE|exact|1.0|34685|1|
POTASSIUM COCOATE|POTASSIUM COCOATE|exact|1.0|34687|1|
POTASSIUM COCOYL GLYCINATE|POTASSIUM COCOYL GLYCINATE|exact|1.0|34691|1|
POTASSIUM HYALURONATE|POTASSIUM HYALURONATE|exact|1.0|34700|1|
POTASSIUM HYDROXIDE|POTASSIUM HYDROXIDE|exact|1.0|34704|1|
POTASSIUM LACTATE|POTASSIUM LACTATE|exact|1.0|34718|1|
POTASSIUM NITRATE|POTASSIUM NITRATE|exact|1.0|34733|1|
POTASSIUM OLIVATE|POTASSIUM OLIVATE|exact|1.0|34741|1|
POTASSIUM OLIVOYL PCA|POTASSIUM OLIVOYL PCA|exact|1.0|34744|1|
POTASSIUM PHOS - PHATE|POTASSIUM PHOSPHATE|cleaned|0.85|34753|1|retokenise
POTASSIUM PHOSPHATE|POTASSIUM PHOSPHATE|exact|1.0|34753|1|
POTASSIUM SORBATE|POTASSIUM SORBATE|exact|1.0|34775|1|
PPG-1 TRIDECETH-6|PPG-1 TRIDECETH-6|exact|1.0|34946|1|
PPG-1-PEG-9 LAURYL GLYCOL ETHER|PPG-1-PEG-9 LAURYL GLYCOL ETHER|exact|1.0|34950|1|
PPG-12|PPG-12|exact|1.0|34957|1|
PPG-14 BUTYL ETHER|PPG-14 BUTYL ETHER|exact|1.0|34966|1|
PPG-15 STEARYL ETHER|PPG-15 STEARYL ETHER|exact|1.0|34977|1|
PPG-2 HYDROXYETHYL COCAMIDE|PPG-2 HYDROXYETHYL COCAMIDE|exact|1.0|34990|1|
PPG-2 METHYL ETHER|PPG-2 METHYL ETHER|exact|1.0|34997|1|
PPG-26-BUTETH-26|PPG-26-BUTETH-26|exact|1.0|35007|1|
PPG-5-CETETH-20|PPG-5-CETETH-20|exact|1.0|35044|1|
PPG-6|PPG-6|exact|1.0|35049|1|
PPG-9|PPG-9|exact|1.0|35056|1|
PROCTER & GAMBLE STRASSE 1|PROCTER GAMBLE STRASSE 1|unresolved|0.0|35264|1|
PROPANE|PROPANE|exact|1.0|35334|1|
PROPANEDIOL|PROPANEDIOL|exact|1.0|35349|1|
PROPOLIS CERA|PROPOLIS CERA|exact|1.0|35390|1|
PROPYLÈNE GLYCOL|PROPYL NE GLYCOL|unresolved|0.0|35435|1|
PROPYLENÉ GLYCOL|PROPYLEN GLYCOL|unresolved|0.0|35454|1|
PROPYLENE|PROPYLENE|unresolved|0.0|35455|1|
PROPYLENE CARBONATE|PROPYLENE CARBONATE|exact|1.0|35462|1|
PEG-55 PROPYLENE GLYCOL|PROPYLENE GLYCOL|split|0.8|35492|2|
PROPYLENE GLYCOL|PROPYLENE GLYCOL|exact|1.0|35492|1|
PROPYLENE GLYCOL ETHYLHEXYL SALICYLATE|PROPYLENE GLYCOL|split|0.8|35492|1|
PROPYLENE GLYCOL DICAPRYLATE/DICAPRATE|PROPYLENE GLYCOL DICAPRYLATE/DICAPRATE|exact|1.0|35500|1|
PROPYLPARABEN|PROPYLPARABEN|exact|1.0|35574|1|
PRUNUS AMYGDALUS DULCIS (SWEET ALMOND) OIL|PRUNUS AMYGDALUS DULCIS OIL|paren_stripped|0.9|35727|1|
PRUNUS AMYGDALUS DULCIS OIL|PRUNUS AMYGDALUS DULCIS OIL|exact|1.0|35727|1|
PRUNUS AMYGDALUS DULCIS OIL/PRUNUS AMYGDALUS DULCIS (SWEET ALMOND) OIL|PRUNUS AMYGDALUS DULCIS OIL|slash_variant|0.8|35727|1|
PRUNUS AMYGDALUS DULCIS SEED EXTRACT|PRUNUS AMYGDALUS DULCIS SEED EXTRACT|exact|1.0|35747|1|
PRUNUS ARMENIACA (APRICOT) KERNEL OIL|PRUNUS ARMENIACA KERNEL OIL|paren_stripped|0.9|35790|1|
PRUNUS ARMENIACA KERNEL OIL|PRUNUS ARMENIACA KERNEL OIL|exact|1.0|35790|1|
PRUNUS ARMENIACA KERNEL OIL / APRICOT KERNEL OIL|PRUNUS ARMENIACA KERNEL OIL / APRICOT KERNEL OIL|unresolved|0.0|35791|1|
PRUNUS ARMENIACA SEED POWDER|PRUNUS ARMENIACA SEED POWDER|exact|1.0|35797|1|
PRUNUS CERASUS JUICE|PRUNUS CERASUS JUICE|exact|1.0|35815|1|
PRUNUS PERSICA EXTRACT/PRUNUS PERSICA (PEACH) EXTRACT|PRUNUS PERSICA EXTRACT|slash_variant|0.8|35829|1|
PRUNUS PERSICA (PEACH) KERNEL OIL|PRUNUS PERSICA KERNEL OIL|paren_stripped|0.9|35838|1|
PRUNUS PERSICA KERNEL OIL|PRUNUS PERSICA KERNEL OIL|exact|1.0|35838|1|
PRUNUS PERSICA KERNEL OIL/PRUNUS PERSICA (PEACH) KERNEL OIL|PRUNUS PERSICA KERNEL OIL|slash_variant|0.8|35838|1|
PRUNUS PERSICA SEED POWDER/PRUNUS PERSICA (PEACH) SEED POWDER|PRUNUS PERSICA SEED POWDER|slash_variant|0.8|35841|1|
PRUNUSAMYGDALUS DULCIS OIL|PRUNUSAMYGDALUS DULCIS OIL|unresolved|0.0|35854|1|
PUNICA GRANATUM FRUIT EXTRACT|PUNICA GRANATUM FRUIT EXTRACT|exact|1.0|35956|1|
PUNICA GRANATUM SEED EXTRACT|PUNICA GRANATUM SEED EXTRACT|exact|1.0|35961|1|
PUNICA GRANATUM SEED EXTRACT*|PUNICA GRANATUM SEED EXTRACT|cleaned|0.95|35961|1|
PVM/MA COPOLYMER|PVM/MA COPOLYMER|exact|1.0|36003|1|
PVP|PVP|exact|1.0|36008|1|
PYRIDOXINE HCI|PYRIDOXINE HCI|unresolved|0.0|36026|1|
QUA|QUA|unresolved|0.0|36099|1|
QUATERNIUM-18|QUATERNIUM-18|exact|1.0|36125|1|
QUATERNIUM-80|QUATERNIUM-80|exact|1.0|36130|1|
QUATERNIUM-87|QUATERNIUM-87|exact|1.0|36132|1|
QUATERNIUM-87 POLYQUATERNIUM-11|QUATERNIUM-87|split|0.8|36132|1|
RAPESEED SEED OIL|RAPESEED SEED OIL|unresolved|0.0|36293|1|
REBAUDIOSIDE A|REBAUDIOSIDE A|exact|1.0|36354|1|
RED 28 LAKE (CI 45410)|RED 28 LAKE (CI 45410)|unresolved|0.0|36398|1|
RED 7 (CI 15850)|RED 7 (CI 15850)|unresolved|0.0|36463|1|
RED 7 LAKE (CI 15850)|RED 7 LAKE (CI 15850)|unresolved|0.0|36468|1|
RESORCINOL|RESORCINOL|exact|1.0|36607|1|
RETINYL LINOLEATE|RETINYL LINOLEATE|exact|1.0|36633|1|
RETINYL PALMITATE|RETINYL PALMITATE|exact|1.0|36635|1|
RHAMNOSE|RHAMNOSE|exact|1.0|36678|1|
RICINUS COMMUNIS (CASTOR) SEED OIL|RICINUS COMMUNIS SEED OIL|paren_stripped|0.9|36774|1|
RICINUS COMMUNIS SEED OIL|RICINUS COMMUNIS SEED OIL|exact|1.0|36774|1|
ROSE KETONE|ROSE KETONE|unresolved|0.0|37102|1|
ROSE KETONES|ROSE KETONES|exact|1.0|37104|1|
ROSMARINUS OFFICINALIS (ROSEMARY) EXTRACT|ROSMARINUS OFFICINALIS EXTRACT|paren_stripped|0.9|37164|1|
ROSMARINUS OFFICINALIS (ROSEMARY) LEAF EXTRACT|ROSMARINUS OFFICINALIS LEAF EXTRACT|paren_stripped|0.9|37174|1|
ROSMARINUS OFFICINALIS (ROSEMARY) LEAF EXTRACT (ROSEMARY)|ROSMARINUS OFFICINALIS LEAF EXTRACT|paren_stripped|0.9|37174|1|
ROSMARINUS OFFICINALIS (ROSEMARY) LEAF EXTRACT*|ROSMARINUS OFFICINALIS LEAF EXTRACT|paren_stripped|0.9|37174|1|
ROSMARINUS OFFICINALIS LEAF OIL|ROSMARINUS OFFICINALIS LEAF OIL|exact|1.0|37179|1|
RUBUS FRUTICOSUS JUICE|RUBUS FRUTICOSUS JUICE|exact|1.0|37264|1|
RUBUS IDAEUS FRUIT EXTRACT|RUBUS IDAEUS FRUIT EXTRACT|exact|1.0|37269|1|
RUBUS IDAEUS (RASPBERRY) LEAF EXTRACT|RUBUS IDAEUS LEAF EXTRACT|paren_stripped|0.9|37275|1|
RUBUS IDAEUS (RASPBERRY) LEAF EXTRACT*|RUBUS IDAEUS LEAF EXTRACT|paren_stripped|0.9|37275|1|
SODIUM BENZOATE. SÉRUM SOIN : AQUA|S RUM SOIN|unresolved_residual|0.0|37383|2|colon+period
S.A. RUA JOÃO MENDONÇA|S.A. RUA JO O MENDON A|unresolved|0.0|37439|1|
SALICYLIC ACID|SALICYLIC ACID|exact|1.0|37632|1|
SALVADORA PERSICA|SALVADORA PERSICA|unresolved|0.0|37664|1|
SALVIA OFFICINALIS (SAGE) LEAF EXTRACT|SALVIA OFFICINALIS LEAF EXTRACT|paren_stripped|0.9|37697|1|
SALVIA SCLAREA OIL|SALVIA SCLAREA OIL|exact|1.0|37712|1|
SAPINDUS MUKUROSSI FRUIT EXTRACT|SAPINDUS MUKUROSSI FRUIT EXTRACT|unresolved|0.0|37818|1|
SAPONARIA OFFICINALIS LEAF EXTRACT|SAPONARIA OFFICINALIS LEAF EXTRACT|exact|1.0|37822|1|
SAVON 30% (SODIUM PALMATE, SODIUM COCOATE)|SAVON 30 (SODIUM PALMATE, SODIUM COCOATE)|unresolved|0.0|37906|1|
SCHINZIOPHYTON RAUTANENII KERNEL OIL|SCHINZIOPHYTON RAUTANENII KERNEL OIL|exact|1.0|37946|1|
SCLEROCARYA BIRREA SEED OIL|SCLEROCARYA BIRREA SEED OIL|exact|1.0|37975|1|
SCLEROTIUM GUM|SCLEROTIUM GUM|exact|1.0|37978|1|
SELAGINELLA LEPIDOPHYLLA AERIAL EXTRACT|SELAGINELLA LEPIDOPHYLLA AERIAL EXTRACT|unresolved|0.0|38109|1|
SERENOA SERRULATA FRUIT EXTRACT|SERENOA SERRULATA FRUIT EXTRACT|exact|1.0|38168|1|
SERINE|SERINE|exact|1.0|38179|1|
SILICA|SILICA|exact|1.0|38367|1|
SILICA DIMETHYL SILYLATE|SILICA DIMETHYL SILYLATE|exact|1.0|38379|1|
SILICA [NANO]/SILICA|SILICA NANO /SILICA|unresolved|0.0|38401|1|
SILICA SILYLATE|SILICA SILYLATE|exact|1.0|38402|1|
SILICONE QUATERNIUM-17|SILICONE QUATERNIUM-17|exact|1.0|38439|1|
SIMETHICONE|SIMETHICONE|exact|1.0|38486|1|
SIMMONDSIA CHINENSIS (JOJOBA) SEED OIL|SIMMONDSIA CHINENSIS SEED OIL|paren_stripped|0.9|38534|1|
SIMMONDSIA CHINENSIS (JOJOBA) SEED OIL*|SIMMONDSIA CHINENSIS SEED OIL|paren_stripped|0.9|38534|1|
SIMMONDSIA CHINENSIS SEED OIL|SIMMONDSIA CHINENSIS SEED OIL|exact|1.0|38534|1|
SODIUM ACETATE|SODIUM ACETATE|exact|1.0|38847|1|
SODIUM ACETYLATED HYALURONATE|SODIUM ACETYLATED HYALURONATE|exact|1.0|38851|1|
SODIUM ACRYLATES/C10-30 ALKYL ACRYLATE CROSSPOLYMER|SODIUM ACRYLATES/C10-30 ALKYL ACRYLATE CROSSPOLYMER|exact|1.0|38873|1|
"AQUA | ALOE BARBADENSIS LEAF JUICE | GLYCERIN | DECYL GLUCOSIDE | SODIUM BENZOATE | LEVULINIC ACID | LACTIC ACID | SODIUM LEVULINATE"|SODIUM BENZOATE|split|0.8|38965|5|
SODIUM BENZOATE|SODIUM BENZOATE|exact|1.0|38965|1|
SODIUM BENZOATE PARFUM|SODIUM BENZOATE|split|0.8|38965|1|
SODIUM BENZOATE PHENOXYETHANOL|SODIUM BENZOATE|split|0.8|38965|1|
SODIUM BENZOATE. SÉRUM SOIN : AQUA|SODIUM BENZOATE|cleaned|0.85|38965|1|colon+period
SODIUM BENZOTRIAZOLYL BUTYLPHENOL SULFONATE|SODIUM BENZOTRIAZOLYL BUTYLPHENOL SULFONATE|exact|1.0|39016|1|
SODIUM BICARBONATE|SODIUM BICARBONATE|exact|1.0|39025|1|
SODIUM BICARBONATE TRISODIUM PHOSPHATE|SODIUM BICARBONATE|split|0.8|39025|1|
SODIUM C12-13 PARETH SULFATE|SODIUM C12-13 PARETH SULFATE|exact|1.0|39055|1|
SODIUM C12-13 PARETH SULFATE (*A) / SODIUM LAURETH SULFATE (*B)|SODIUM C12-13 PARETH SULFATE|split|0.7|39055|1|cover
SODIUM C14-16 OLEFIN SULFONATE|SODIUM C14-16 OLEFIN SULFONATE|exact|1.0|39071|1|
SODIUM CARBONATE|SODIUM CARBONATE|exact|1.0|39101|1|
SODIUM CARBOXY METHYLCELLULOSE|SODIUM CARBOXY METHYLCELLULOSE|unresolved|0.0|39105|1|
SODIUM CETEARYL SULFATE|SODIUM CETEARYL SULFATE|exact|1.0|39131|1|
SODIUM CHLO RIDE|SODIUM CHLO RIDE|unresolved|0.0|39152|1|
SODIUM CHLORIDE|SODIUM CHLORIDE|exact|1.0|39167|1|
SODIUM CHLORIDE (SALT)|SODIUM CHLORIDE|paren_stripped|0.9|39167|1|
SODIUM CHLORIDE PEG-4 RAPESEEDAMIDE|SODIUM CHLORIDE|split|0.8|39167|1|
SODIUM CHLORIDE*|SODIUM CHLORIDE|cleaned|0.95|39167|1|
SODIUM CITRATE|SODIUM CITRATE|exact|1.0|39212|1|
SODIUM CITRATE (SODIUM SALT DERIVED FROM CITRIC ACID)|SODIUM CITRATE|paren_stripped|0.9|39212|1|
SODIUM COCO - SULFATE|SODIUM COCO-SULFATE|cleaned|0.85|39240|1|retokenise
SODIUM COCO-SULFATE|SODIUM COCO-SULFATE|exact|1.0|39240|1|
SODIUM COCOAMPHOACETATE|SODIUM COCOAMPHOACETATE|exact|1.0|39250|1|
SODIUM COCOATE|SODIUM COCOATE|exact|1.0|39256|1|
SODIUM COCOYL GLUTAMATE|SODIUM COCOYL GLUTAMATE|exact|1.0|39286|1|
SODIUM COCOYL ISETHIONATE|SODIUM COCOYL ISETHIONATE|exact|1.0|39297|1|
SODIUM DEHYDROACETATE|SODIUM DEHYDROACETATE|exact|1.0|39325|1|
SODIUM DIETHYLENETRIAMINE PENTAMETHYLENE PHOSPHONATE|SODIUM DIETHYLENETRIAMINE PENTAMETHYLENE PHOSPHONATE|exact|1.0|39334|1|
CI 77891. CONTAINS SODIUM FLUORIDE (1450 PPM F)|SODIUM FLUORIDE|paren_stripped|0.8|39370|2|marker
SODIUM FLUORIDE|SODIUM FLUORIDE|exact|1.0|39370|1|
SODIUM FLUORIDE (1450 PPM F⁻)|SODIUM FLUORIDE|paren_stripped|0.9|39370|1|
SODIUM GLUCONATE|SODIUM GLUCONATE|exact|1.0|39411|1|
SODIUM HEXAMETAPHOSPHATE|SODIUM HEXAMETAPHOSPHATE|exact|1.0|39433|1|
SODIUM HYALURONATE|SODIUM HYALURONATE|exact|1.0|39455|1|
SODIUM HYALURONATE CROSSPOLYMER|SODIUM HYALURONATE CROSSPOLYMER|exact|1.0|39459|1|
MICROCRYSTALLINE CELLULOSE SODIUM HYDROXIDE|SODIUM HYDROXIDE|split|0.8|39506|2|
SODIUM HYDROXIDE|SODIUM HYDROXIDE|exact|1.0|39506|1|
SODIUM HYDROXIDE *INGRÉDIENTS ISSUS DE L'AGRICULTURE BIOLOGIQUE|SODIUM HYDROXIDE|cleaned|0.85|39506|1|newline
SODIUM HYDROXIDE STEARIC ACID|SODIUM HYDROXIDE|split|0.8|39506|1|
SODIUM HYDROXYPROPYL STARCH PHOSPHATE|SODIUM HYDROXYPROPYL STARCH PHOSPHATE|exact|1.0|39560|1|
SODIUM ISETHIONATE|SODIUM ISETHIONATE|exact|1.0|39578|1|
SODIUM LACTATE|SODIUM LACTATE|exact|1.0|39591|1|
SODIUM LAUR LAURYL GLUCOSIDE|SODIUM LAUR LAURYL GLUCOSIDE|unresolved|0.0|39604|1|
SODIUM C12-13 PARETH SULFATE (*A) / SODIUM LAURETH SULFATE (*B)|SODIUM LAURETH SULFATE|split|0.7|39636|2|cover
SODIUM LAURETH SULFATE|SODIUM LAURETH SULFATE|exact|1.0|39636|1|
SODIUM LAURETH SULFATE*|SODIUM LAURETH SULFATE|cleaned|0.95|39636|1|
SODIUM LAURIMINODIPROPIONATE|SODIUM LAURIMINODIPROPIONATE|exact|1.0|39666|1|
SODIUM LAUROYL GLYCINATE|SODIUM LAUROYL GLYCINATE|exact|1.0|39688|1|
SODIUM LAUROYL ISETHIONATE|SODIUM LAUROYL ISETHIONATE|exact|1.0|39691|1|
SODIUM LAUROYL LACTYLATE|SODIUM LAUROYL LACTYLATE|exact|1.0|39693|1|
SODIUM LAUROYL MÉTHYL ISETHIONATE|SODIUM LAUROYL M THYL ISETHIONATE|unresolved|0.0|39695|1|
SODIUM LAUROYL METHYL ISETHIONATE|SODIUM LAUROYL METHYL ISETHIONATE|exact|1.0|39698|1|
SODIUM LAURYL GLUCOSE CARBOXYLATE|SODIUM LAURYL GLUCOSE CARBOXYLATE|exact|1.0|39731|1|
SODIUM LAURYL SULFATE|SODIUM LAURYL SULFATE|exact|1.0|39744|1|
SODIUM LAURYL SULFATE SODIUM FOLYPHOSPHATE|SODIUM LAURYL SULFATE SODIUM FOLYPHOSPHATE|unresolved|0.0|39747|1|
"AQUA | ALOE BARBADENSIS LEAF JUICE | GLYCERIN | DECYL GLUCOSIDE | SODIUM BENZOATE | LEVULINIC ACID | LACTIC ACID | SODIUM LEVULINATE"|SODIUM LEVULINATE|split|0.8|39773|8|
SODIUM LEVULINATE|SODIUM LEVULINATE|exact|1.0|39773|1|
SODIUM METASILICATE|SODIUM METASILICATE|exact|1.0|39801|1|
SODIUM METHYL COCOYL TAURATE|SODIUM METHYL COCOYL TAURATE|exact|1.0|39809|1|
SODIUM METHYL ISETHIONATE|SODIUM METHYL ISETHIONATE|exact|1.0|39814|1|
SODIUM METHYL LAUROYL TAURATE|SODIUM METHYL LAUROYL TAURATE|exact|1.0|39816|1|
SODIUM METHYL OLEOYL TAURATE|SODIUM METHYL OLEOYL TAURATE|exact|1.0|39817|1|
SODIUM METHYLAURATE|SODIUM METHYLAURATE|unresolved|0.0|39824|1|
SODIUM METHYLPARABEN|SODIUM METHYLPARABEN|exact|1.0|39828|1|
SODIUM MONOFLUOROPHOSPHATE|SODIUM MONOFLUOROPHOSPHATE|exact|1.0|39839|1|
SODIUM OLIVÂTRE|SODIUM OLIV TRE|unresolved|0.0|39868|1|
SODIUM OXIDE|SODIUM OXIDE|exact|1.0|39880|1|
SODIUM PALM KERNELATE|SODIUM PALM KERNELATE|exact|1.0|39895|1|
SODIUM PALM KERNELATE*|SODIUM PALM KERNELATE|cleaned|0.95|39895|1|
SODIUM PALM KERNELATE* (DERIVED FROM SUSTAINABLE PALM KERNEL OIL)|SODIUM PALM KERNELATE|paren_stripped|0.9|39895|1|
SODIUM PALMATE|SODIUM PALMATE|exact|1.0|39904|1|
SODIUM PALMATE*|SODIUM PALMATE|cleaned|0.95|39904|1|
SODIUM PALMATE* (DERIVED FROM SUSTAINABLE PALM OIL)|SODIUM PALMATE|paren_stripped|0.9|39904|1|
SODIUM PCA|SODIUM PCA|exact|1.0|39917|1|
SODIUM PHOSPHATE|SODIUM PHOSPHATE|exact|1.0|39930|1|
SODIUM PHOSPHATE. PERMANENT COLOUR CREAM AQUA/WATER/EAU|SODIUM PHOSPHATE|cleaned|0.85|39930|1|period
SODIUM POLYACRYLATE|SODIUM POLYACRYLATE|exact|1.0|39949|1|
SODIUM POLYNAPHTHALENESULFONATE|SODIUM POLYNAPHTHALENESULFONATE|exact|1.0|39968|1|
SODIUM PREFERENTEMENTE ANTES DE LA FECHA IMPRESA EN EL EMPAQUE/ENVASE. INGREDIENTES: AQUA|SODIUM PREFERENTEMENTE ANTES DE LA FECHA IMPRESA EN EL EMPAQUE/ENVASE, ES|unresolved_residual|0.0|39979|1|colon+period
SODIUM SACCHARIN|SODIUM SACCHARIN|exact|1.0|40013|1|
SODIUM SACCHARIN DICHLOROBENZYL ALCOHOL|SODIUM SACCHARIN|split|0.8|40013|1|
SODIUM SALICYLATE|SODIUM SALICYLATE|exact|1.0|40035|1|
SODIUM STANNATE|SODIUM STANNATE|exact|1.0|40067|1|
SODIUM STARCH OCTENYLSUCCINATE|SODIUM STARCH OCTENYLSUCCINATE|exact|1.0|40073|1|
SODIUM STEARATE|SODIUM STEARATE|exact|1.0|40080|1|
SODIUM STEAROYL GLUTAMATE|SODIUM STEAROYL GLUTAMATE|exact|1.0|40087|1|
SODIUM STYRENE/ACRYLATES COPOLYMER|SODIUM STYRENE/ACRYLATES COPOLYMER|exact|1.0|40097|1|
SODIUM SULFATE|SODIUM SULFATE|exact|1.0|40101|1|
SODIUM SULFITE|SODIUM SULFITE|exact|1.0|40106|1|
SODIUM TALLOWATE|SODIUM TALLOWATE|exact|1.0|40120|1|
SODIUM XYLENESULFONATE|SODIUM XYLENESULFONATE|exact|1.0|40150|1|
SODIUMLEVULINATE|SODIUMLEVULINATE|unresolved|0.0|40188|1|
SORBIC ACID|SORBIC ACID|exact|1.0|40443|1|
SORBITAN CAPRYLATE|SORBITAN CAPRYLATE|exact|1.0|40460|1|
SORBITAN ISOSTEARATE|SORBITAN ISOSTEARATE|exact|1.0|40464|1|
SORBITAN OLEATE|SORBITAN OLEATE|exact|1.0|40476|1|
SORBITAN OLIVATE|SORBITAN OLIVATE|exact|1.0|40482|1|
SORBITAN STEARATE|SORBITAN STEARATE|exact|1.0|40499|1|
SORBITAN TRISTEARATE|SORBITAN TRISTEARATE|exact|1.0|40502|1|
SORBITOL|SORBITOL|exact|1.0|40508|1|
SOY ACID|SOY ACID|exact|1.0|40572|1|
SPHINGOLIPIDS|SPHINGOLIPIDS|exact|1.0|40637|1|
SQUALANE|SQUALANE|exact|1.0|40696|1|
SQUALENE|SQUALENE|exact|1.0|40703|1|
SR-HYDROZOAN POLYPEPTIDE-1|SR-HYDROZOAN POLYPEPTIDE-1|exact|1.0|40707|1|
STANNOUS CHLORIDE|STANNOUS CHLORIDE|exact|1.0|40753|1|
STANNOUS FLUORIDE|STANNOUS FLUORIDE|exact|1.0|40755|1|
STEARALKONIUM BENTONITE|STEARALKONIUM BENTONITE|exact|1.0|40788|1|
STEARALKONIUM HECTORITE|STEARALKONIUM HECTORITE|exact|1.0|40791|1|
STEARAMIDOPROPYL DIMETHYLAMINE|STEARAMIDOPROPYL DIMETHYLAMINE|exact|1.0|40814|1|
STEARETH-100|STEARETH-100|exact|1.0|40849|1|
STEARETH-2|STEARETH-2|exact|1.0|40856|1|
STEARETH-20|STEARETH-20|exact|1.0|40857|1|
STEARETH-200|STEARETH-200|exact|1.0|40858|1|
STEARETH-21|STEARETH-21|exact|1.0|40859|1|
ISOPROPYL PALMITATE STEARIC ACID|STEARIC ACID|split|0.8|40876|2|
SODIUM HYDROXIDE STEARIC ACID|STEARIC ACID|split|0.8|40876|2|
STEARIC ACID|STEARIC ACID|exact|1.0|40876|1|
STEARYI ALCOHOL|STEARYI ALCOHOL|unresolved|0.0|40917|1|
STEARYL ALCHOHOL|STEARYL ALCHOHOL|unresolved|0.0|40922|1|
STEARYL ALCOHOL|STEARYL ALCOHOL|exact|1.0|40926|1|
STEARYL DIMETHICONE|STEARYL DIMETHICONE|exact|1.0|40938|1|
STELLARIA MEDIA (CHICKWEED) EXTRACT|STELLARIA MEDIA EXTRACT|paren_stripped|0.9|40959|1|
STELLARIA MEDIA (CHICKWEED) EXTRACT*|STELLARIA MEDIA EXTRACT|paren_stripped|0.9|40959|1|
STEVIA REBAUDIANA LEAF EXTRACT|STEVIA REBAUDIANA LEAF EXTRACT|exact|1.0|40990|1|
STEVIOSIDE|STEVIOSIDE|exact|1.0|41002|1|
STYRENE/ACRYLATES COPOLYMER|STYRENE/ACRYLATES COPOLYMER|exact|1.0|41120|1|
STYRENE/ACRYLATES/AMMONIUM METHACRYLATE COPOLYMER|STYRENE/ACRYLATES/AMMONIUM METHACRYLATE COPOLYMER|exact|1.0|41124|1|
SUCCINIC ACID|SUCCINIC ACID|exact|1.0|41167|1|
SUCRALOSE|SUCRALOSE|exact|1.0|41178|1|
SUCROSE COCOATE|SUCROSE COCOATE|exact|1.0|41191|1|
SUCROSE DISTEARATE|SUCROSE DISTEARATE|exact|1.0|41194|1|
SUCROSE STEARATE|SUCROSE STEARATE|exact|1.0|41204|1|
SUNFLOWER SEED SODIUM COCOYL GLUTAMATE|SUNFLOWER SEED SODIUM COCOYL GLUTAMATE|unresolved|0.0|41296|1|
SYNTHETIC BEESWAX|SYNTHETIC BEESWAX|exact|1.0|41464|1|
SYNTHETIC FLUORPHLOGOPITE|SYNTHETIC FLUORPHLOGOPITE|exact|1.0|41469|1|
SYNTHETIC JAPAN WAX|SYNTHETIC JAPAN WAX|exact|1.0|41476|1|
SYNTHETIC WAX|SYNTHETIC WAX|exact|1.0|41477|1|
TALC|TALC|exact|1.0|41566|1|
TAPIOCA STARCH|TAPIOCA STARCH|exact|1.0|41617|1|
TAPIOCA STERCH|TAPIOCA STERCH|unresolved|0.0|41622|1|
TAURINE|TAURINE|exact|1.0|41658|1|
TEA-DODECYLBENZENESULFONATE|TEA-DODECYLBENZENESULFONATE|exact|1.0|41692|1|
TEA-LACTATE|TEA-LACTATE|exact|1.0|41698|1|
TEA-SULFATE|TEA-SULFATE|exact|1.0|41706|1|
TEREPHTHALYLIDENE DICAMPHOR SULFONIC ACID|TEREPHTHALYLIDENE DICAMPHOR SULFONIC ACID|exact|1.0|41848|1|
TERPINEOL|TERPINEOL|exact|1.0|41864|1|
TERPINOLENE|TERPINOLENE|exact|1.0|41867|1|
HEXAMETHYLINDANOPYRAN. TESTOWA|TESTOWA|unresolved_residual|0.0|41896|2|period
TETRAHEXYLDECYL ASCORBATE|TETRAHEXYLDECYL ASCORBATE|exact|1.0|41924|1|
TETRAMETHYL ACETYLOCTAHYDRONAPHTHALENES|TETRAMETHYL ACETYLOCTAHYDRONAPHTHALENES|exact|1.0|41948|1|
TETRAPOTASSIUM PYROPHOSPHATE|TETRAPOTASSIUM PYROPHOSPHATE|exact|1.0|41967|1|
TETRASODIUM EDTA|TETRASODIUM EDTA|exact|1.0|41998|1|
TETRASODIUM ETIDRONATE|TETRASODIUM ETIDRONATE|exact|1.0|42009|1|
TETRASODIUM GLUTAMATE DIACETATE|TETRASODIUM GLUTAMATE DIACETATE|exact|1.0|42027|1|
TETRASODIUM GLUTAMATE DIACETATE (NATURALLY DERIVED PRESERVATIVE TO AID STABILITY)|TETRASODIUM GLUTAMATE DIACETATE|paren_stripped|0.9|42027|1|
TETRASODIUM GLUTAMATE DIACETATE*|TETRASODIUM GLUTAMATE DIACETATE|cleaned|0.95|42027|1|
TETRASODIUM PYROPHOSPHATE|TETRASODIUM PYROPHOSPHATE|exact|1.0|42050|1|
THEOBROMA CACAO (COCOA) SEED BUTTER|THEOBROMA CACAO SEED BUTTER|paren_stripped|0.9|42192|1|
THEOBROMA CACAO SEED BUTTER|THEOBROMA CACAO SEED BUTTER|exact|1.0|42192|1|
THEOBROMA GRANDIFLORUM SEED BUTTER|THEOBROMA GRANDIFLORUM SEED BUTTER|exact|1.0|42207|1|
THYMOL|THYMOL|exact|1.0|42300|1|
THYMUS VULGARIS OIL|THYMUS VULGARIS OIL|exact|1.0|42324|1|
TILIA TOMENTOSA BUD EXTRACT|TILIA TOMENTOSA BUD EXTRACT|exact|1.0|42353|1|
TIN OXIDE|TIN OXIDE|exact|1.0|42364|1|
TIN OXIDE. [+/- MAY CONTAIN: CI 77491, CI 77492, CI 77499 / IRON OXIDES, CI 77891 / TITANIUM DIOXIDE, CI 77007 / ULTRAMARINES, CI 75470 / CARMINE, MICA]|TIN OXIDE|exact|0.9|42364|1|slash_same_cas+square_bracket+colon+period
TITANIUM DIOXIDE|TITANIUM DIOXIDE|exact|1.0|42403|1|
TITANIUM DIOXIDE (CI 77891|TITANIUM DIOXIDE|split|0.7|42403|1|bracket
TITANIUM DIOXIDE (CI 77891)|TITANIUM DIOXIDE|paren_stripped|0.9|42403|1|
[MAY CONTAIN/PEUT CONTENIR/+/-:MICA, TITANIUM DIOXIDE (CI 77891), FD&C YELLOW NO. 5 ALUMINUM LAKE (CI 19140), ALUMINUM POWDER (CI 77000), MANGANESE VIOLET (CI 77742), D&C RED NO. 6 BARIUM LAKE (CI 15850), IRON OXIDES (CI 77491, CI 77492, CI 77499), D&C RED NO. 7 CALCIUM LAKE (CI 15850), FD&C BLUE NO. 1 ALUMINUM LAKE (CI 42090), FERRIC AMMONIUM FERROCYANIDE (CI 77510), D&C RED NO. 34 CALCIUM LAKE (CI 15880), ULTRAMARINES (CI 77007), D&C BLACK NO. 2 (CI 77266)]. CLEARLY QUICK TOP COAT #103 ETHYL ACETATE|TITANIUM DIOXIDE|paren_stripped|0.8|42403|3|square_bracket+colon
TITANIUM DIOXIDE [NANO] / TITANIUM DIOXIDE|TITANIUM DIOXIDE NANO / TITANIUM DIOXIDE|unresolved|0.0|42428|1|
TOCOPHEROL|TOCOPHEROL|exact|1.0|42545|1|
TOCOPHEROL (VITAMIN E)|TOCOPHEROL|paren_stripped|0.9|42545|1|
TOCOPHEROL [N2002/A]|TOCOPHEROL|exact|0.9|42545|1|square_bracket
TOCOPHEROL. MAY CONTAIN (+/-): CI 77891|TOCOPHEROL|cleaned|0.85|42545|1|colon+period
VITAMIN E|TOCOPHEROL|synonym_map|0.85|42545|1|
TOCOPHERYL ACETATE|TOCOPHERYL ACETATE|exact|1.0|42616|1|
TOLUENE-2,5-DIAMINE SULFATE|TOLUENE-2,5-DIAMINE SULFATE|exact|1.0|42689|1|
TREHALOSE|TREHALOSE|exact|1.0|42797|1|
TREMELLA FUCIFORMIS SPOROCARP EXTRACT|TREMELLA FUCIFORMIS SPOROCARP EXTRACT|exact|1.0|42800|1|
TRIACONTANYL PVP|TRIACONTANYL PVP|exact|1.0|42833|1|
TRIBEHENIN|TRIBEHENIN|exact|1.0|42838|1|
TRIBUTYL CITRATE|TRIBUTYL CITRATE|exact|1.0|42845|1|
TRICLOSAN|TRICLOSAN|exact|1.0|42862|1|
TRIDECETH-10|TRIDECETH-10|exact|1.0|42885|1|
TRIDECETH-12|TRIDECETH-12|exact|1.0|42887|1|
TRIDECETH12|TRIDECETH12|unresolved|0.0|42903|1|
TRIDECYL TRIMELLITATE|TRIDECYL TRIMELLITATE|exact|1.0|42911|1|
POLYSORBATE 60. TRIETHANOLAMINE. ETHOXYDIGLYCOL. PHENOXYETHANOL|TRIETHANOLAMINE|split|0.7|42931|2|period+cover
TRIETHANOLAMINE|TRIETHANOLAMINE|exact|1.0|42931|1|
TRIETHANOLAMINE (F.I.L B49533/1)|TRIETHANOLAMINE|paren_stripped|0.9|42931|1|
TRIETHOXYCAPRYLYLSILANE|TRIETHOXYCAPRYLYLSILANE|exact|1.0|42942|1|
TRIETHYL CITRATE|TRIETHYL CITRATE|exact|1.0|42955|1|
TRIETHYLENE GLYCOL|TRIETHYLENE GLYCOL|exact|1.0|42962|1|
TRIETHYLHEXANOIN|TRIETHYLHEXANOIN|exact|1.0|42968|1|
TRIHYDROXYSTEARIN|TRIHYDROXYSTEARIN|exact|1.0|43001|1|
TRIMETHYLPENTANEDIYL DIBENZOATE|TRIMETHYLPENTANEDIYL DIBENZOATE|exact|1.0|43039|1|
TRIMETHYLSILOXYSILICATE|TRIMETHYLSILOXYSILICATE|exact|1.0|43042|1|
TRIPHENYL PHOSPHATE|TRIPHENYL PHOSPHATE|exact|1.0|43068|1|
TRIS (TETRAMETHYLHYDROXYPIPERI DINOL) CITRATE|TRIS (TETRAMETHYLHYDROXYPIPERI DINOL) CITRATE|unresolved|0.0|43076|1|
TRISODIUM EDTA|TRISODIUM EDTA|exact|1.0|43102|1|
TRISODIUM ETHYLENEDIAMINE DISUCCINATE|TRISODIUM ETHYLENEDIAMINE DISUCCINATE|exact|1.0|43114|1|
SODIUM BICARBONATE TRISODIUM PHOSPHATE|TRISODIUM PHOSPHATE|split|0.8|43122|2|
TRISODIUM PHOSPHATE|TRISODIUM PHOSPHATE|exact|1.0|43122|1|
TRITICUM VULGARE (WHEAT) GERM OIL|TRITICUM VULGARE GERM OIL|paren_stripped|0.9|43154|1|
TROPOLONE|TROPOLONE|exact|1.0|43191|1|
TURPENTINE|TURPENTINE|exact|1.0|43239|1|
UBIQUI - NONE|UBIQUINONE|cleaned|0.85|43296|1|retokenise
UBIQUINONE|UBIQUINONE|exact|1.0|43296|1|
ULTRAMARINES|ULTRAMARINES|exact|1.0|43386|1|
ULTRAMARINES (CI 77007)|ULTRAMARINES|paren_stripped|0.9|43386|1|
[MAY CONTAIN/PEUT CONTENIR/+/-:MICA, TITANIUM DIOXIDE (CI 77891), FD&C YELLOW NO. 5 ALUMINUM LAKE (CI 19140), ALUMINUM POWDER (CI 77000), MANGANESE VIOLET (CI 77742), D&C RED NO. 6 BARIUM LAKE (CI 15850), IRON OXIDES (CI 77491, CI 77492, CI 77499), D&C RED NO. 7 CALCIUM LAKE (CI 15850), FD&C BLUE NO. 1 ALUMINUM LAKE (CI 42090), FERRIC AMMONIUM FERROCYANIDE (CI 77510), D&C RED NO. 34 CALCIUM LAKE (CI 15880), ULTRAMARINES (CI 77007), D&C BLACK NO. 2 (CI 77266)]. CLEARLY QUICK TOP COAT #103 ETHYL ACETATE|ULTRAMARINES|paren_stripped|0.8|43386|9|square_bracket+colon
UREA|UREA|exact|1.0|43523|1|
URTICA DIOICA (NETTLE) EXTRACT|URTICA DIOICA EXTRACT|paren_stripped|0.9|43541|1|
URTICA DIOICA (NETTLE) EXTRACT*|URTICA DIOICA EXTRACT|paren_stripped|0.9|43541|1|
USNEA BARBATA (LICHEN) EXTRACT|USNEA BARBATA EXTRACT|paren_stripped|0.9|43617|1|
VACCINIUM MYRTILLUS FRUIT EXTRACT|VACCINIUM MYRTILLUS FRUIT EXTRACT|exact|1.0|43748|1|
VACCINIUM MYRTILLUS FRUIT WATER|VACCINIUM MYRTILLUS FRUIT WATER|exact|1.0|43751|1|
VANILLA PLANIFOLIA FRUIT EXTRACT|VANILLA PLANIFOLIA FRUIT EXTRACT|exact|1.0|43804|1|
VITIS VINIFERA (GRAPE) SEED OIL|VITIS VINIFERA SEED OIL|paren_stripped|0.9|44257|1|
VITREOSCILLA FERMENT|VITREOSCILLA FERMENT|exact|1.0|44270|1|
VP/EICOSENE COPOLYMER|VP/EICOSENE COPOLYMER|exact|1.0|44340|1|
ETHYLHEXYL SALICYLATE VP/HEXADECENE COPOLYMER|VP/HEXADECENE COPOLYMER|split|0.8|44348|2|
VP/HEXADECENE COPOLYMER|VP/HEXADECENE COPOLYMER|exact|1.0|44348|1|
ENTS: WATER|WATER|cleaned|0.85|44449|2|colon
NGREDIENTS: WATER|WATER|cleaned|0.85|44449|2|colon
WATER|WATER|exact|1.0|44449|1|
WATER (AQUA)|WATER|paren_stripped|0.9|44449|1|
WATER*|WATER|cleaned|0.95|44449|1|
WWW.NIVEAUSA.COM QUESTIONS? COMMENTS?1-800-227-4703 INGREDIENTS: WATER|WATER|cleaned|0.85|44449|2|colon
WATERFAQUA)|WATERFAQUA)|unresolved|0.0|44497|1|
WHEY PROTEIN|WHEY PROTEIN|exact|1.0|44590|1|
WHEY PROTEIN*|WHEY PROTEIN|cleaned|0.95|44590|1|
GERANIOL. WWW|WWW|unresolved_residual|0.0|44746|2|period
WWW|WWW|unresolved|0.0|44746|1|
WWW.NIVEAUSA.COM QUESTIONS? COMMENTS?1-800-227-4703 INGREDIENTS: WATER|WWW.NIVEAUSA.COM QUESTIONS COMMENTS 1-800-227-4703 INGREDIENTS|unresolved_residual|0.0|44782|1|colon
XANTHAM GUM|XANTHAM GUM|unresolved|0.0|44815|1|
XANTHAN GUM|XANTHAN GUM|exact|1.0|44833|1|
XANTHAN GUM PARFUM|XANTHAN GUM|split|0.8|44833|1|
XYLITOL|XYLITOL|exact|1.0|44905|1|
XYLITYLGLUCOSIDE|XYLITYLGLUCOSIDE|exact|1.0|44914|1|
YEAST AMINO ACIDS|YEAST AMINO ACIDS|exact|1.0|44966|1|
YELLOW 5 (CI 19140)|YELLOW 5 (CI 19140)|unresolved|0.0|44983|1|
YELLOW 5 LAKE (CI 19140)|YELLOW 5 LAKE (CI 19140)|unresolved|0.0|45003|1|
YELLOW 6 (CI 15985)|YELLOW 6 (CI 15985)|unresolved|0.0|45022|1|
ZEA MAYS (CORN) STARCH|ZEA MAYS STARCH|paren_stripped|0.9|45154|1|
ZEA MAYS STARCH|ZEA MAYS STARCH|exact|1.0|45154|1|
ZINC CARBONATE|ZINC CARBONATE|exact|1.0|45201|1|
ZINC CITRATE|ZINC CITRATE|exact|1.0|45210|1|
ZINC COCO-SULFATE|ZINC COCO-SULFATE|exact|1.0|45214|1|
ZINC GLUCONATE|ZINC GLUCONATE|exact|1.0|45218|1|
ZINC OXIDE|ZINC OXIDE|exact|1.0|45231|1|
ZINC PYRITHIONE|ZINC PYRITHIONE|exact|1.0|45247|1|
ZINC STEARATE|ZINC STEARATE|exact|1.0|45253|1|
ZINC SULFATE|ZINC SULFATE|exact|1.0|45255|1|
ZINGIBER OFFICINALE ROOT EXTRACT / GINGER ROOT EXTRACT|ZINGIBER OFFICINALE ROOT EXTRACT / GINGER ROOT EXTRACT|unresolved|0.0|45281|1|
