product_id|brand_id|barcode_ean|name|obf_categories_tags|raw_ingredient_text|created_at
70452|927|3014284027445|Fixation extra forte|fr:cremes-adhesives-pour-protheses-dentaires|Calcium/Zinc PVM/MA Copolymer, Paraffinum liquidum,  Petrolatum, Cellulose Gum, Silica.|2026-07-02 14:02:17
70534|989|3140100336979|Shampooing expert anti pelliculaire Citrus|en:hair;en:shampoos;en:anti-dandruff-shampoos|AQUA/WATER/EAU, SODIUM LAURETH SULFATE, SODIUM CHLORIDE, COCAMIDOPROPYL BETAINE, LAURETH-2, PEG-40 HYDROGENATED CASTOR OIL, PARFUM (FRAGRANCE), ZINC PYRITHIONE, ACRYLATES COPOLYMER, GUAR HYDROXYPROPYLTRIMONIUM CHLORIDE, DMDM HYDANTOIN, QUATERNIUM-80, PROPYLENE GLYCOL, CITRUS LIMON (LEMON) PEEL OIL, LIMONENE, SODIUM POLYNAPHTHALENESULFONATE, PANTHENOL, CITRUS AURANTIFOLIA (LIME) SEED OIL, CITRAL, PANTOLACTONE, YELLOW 5 (CI 19140), GREEN 5 (CI 61570), LINALOOL, CITRIC ACID, TRIETHANOLAMINE, (F01)|2026-07-02 14:02:17
70600|1043|3178041308939|Kératine Color 4.6 Châtain Chocolat|en:hair;en:hair-dyes|"Crème Colorante : Aqua, Propylene Glycol, Cetyl Alcohol, Ammonium Hydroxide, Toluene-2,5-Diamine Sulfate, Paraffinum Liquidum, Stearyl Alcohol, Ethanolamine, Ceteareth-30, Resorcinol, Hydrolyzed Collagen, Serine, Hydrolyzed Keratin, Acrylamidopropyltrimonium Chloride/Acrylates Copolymer, Steareth-100, Glyceryl Stearate, Parfum, Sodium Sulfite, Silica, 2-Amino-3-Hydroxypyridine, Tetrasodium EDTA, 2-Methylresorcinol, Linalool, Ascorbic Acid, Citronellol, Hexyl Salicylate, Ammonium Sulfate.

Emulsion Révélatrice : Aqua, Hydrogen Peroxide, Cetearyl Alcohol, Paraffinum Liquidum, Ceteareth-20, Propylene Glycol, Etidronic Acid, 2,6-Dicarboxypyridine, Disodium Pyrophosphate, Potassium Hydroxide, Sodium Benzoate.

Sérum Soin : Aqua, Hydroxyethylcellulose, PPG-1-PEG-9 Lauryl Glycol Ether, Pyridoxine Hci, Sodium Benzoate, Sodium Salicylate, Parfum, Hydrolyzed Keratin, Acrylamidopropyltrimonium Chloride/Acrylates Copolymer, Potassium Hydroxide, Hexyl Cinnamal.

Masque Soin : Aqua, Cetearyl Alcohol, Quaternium-87, Hydrolyzed Keratin, Panthenol, Propylene Glycol, Isopropyl Myristate, Distearoylethyl Hydroxy Ethylmonium Methosulfate, Citric Acid, Phenoxyethanol, Stearamidopropyl Dimethylamine, Polyquaternium-37, Ceteareth-20, Glyceryl Stearate, Sodium Methylparaben, Dicaprylyl Carbonate, Parfum, Lauryl Glucoside, Limonene."|2026-07-02 14:02:18
70668|1139|3245678622766|Mousse à raser||Aqua, glycerin, triethanolamine, stearic acid, palmitic acid, butane, laureth-23, propane, propylene glycol, sodium laureth sulfate, phenoxyethanol, polyquaternium-7, sodium benzoate, parfum, limonene.|2026-07-02 14:02:18
70749|854|3256224359203|Eau micellaire visage & yeux à l'extrait de myrtille|en:face;en:cleansers;en:cleansing-waters;en:eye-makeup-remover;en:micellar-water|Aqua, Caprylyl/Capryl Glucoside, Benzyl Alcohol, Polysorbate 20, Parfum, Vaccinium Myrtillus Fruit Water, Lactic Acid, Potassium Sorbate, Citric Acid, Sodium Benzoate|2026-07-02 14:02:18
70838|1313|3282770038965|Shampooing nutri-réparation au dattier du désert|en:hair;en:shampoos;en:shampoo-for-dry-hair|WATER (AQUA), SODIUM LAURETH SULFATE, PEG-7 GLYCERYL COCOATE, OLIVE OIL GLYCERETH-8 ESTERS, SODIUM LAUROYl METHYL ISETHIONATE, LAURYL BETAINE, GLYCOL DISTEARATE, DECYL GLUCOSIDE, BALANITES AEGYPTIACA SEED EXTRACT, BENZOIC ACID, CARAMEL, CITRIC ACID, COCAMIDE MEA, DISODIUM EDTA, FRAGRANCE (PARFUM), HYDROLYZED WHEAT PROTEIN, LAURETH-10, LAURIC ACID, LIMONENE, MALTODEXTRIN, POLYQUATERNIUM-10, SODIUM BENZOATE, SODIUM CHLORIDE, SODIUM METHYL ISETHIONATE, TOCOPHEROL, YELLOW 6 (CI 15985)|2026-07-02 14:02:19
70907|1379|3284410031015|Savon crème feuilles de verveine - karité|en:hygiene;en:soaps;en:dermatological-soaps|SODIUM PALMATE, SODIUM PALM KERNELATE, AQUA/WATER, GLYCERIN, BUTYROSPERMUM PARKII (SHEA) BUTTER, LIPPIA CITRIODORA LEAF EXTRACT, SODIUM CHLORIDE, SODIUM GLUCONATE, PARFUM/FRAGRANCE, SODIUM BENZOATE, LIMONENE, CITRAL, LINALOOL, GERANIOL, CITRONELLOL, CI 77891/TITANIUM DIOXIDE.|2026-07-02 14:02:19
70955|95|3337871330163|Aqua Thermal - Baume Éveil Regard||Aqua (Water), Glycerin, Dimethicone, Propanediol, Dimethicone/Peg-10/15 Crosspolymer, CI 42090 / Blue 1, Caffeine, Sodium Chloride, Sodium Citrate, Sodium Hyaluronate, Sodium Hydroxide, Phenoxyethanol, p-Anisic Acid, Chondrus Crispus (Carrageenan), Dissodium EDTA, Citric Acid, Biosaccharide Gum-1, Polymethylsilsesquioxane,|2026-07-02 14:02:19
70963|21|3337872413407|Anthelios Dermo-Pediatrics SPF 50+ Spray Multi-Positions||"Aqua / Water, C12-15 Alkyl Benzoate, Glycerin, Propylene Glycol
Ethylhexyl Salicylate, Alcohol Denat., Styrene/Acrylates Copolymer, Bis-Ethylhexyloxyphenol Methoxyphenyl Triazine, Drometrizole Trisiloxane, Butyl Methoxydibenzoylmethane, Ethylhexyl Triazone, Polyester-5, Acrylates Copolymer, Caprylyl Glycol, Disodium EDTA, Ethylenediamine/Stearyl Dimer Dilinoleate Copolymer, Isopropyl Lauroyl Sarcosinate, Peg-8 Laurate, Terephthalylidene Dicamphor Sulfonic Acid, Tocopherol, Triethanolamine (F.I.L B49533/1)"|2026-07-02 14:02:19
70979|95|3337875508933|Masque Argile Purifiant Pores||AQUA, KAOLIN, ARGILLA, PROPANEDIOL, GLYCERIN, CAPRYLIC / CAPRIC TRIGLYCERIDE, CI 77891, CETEARYL ALCOHOL, ZEA MAYS STARCH, CI 77499, CI 77492, CI 77491, ALLANTOIN, CETEARETH-20, ALOE BARBADENSIS LEAF JUICE POWDER, LECITHIN, PHENOXYETHANOL,TOCOPHEROL, CAPRYLYL GLYCOL, XANTHAN GUM, PARFUM, CODE F.I.L. : C182660/1|2026-07-02 14:02:19
71101|1576|3401360203969|Lait Solaire Enfant FPS 50||Aqua, Octocrylene, C12-15 Alkyl Benzoate, Butyl Methoxydibenzoylmethane, Ethylhexyl Salicylate, Methylpropanediol, Dibutyl Adipate, Phenylbenzimidazole Sulfonic Acid, Distarch Phosphate, Potassium Cetyl Phosphate, Panthenol, Vp/Eicosene Copolymer, Bis-Ethylhexyloxyphenol Methoxyphenyl Triazine, Diethylamino Hydroxybenzoyl Hexyl Benzoate, Ethylhexyl Triazone, Stearyl Dimethicone, Diethylhexyl Siringylidenemalonate, Caprylyl Glycol, Sodium Hydroxide, Glyceryl Stearate, Peg-100 Stearate, Octadecene, Sorbitan Stearate, Argilla, Xanthan Gum, Phenylpropanol, Tocopherol|2026-07-02 14:02:20
71127|1602|3401540793754|Aloe dermo gel||Aloe Barbadensis leaf juice, Xantham gum, Citric acid, Sodium benzoate, Potassium sorbate|2026-07-02 14:02:20
71157|119|3450601021879|Douche Soin Nourissant|en:hygiene;en:showers-and-baths;en:shower-gels|Aqua, sodium laureth sulfate, glycerin, coco-glucoside, sodium chloride, disodium cocoamphodiacetate, argania spinosa extract, parfum, sodium benzoate, citric acid, sodium lauryl sulfate, glycol distearate, glyceryl oleate.|2026-07-02 14:02:20
71162|121|3450601026614|Savon Doux aux extraits de Menthe Bio et Basilic Bio (Lot de 2)|en:hygiene;en:soaps|SODIUM PALMATE, SODIUM PALM KERNELATE, AQUA, PARFUM, PALM KERNEL ACID, MENTHA PIPERITA LEAF EXTRACT, OCIMUM BASILICUM LEAF EXTRACT, GLYCERIN, SODIUM CHLORIDE, TETRASODIUM ETIDRONATE, TETRASODIUM GLUTAMATE DIACETATE|2026-07-02 14:02:20
71201|867|3474636265558|Moisture Me Rich Total Results Shampoo|en:hair;en:shampoos|Aqua / Water, Cetearyl Alcohol, Behentrimonium Chloride, Stearyl Alcohol, Cetyl Esters, Methylparaben, Glycerin, Prunus Armeniaca Kernel Oil / Apricot Kernel Oil, Citrus Grandis / Grapefruit Fruit Water, Linalool, Benzyl Salicylate, Limonene, Chlorhexidine Dihydrochloride, Butylphenyl Methylpropional, Hexyl Cinnamal, Citric Acid, Citronellol, Benzyl Alcohol, Alpha-Isomethyl Ionone, Parfum / Fragrance.|2026-07-02 14:02:20
71240|125|3504105028282|Mustela Hydra Bébé Crème Visage||AQUA/WATER/EAU, HELIANTHUS ANNUUS (SUNFLOWER) SEED OIL, OLUS OIL/VEGETABLE OIL/HUILE VEGETALE, GLYCERIN, C10-18 TRIGLYCERIDES, CETYL ALCOHOL, POLYGLYCERYL-6 DISTEARATE, 1,2-HEXANEDIOL, CERA ALBA/BEESWAX/CIRE D’ABEILLE, HYDROXYETHYL ACRYLATE/SODIUM ACRYLOYLDIMETHYL TAURATE COPOLYMER, PARFUM (FRAGRANCE), JOJOBA ESTERS, CAPRYLYL GLYCOL, SODIUM STEAROYL GLUTAMATE, POLYGLYCERYL-3 BEESWAX, TOCOPHERYL ACETATE, CITRIC ACID, POLYSORBATE 60, SORBITAN ISOSTEARATE, PERSEA GRATISSIMA (AVOCADO) FRUIT EXTRACT,|2026-07-02 14:02:21
71312|1785|3517360011456|Crème De Douche Lait D'ânesse Camomille Sans Sulfates||Aqua Vater), Cocamidopropyl Betaine, Lauryl Glucoside, Sodium chloride, Heliantus Annuus (Sunflower) Seed Oil*, Sorbitan Caprylate, Donkey Milk, Benzyl alcohol, Xanthan Gum, Sodium Cocoyl Glutamate, Chondrus Crispus, anthemis Nobilis Flower Water*, Lactic Acid, Parfum (Fragrance), butyrospermum Parkii (Shea) Butter*, Cl 77891 (Titanium Dioxide), Limonene, Aloe Barbadensis Leaf Juice Powder*, Linalool, Citronellol, Sodium Levulinate, Sodium Benzoate, Glycerin.|2026-07-02 14:02:21
71364|126|3549620008319|Shampooing soin aux huiles d'Olive Karité Argan|en:hair;en:shampoos;fr:shampooings-aux-extraits-naturels;en:shampoo-for-dry-hair|AQUA (WATER) ; SODIUM LAURETH SULFATE ; COCAMIDOPROPYL BETAINE ; SODIUM CHLORIDE ; DISODIUM LAURETH SULFOSUCCINATE ; PHENYL TRIMETHICONE ; POLYQUATERNIUM-10 ; ARGAN OIL POLYGLYCERYL-6 ESTERS ; BUTYROSPERMUM PARKII (SHEA) BUTTER EXTRACT ; OLIVE OIL POLYGLYCERYL-8 ESTERS ; GLYCERIN ; SILICONE QUATERNIUM-17 ; GLYCOL DISTEARATE ; PEG-40 HYDROGENATED CASTOR OIL ; PEG-200 HYDROGENATED GLYCERYL PALMATE ; PEG-7 GLYCERYL COCOATE ; LAURETH-4 ; LAURETH-23 ; ISOPROPYL ALCOHOL ; STYRENE/ACRYLATES COPOLYMER ; PARFUM (FRAGRANCE) ; SODIUM BENZOATE ; FORMIC ACID ; METHYLCHLOROISOTHIAZOLINONE ; METHYLISOTHIAZOLINONE ; CITRIC ACID ; SODIUM BICARBONATE ; ACETIC ACID ; SODIUM ACETATE ; SODIUM HYDROXIDE ; LINALOOL ; LIMONENE ; HEXYL CINNAMAL ; BENZYL SALICYLATE ; COUMARIN ; CITRONELLOL|2026-07-02 14:02:21
71375|1300|3560070272426|Stick déo Musk|en:hygiene;en:deodorants;fr:deodorants-sticks|Aqua, dipropylene glycol, sodium stearate, ceteareth-30, parfum, triclosan, hydroxyethylcellulose, propylene glycol, aloe barbadensis leaf extract, alpha-isomethyl ionone, coumarin, limonene, CI 15985.|2026-07-02 14:02:21
71384|1859|3560070624263|Gel douche revigorant à l'abricot et à l'orange|en:hygiene;en:showers-and-baths;en:shower-gels|AQUA, SODIUM LAURETH SULFATE, GLYCERIN, ACRYLATES COPOLYMER, DECYL GLUCOSIDE, PARFUM, COCAMIDOPROPYL BETAINE, SODIUM CHLORIDE, TRIETHANOLAMINE, PROPYLENE GLYCOL, PRUNUS ARMENIACA SEED POWDER, STYRENE/ACRYLATES COPOLYMER, PASSIFLORA INCARNATA FLOWER EXTRACT, CITRUS AURANTIUM DULCIS FRUIT EXTRACT, METHYLCHLOROISOTHIAZOLINONE, METHYLISOTHIAZOLINONE, CI 19140, CI 16255.|2026-07-02 14:02:21
71430|1905|3560070922208|Gel shampooing douche Agrumes|en:hair;en:hygiene;en:shampoos;en:showers-and-baths;en:2-in-1-shampoos;en:shampoos-shower-gels;en:shower-gels|AQUA, SODIUM LAURETH SULFATE, COCAMIDOPROPYL BETAINE, SODIUM CHLORIDE, PEG-4 RAPESEEDAMIDE, PEG-7 GLYCERYL COCOATE, PARFUM, GLYCERIN, LIMONENE, POLYQUATERNIUM-10, CITRIC ACID, TRIETHYLENE GLYCOL, BENZYL ALCOHOL, ALCOHOL DENAT., CITRUS GRANDIS FRUIT EXTRACT, PROPYLENE GLYCOL, OCTADECYL DI-T-BUTYL-4-HYDROXYHYDROCINNAMATE, MAGNESIUM CHLORIDE, MAGNESIUM NITRATE, METHYLCHLOROISOTHIAZOLINONE, METHYLISOTHIAZOLINONE, CI 47005, CI 14700.|2026-07-02 14:02:21
71434|1906|3560070923021|Intense Force Lotion Capillaire fortifiante anti chute|en:hair;en:hair-care|AQUA, ALCOHOL DENAT., ISOHEXADECANE, PARFUM, CYCLOPENTASILOXANE, PROPYLENE GLYCOL, PANTHENOL, SODIUM CHLORIDE, ALLANTOIN, CAMPHOR, PANTHENYL ETHYL ETHER, CYSTINE BIS-PG-PROPYL SILANETRIOL, ALCOHOL, SODIUM HYDROXIDE, LACTIC ACID, PHENOXYETHANOL, ETHYLHEXYLGLYCERIN, SODIUM CITRATE, SODIUM BICARBONATE, HELIANTHUS ANNUUS SEED OIL, LIMONENE, CITRAL, HEXYL CINNAMAL, CI 19140, CI 42090, CI 75810.|2026-07-02 14:02:21
71457|1932|3562631009090|Gel mains antiseptique|en:hygiene;en:hydro-alcoholic-gels|Alcohol denat., aqua, phenoxyethanol, carbomer, triethanolamine.|2026-07-02 14:02:22
71538|134|3574661188751|Pin maritime et Eucalyptus|en:hair;en:hygiene;en:shampoos;en:showers-and-baths;en:2-in-1-shampoos;en:shampoos-shower-gels;en:shower-gels|Aqua, Ammonium Lauryl Sulfate, Glycerin, Cocamidopropyl Betaine, Eucalyptus Globulus Leaf Extract, Pinus Pinaster Bark Extract, Polyquaternium-7, Hydroxypropyl Guar Hydroxypropyltrimonium Chloride, Propylene Glycol, Sodium Chloride, Citric Acid, Sodium Benzoate, Parfum, Limonene, Linalool, Hexyl Cinnamal, Benzyl Salicylate, CI 42090, CI 47005.|2026-07-02 14:02:22
71655|2123|3600522346173|Sublime Sun Lait protecteur anti-dessèchement FPS 30|en:suncare;en:in-sun-protections|737201 6 - INGREDIENTS : AQUA / WATER, GLYCERIN, PROPYLENE GLYCOL, OCTOCRYLENE, DIISOPROPYL SEBACATE, ISOHEXADECANE, CYCLOHEXASILOXANE, ALCOHOL DENAT., BUTYL METHOXYDIBENZOYLMETHANE, TITANIUM DIOXIDE [NANO] / TITANIUM DIOXIDE, ALUMINUM STARCH OCTENYLSUCCINATE, STEARIC ACID, POTASSIUM CETYL PHOSPHATE, SYNTHETIC WAX, ETHYLHEXYL TRIAZONE, TRIETHANOLAMINE, PHENOXYETHANOL, PALMITIC ACID, PEG-100 STEARATE, GLYCERYL STEARATE, DIMETHICONE, CAPRYLYL GLYCOL, TEREPHTHALYLIDENE DICAMPHOR SULFONIC ACID, ALUMINUM HYDROXIDE, ACRYLATES/C10-30 ALKYL ACRYLATE CROSSPOLYMER, GLYCINE SOJA OIL / SOYBEAN OIL, TOCOPHEROL, XANTHAN GUM, DISODIUM EDTA, CI 15985 / YELLOW 6, CI 16035 / RED 40, PARFUM / FRAGRANCE. (F.I.L B38252/3).|2026-07-02 14:02:22
71718|2193|3600540009012|UltraLift Nuit Soin anti-rides raffermissant|en:face;en:facial-creams;en:anti-aging-face-care-products;en:anti-wrinkles-creams;en:night-creams|695126 41 INGREDIENTS : AQUA / WATER, HYDROGENATED POLYISOBUTENE, DIMETHICONE, GLYCERIN, ALUMINUM STARCH OCTENYLSUCCINATE, CETYL ALCOHOL, PEG-40 STEARATE, GLYCERYL STEARATE, BUTYROSPERMUM PARKII BUTTER / SHEA BUTTER, PARAFFINUM LIQUIDUM / MINERAL OIL, BENZYL ALCOHOL, C13-14 ISOPARAFFIN, CAPRYLOYL SALICYLIC ACID, CAPRYLYL GLYCOL, CERA MICROCRISTALLINA / MICROCRYSTALLINE WAX, CITRAL, DISODIUM EDTA, GLYCINE SOJA OIL / SOYBEAN OIL, HYDROLYZED RICE PROTEIN, LAURETH-7, LINALOOL, PARAFFIN, PHENOXYETHANOL, POLYACRYLAMIDE, RETINYL LINOLEATE, SORBITAN TRISTEARATE, TOCOPHEROL, ZINGIBER OFFICINALE ROOT EXTRACT / GINGER ROOT EXTRACT, PARFUM / FRAGRANCE. (F.I.L B48924/1).|2026-07-02 14:02:23
72054|2529|3760138837295|Bicarbonate de soude cosmétique 500g|fr:bicarbonate-de-soude|Sodium bicarbonate|2026-07-02 14:02:24
72139|864|4005808368341|Fruity Shine Cherry|en:face;en:lip-balms;en:lip-cosmetics|Ricinus Communis Seed Oil, Polyisobutene, Octyldodecanol, Pentaerythrityl Tetraisostearate, Hydrogenated Polydecene, Candelilla Cera, Butyrospermum Parkii Butter, Cera Microcristallina, Isopropyl Palmitate, Synthetic Wax, Polyglyceryl-3 Diisostearate, Glycerin, Glyceryl Glucoside, Aqua, Prunus Cerasus Juice, Mica, Propylene Glycol, BHT, Limonene, Eugenol, Aroma, CI 15850, CI 77891, CI 77492, CI 77499.|2026-07-02 14:02:25
72277|2752|4021457613809|Zahncreme Classic|en:hygiene;en:toothpastes|Aqua, Sorbitol, Silica, Xylitol, Calcium Carbonate, Maris Sal, CI 77891, Xanthan Gum, Glycerin, Disodium Cocoyl Glutamate, Sodium Cocoyl Glutamate, Myrtus Communis Leaf Extract, Echinacea Purpurea Extract, Propolis Cera, Alcohol, Aroma, Limonene, Linalool, Eugenol.|2026-07-02 14:02:25
72295|81|4084500015722|Shampooing antipelliculaire + après-shampooing 2 in 1 anti-chute|en:hair;en:shampoos;en:2-in-1-shampoos;en:anti-dandruff-shampoos|Aqua, Sodium Laureth Sulfate, Sodium Lauryl Sulfate, Cocamide MEA, Zinc Carbonate, Glycol Distearate, Dimethicone, Zinc Pyrithione, Sodium Xylenesulfonate, Cetyl Alcohol, Parfum, Guar Hydroxypropyltrimonium Chloride, Sodium Chloride, Hydrochloric Acid, Glycerin, Magnesium Sulfate, Sodium Benzoate, Menthol, Magnesium Carbonate Hydroxide, Ammonium Laureth Sulfate, Limonene, Butylphenyl Methylpropional, Linalool, Benzyl Salicylate, Benzyl Alcohol, Magnesium Nitrate, Sodium Hydroxide, Tocopheryl Acetate, Sodium Polynaphthalenesulfonate, Paraffinum Liquidum, Sodium Oxide, CI 19140, Methylchloroisothiazolinone, Magnesium Chloride, Citric Acid, Methylisothiazolinone, Tetrasodium EDTA, CI 42090, DMDM Hydantoin|2026-07-02 14:02:25
72300|81|4084500380622|Shampooing antipelliculaire Instant Dry Scalp Care|en:hair;en:shampoos;en:anti-dandruff-shampoos|Aqua, Sodium Laureth Sulfate, Sodium Lauryl Sulfate, Dimethicone, Cocamide MEA, Zinc Carbonate, Glycol DIstearate, Zinc Pyrithione, Sodium Xylenesulfonate, Cetyl Alcohol, Parfum, Guar Hydroxypropyltrimonium Chloride, Sodium Chloride, Hydrochloric Acid, Glycerin, Magnesium Sulfate, Sodium Benzoate, Magnesium Carbonate Hydroxide, Linalool, Benzyl Alcohol, Hexyl Cinnamal, Benzyl Salicylate, Magnesium Nitrate, Sodium Hydroxide, Prunus Amygdalus Dulcis Oil, Sodium Polynaphthalenesulfonate, Paraffinum Liquidum, Methylchloroisothiazolinone, Magnesium Chloride, Methylisothiazolinone|2026-07-02 14:02:26
72316|2791|40883694|Axe SG||Aqua, Sodium Laureth Sulfate, Acrylates Copolymer, Glycerin, Parfum, Sodium Chloride, Cocamide MEA, Magnesium Oxide, Isopropyl Palmitate, Isopropyl Myristate, Citric Acid, Sodium Hydroxide, DMDM Hydantoin, Disodium EDTA, Limonene, Linaiool, Cl 42090, Cl 47005.|2026-07-02 14:02:26
72331|41|42246657|powder touch||Cyclomethicone, StearyI Alcohol, Aluminium Zirconium Tetrachlorohydrex GLY, PPG-14 Butyl Ether, Talc, Hydrogenated Castor Oil, Parfum, Kaolin, Persea Gratissima Oil, Octyldodecanol, Glyceryl  Stearate SE, BHT, Limonene, Linalool, Alpha-Isomethyl Ionone, Geraniol, Benzyl Alcohol, Coumarin.|2026-07-02 14:02:26
72357|2832|4600697101705|Молочное|en:hygiene;en:soaps;ru:мыло-туалетное-твердое-марки-ординарное|"Sodium Palmate, Sodium Tallowate, Sodium Cocoate, Aqua, Glycerin, Parfum, Titanium
Dioxide,Triethanolamine, PEG-400, Disodium EDTA, Citric Acid, Cellulose Gum, Benzoic Acid, Sodium Chloride."|2026-07-02 14:02:26
72389|2864|5000438001353|Crème réparatrice pieds très secs|en:body;en:body-creams;fr:cremes-pour-les-pieds|Aqua, Glycerin, Urea, Ethylhexyl Palmitate, Isopropyl Myristate, Glyceryl Stearate, Cetearyl Alcohol, Petrolatum, Sucrose Distearate, Stearic Acid, Sodium PCA, Diglycerin, Propylene Glycol, Phenoxyethanol, Sucrose Stearate, Cyclomethicone, Polysorbate 60, Hydrolyzed Wheat Protein, Sorbitol, Lysine, PCA, Allantoin, Lactic Acid, Xanthan Gum, Methylparaben, Parfum, Disodium EDTA, Ethylparaben, Butylparaben, Propylparaben, Hydroxyisohexyl 3-Cyclohexene Carboxaldehyde, Benzyl Salicylate, Hydroxycitronellal, Alpha-Isomethyl Ionone, Linalool, Hexyl Cinnamal, CItronellol, Geraniol|2026-07-02 14:02:26
72419|2888|5028197578770|The body shop crème exfoliante corps pêche de vigne|en:body;en:body-scrubs|Aqua/Water/Eau, Glycerin, Butylene Glycol, Glycine Soja Oil/Glycine Soja (Soybean) Oil, Silica [NANO]/Silica, Cetearyl Alcohol, Prunus Amygdalus Dulcis Oil/Prunus Amygdalus Dulcis (Sweet Almond) Oil, Prunus Persica Kernel Oil/Prunus Persica (Peach) Kernel Oil, Orbignya Oleifera Seed Oil, Sorbitan Stearate, Parfum/Fragrance, Glyceryl Stearate, PEG-100 Stearate, Caprylyl Glycol, Phenoxyethanol, Prunus Persica Seed Powder/Prunus Persica (Peach) Seed Powder, Sclerocarya Birrea Seed Oil, Carbomer, Cocos Nucifera Shell Powder/Cocos Nucifera (Coconut) Shell Powder, Linalool, Sodium Hydroxide, Acrylates/C10-30 Alkyl Acrylate Crosspolymer, Tocopherol, Disodium EDTA, Limonene, Prunus Persica Extract/Prunus Persica (Peach) Extract, Denatonium Benzoate, Citric Acid, CI 14700/Red 4, CI 15985/Yellow 6|2026-07-02 14:02:26
72490|2965|5410306881817|Vanilla|en:hygiene;en:showers-and-baths;en:shower-gels|AQUA, SODIUM LAURETH SULFATE, SODIUM CHLORIDE, COCAMIDOPROPYL BETAINE, LAURETH-4, COCAMIDE MIPA, PARFUM, GLYCOL STEARATE, HEXYL CINNAMAL, CITRIC ACID, 2-BROMO-2-NITROPROPANE-1,3-DIOL, TETRASODIUM EDTA, LINALOOL, POTASSIUM SORBATE, SODIUM HYDROXIDE, CI 19140, CI 15985.|2026-07-02 14:02:26
72584|3059|8008970043777|Charlotte Douche Fraise & Myrtille|en:hygiene;en:showers-and-baths;en:shower-gels|AQUA, SODIUM LAURETH SULFATE, COCAMIDOPROPYL BETAINE, PARFUM, VACCINIUM MYRTILLUS FRUIT EXTRACT, FRAGARIA VESCA FRUIT EXTRACT, RUBUS IDAEUS FRUIT EXTRACT, SORBITOL, POLYQUATERNIUM-7, STYRENE/ACRYLATES COPOLYMER, PROPYLENE GLYCOL, SODIUM CHLORIDE, PEG-40 HYDROGENATED CASTOR OIL, CITRIC ACID, LACTIC ACID, DISODIUM EDTA, SODIUM LACTATE, DMDM HYDANTOIN, METHYLCHLOROISOTHIAZOLINONE, METHYLISOTHIAZOLINONE, CITRONELLOL, CI 14720, CI 420|2026-07-02 14:02:27
72598|3072|8411126020766|Formule ZP 11 Cheveux Gras|en:hair;en:shampoos;en:anti-dandruff-shampoos;en:shampoos-for-oily-hair|Aqua (Water/Eau), Sodium Laureth Sulfate, Cocamidopropyl Betaine, Acrylates Copolymer, Sodium Chloride, Phenoxyethanol, Zinc Pyrithione, Rosmarinus Officinalis (Rosemary) Leaf Extract, Propylene Glycol, PEG/PPG-120/10 Trimethylolpropane Trioleate, PEG-12 Dimethicone, Laureth-2, Alcohol Denat., Parfum (Fragrance), Hexyl Cinnamal, Linalool, Methylparaben, Diazolidinyl Urea, Ethylparaben, Sodium Hydroxide.|2026-07-02 14:02:27
72647|919|8710908734250|Signal White Now - Protection CC Fresh|en:hygiene;en:toothpastes;en:whitening-toothpastes|Aqua, Hydrogenated Starch Hydrolysate, Hydrated Silica, PEG-32, Zinc Citrate, Sodium Lauryl Sulfate, Aroma, Cellulose Gum, Sodium Fluoride (1450 ppm F⁻), Sodium Saccharin, PVM/MA Copolymer, Trisodium Phosphate, Sodium Hydroxide, Glycerin, Sodium Laureth Sulfate, Lecithin, Benzyl Alcohol, Limonene, CI 74160, CI 77891.|2026-07-02 14:02:27
72685|2791|8712561018050|Sport Blast Re-Energising 2-in-1 Body & Hair Shower Gel|en:hair;en:hygiene;en:shampoos;en:showers-and-baths;en:2-in-1-shampoos;en:shampoos-shower-gels;en:shower-gels|Aqua, Sodium Laureth Sulfate, Acrylates Copolymer, Sodium Chloride, Glycerin, PPG-12, Guar Hydroxypropyltrimonium Chloride, Dimethiconol, Parfum, Cocamide MEA, TEA-Sulfate, TEA-Dodecylbenzenesulfonate, Citric Acid, Sodium Hydroxide, DMDM Hydantoin, Disodium EDTA, Alpha-Isomethyl Ionone, Citronellol, Limonene, Linalool, CI 17200, CI 42090.|2026-07-02 14:02:27
72688|921|8712561141468|Après-shampooing Blond lumière|en:hair;en:hair-conditioners|Aqua, Cetyl Alcohol, Dimethiconol, Stearamidopropyl Dimethylamine, Selaginella Lepidophylla aerial extract, Chamomilla Recutita Flower Extract, Trehalose, Gluconolactone, Glycerin, Parfum, Sodium Chloride, TEA-Dodecylbenzenesulfonate, PEG-150 Distearate, Maltodextrin, Disodium Edta, Lactic Acid, DMDM Hydantoin, Methylchloroisothiazolinone, Methylisothiazolinone, Benzyl Alcohol, Benzyl Salicylate, Butylphenyl Methylpropional, Citronellol, Hexyl Cinnamal, Limonene, Linalool, CI 14700, CI 42051, CI 47005,|2026-07-02 14:02:27
72704|921|8712561688475|Vitalité Brillance Shampooing|en:hair;en:shampoos|Aqua, Sodium Laureth Sulfate, Sodium Chloride, Cocamidopropyl Betaine, Cocos Nucifera Oil, Collagen, Hydrolyzed Elastin, Hydrolyzed Keratin, Lycium Barbarum Fruit Extract, Citric Acid, Cocamide MEA, Disodium EDTA, Glycerin, Glycol Distearate, Isopropyl Alcohol, Polyquaternium-10, Parfum, PPG-12, Sodium Acetate, Sodium Hydroxide, DMDM Hydantoin, Methylchloroisothiazolinone, Methylisothiazolinone, Phenoxyethanol, Potassium Sorbate, Sodium Benzoate, Sorbic Acid, Butylphenyl Methylpropional, Hexyl Cinnamal, Limonene, Linalool|2026-07-02 14:02:27
72774|3190|8718951129184|Aroma Sensations Feel the Passion|en:hygiene;en:showers-and-baths;en:shower-gels|Aqua, Sodium C12-13 Pareth Sulfate (*A) / Sodium Laureth Sulfate (*B), Cocamidopropyl Betaine, Sodium Chloride, Parfum, Cocamide MEA, Sodium Salicylate, Sodium Benzoate, Citric Acid, Polyquaternium-7, Tetrasodium EDTA, Benzophenone-4, BHT, Citrus Aurantium Dulcis Oil, Cananga Odorata Flower Oil, Papaver Rhoeas Flower Extract, Alpha-Isomethyl Ionone, Benzyl Salicylate, Citronellol, Hexyl Cinamal, Hydroxyisohexyl 3-Cyclohexene Carboxaldehyde, Limonene, Linalool, CI 16255|2026-07-02 14:02:28
72969|3444|4008890001257|Murnauers Crystal Deodorant Stick Extra Strong|en:hygiene;en:deodorants;en:deodorants-sticks;en:Body deodorants;en:Cosmetics;en:Crystal deodorants;en:Mineral deodorants|Ammonium Alum|2026-07-02 14:02:29
72973|3448|3560071105686|Lingettes épaisses Sensitive (lot x2 paquets)|fr:hygiene-bebe|Aqua, sodium lauryl glucose carboxylate, lauryl glucoside, sodium chloride, gluconolactone, sodium benzoate, calcium gluconate, hexyldecanol, hexyldecyl laurate, potassium sorbate, xanthan gum, propylene glycol, chamomilla recutita (matricaria) flower extract, aloe barbadensis leaf extract, sodium sulfite.|2026-07-02 14:02:29
73003|2864|5038483383964|Scholl Fuß Pflege Bad|de:fuß-pflege|Ingredients: Sodium Chloride, Urea, Sodium Methyl Oleoyl Taurate, Mentha Piperita Herb OiL Abies Sibirica Needle Oil, Hippophae Rhamnoides Fruit Oil, Rosmarinus Officinalis Leaf Oil, Citrus Aurantium Dulcis Peel Oil, Eucalyptus Globulus Leaf Oil, Camphoc Famesol, Methyl Salicylate, Diethylamino Hydroxybenzoyl Hexyl Benzoate, Parfum Ethylhexyl Methoxycinnamate, Limonene, Linalool, C.I.16255|2026-07-02 14:02:29
73074|3503|4010355296306|Dusche & Ölperlen|en:hygiene;en:showers-and-baths;en:shower-gels|AQUA, SODIUM LAURETH SULFATE, COCAMIDOPROPYL BETAINE, GLYCERIN, ACRYLATES CROSSPOLYMER-4, SODIUM CHLORIDE, PEG-7 GLYCERYL COCOATE, CITRIC ACID, SODIUM BENZOATE, PARFUM, COCO-GLUCOSIDE, GLYCERYL OLEATE, COCAMIDE MEA, POTASSIUM SORBATE, SODIUM HYDROXIDE, DISODIUM EDTA, LACTOSE, MICROCRYSTALLINE CELLULOSE, BENZYL ALCOHOL, BUTETH-3, SODIUM BENZOTRIAZOLYL BUTYLPHENOL SULFONATE, HELIANTHUS ANNUUS SEED OIL, ALCOHOL, TRIS (TETRAMETHYLHYDROXYPIPERI DINOL) CITRATE, CI 15985, CI 11680, CI 17200, TRIBUTYL CITRATE, TOCOPHEROL, HYDROGENATED PALM GLYCERIDES CITRATE, LECITHIN, ASCORBYL PALMITATE.|2026-07-02 14:02:29
73177|3652|40623405|HiPP Babysanft Sonnenschutz|en:suncare;en:in-sun-protections;en:sunscreen|Aqua, Isoamyl p-Methoxycinnamate, Alcohol Denat, Glycerin, C12-15 Alkyl Benzoate, Ethylhexyl Salicylate, Butyl Methoxydibenzoylmethane, Diethylamino Hydroxybenzoyl Hexyl Benzoate, Polyurethane-34, Bis-Ethylhexyloxyphenol Methoxyphenyl Triazine, Phenylbenzimidazole Sulfonic Acid, Triacontanyl PVP, Prunus Amygdalus Dulcis Oil, Pentylene Glycol, Panthenol, Tocopheryl Acetate, Xanthan Gum, Bis-Ethylhexyl Hydroxydimethoxy Benzylmalonate, Sodium Acrylates/C10-30 Alkyl Acrylate Crosspolymer, Ethylhexylglycerin, Disodium EDTA, Hexyl Alcohol, Tocopherol|2026-07-02 14:02:30
73431|1122|3222476748645|Gel Douche Grenade & Fruit du Dragon|en:hygiene;en:showers-and-baths;en:shower-gels;fr:hygiene-corporelle|Aqua, sodium laureth sulfate, cocamidopropyl betaine, glycerin, peg-7 glyceryl cocoate, sodium chloride, parfum, propylène glycol, sodium benzoate, citric acid, potassium sorbate, soy acid, cocamide mipa, laureth-4, polyquaternium-10, capric acid, caprylic acid, tetrasodium edta, punica granatum fruit extract, hylocereus undatus fruit extract, tocopherol, sodium hydroxide, Cl 17200, Cl 16035|2026-07-02 14:02:31
73530|81|8001090047014|Classic Clean|en:hair;en:shampoos|Aqua, Sodium Laureth Sulfate, Sodium Lauryl Sulfate, Sodium Chloride, Sodium Xylenesulfonate, Cocamidopropyl Betaine, Glycol Distearate, Sodium Citrate, Parfum, Dimethiconol, Piroctone Olamine, Sodium Benzoate, Dimethicone, Citric Acid, Guar Hydroxypropyltrimonium Chloride, TEA-Dodecylbenzenesulfonate, Hexyl Cinnamal, Linalool, Tetrasodium EDTA, Sodium Hydroxide, Trideceth-10, Sodium Salicylate, Triethylene Glycol, Propylene Glycol, CI 42090, CI 17200|2026-07-02 14:02:31
73564|4039|4051089815166|Body Lotion|de:bodylotion|Aqua, Urea, Olea Europaea Fruit Oil, Glycerin, Cetearyl Alcohol, Glyceryl Stearate Citrate, Ethylhexyl Stearate, Glyceryl Stearate SE, Phenoxyethanol, Carbomer, Par - fum, Tocopheryl Acetate, Sodium Hydroxide, Ethylhexylglycerin|2026-07-02 14:02:31
73714|822|4010355857989|Fresh Deo Zerstäuber|en:hygiene;en:deodorants|ALCOHOL, AQUA, PARFUM, PANTHENOL, ETHYLHEXYLGLYCERIN, PHENOXYETHANOL, LACTIC ACID,  MENTHOL, CITRONELLOL, ALOE BARBADENSIS LEAF JUICE POWDER, LINALOOL|2026-07-02 14:02:32
73723|3446|4058172434082|Aloe Vera Gesichtscreme|en:face;en:facial-creams|AQUA, ALOE BARBADENSIS LEAF JUICE, GLYCERIN, CAPRYLIC/CAPRIC TRIGLYCERIDE, ETHYL HEXYL STEARATE, CETEARYL ALCOHOL, GLYCERYL STEARATE CITRATE, STEARIC ACID, PALMITIC ACID, ALLANTOIN, TOCOPHEROL, HELIANTHUS ANNUUS SEED OIL, XANTHAN GUM, SCLEROTIUM GUM, CAPRYLYL GLYCOL, TETRASODIUM GLUTAMATE DIACETATE, ETHYLHEXYLGLYCERIN, CITRIC ACID, SODIUM HYDROXIDE|2026-07-02 14:02:32
73909|4380|3564700864180|Eau de toilette nature sport||Alcohol denat. sd alcohol 39-c, aqua, parfum, ethylhexyl methoxycinnamate, citronellol, coumarin, ethylhexyl salicylate, butyl methoxydibenzoylmethane, citral, linalool, dipropylene glycol, geraniol, ci 60730, ci 42090.|2026-07-02 14:02:33
73993|4418|8431876282115|Booster antifatiga les cosmetiques nº2 booster plan|es:otro|Aqua, Pentylene Glycol, Propanediol, Glycerin, Niacinamide, Biosaccharide Gum-1, Butylene Glycol, Panthenol, PPG-26-Buteth-26, Acrylates/C10-30 Alkyl Acrylate Crosspolymer, Aminomethyl Propanol, PEG-40 Hydrogenated Castor Oil, Sodium Lactate, Lactic Acid, TEA-Lactate, Serine, Urea, Sorbitol, Disodium EDTA, Parfum, Allantoin, Zinc Gluconate, Magnesium Aspartate, Phenoxyethanol, Sodium Chloride, Carbomer, Polysorbate 20, Sodium Hyaluronate, Copper Gluconate, Sodium Benzoate, Linalool, Limonene, Palmitoyl Tripeptide-1, Palmitoyl Tetrapeptide-7|2026-07-02 14:02:33
74112|919|8710908570391|Signal Dentifrice Integral 8 Interdentaire 75ml Lot de 2|en:non-food-products;en:open-beauty-facts;en:toothpaste;fr:dentifrices|Aqua, Hydrogenated Starch Hydrolysate, Hydrated Silica, PEG-32, Zinc Citrate, Sodium Lauryl Sulfate, Aroma, Cellulose Gum, Sodium Fluoride, Sodium Saccharin, Glycerin, Limonene, CI 74160, CI 74260|2026-07-02 14:02:34
74137|2791|8710447329191|AXE Gel Douche Gold Lot 2x250ml||Aqua, Sodium Laureth Sulfate, Parfum, Caramel, Citric acid, Cocamide MEA, Disodium EDTA, Glycerin, Maltodextrin, PPG-12, Sodium benzoate, Sodium chloride, Citronellol, Limonene,Linalool.|2026-07-02 14:02:34
74166|919|8710522440919|Signal Dentifrice Bio Fraîcheur Naturelle 2x75ml|en:non-food-products;en:open-beauty-facts;en:toothpaste;fr:dentifrices|Aqua, HYDRATED SILICA, HYDROGENATED STARCH HYDROLYSATE, GLYCERIN**, XYLITOL, ZINC CITRATE, MENTHA PIPERITA OIL*, XANTHAN GUM, SODIUM LAURYL SULFATE, SODIUM FLUORIDE, ALOE BARBADENSIS LEAF EXTRACT*, MENTHA PIPERITA LEAF EXTRACT*, EUCALYPTUS GLOBULUS LEAF OIL*. *Ingrédients issus de l'Agriculture Biologique. ** Transformés à partir d'ingrédients biologiques.|2026-07-02 14:02:34
74293|4768|0679602158213|Gel mani detergente con antibatterico 71% alcool|it:gel-idroalcolici|ALCOHOL DENAT., AQUA (WATER), PHENOXYETHANOL, ACRYLATES/C10-30 ALKYL ACRYLATE CROSSPOLYMER, AMINOMETHYL PROPANOL, ETHYLHEXYLGLYCERIN, PEG-8 DIMETHICONE, THYMUS VULGARIS OIL|2026-07-02 14:02:35
74504|2882|5037156227499|Cosmetic Product 5037156227499||AQUA, SODIUM LAURETH SULFATE, SODIUM LAURYL SULFATE, GLYCOL DISTEARATE, LACTIC ACID, BETAINE, CETYL ALCOHOL, SODIUM CHLORIDE, PROPANEDIOL, PARFUM, DIMETHYL ISOSORBIDE, COCAMIDOPROPYL BETAINE, COCAMIDE MEA, SODIUM HYDROXIDE, BENZYL ALCOHOL, GUAR HYDROXYPROPYLTRIMONIUM CHLORIDE, DISODIUM EDTA, ISOPENTYLDIOL, GLYCINE, CITRUS AURANTIUM DULCIS PEEL OIL, CITRUS LIMON PEEL OIL, MALIC ACID, PPG-9, PANTHENOL, SUCCINIC ACID, ACID YELLOW 3, ACID ORANGE 7, ACID VIOLET 43, SODIUM BENZOATE, METHYLCHLOROISOTHIAZOLINONE, METHYLISOTHIAZOLINONE, LIMONENE.|2026-07-02 14:02:36
75111|919|8710522351840|Signal Dentifrice Junior Pokémon 7+ Ans Menthe Douce 3x75ml|en:non-food-products;en:open-beauty-facts;en:toothpaste|Aqua, Hydrogenated Starch Hydrolysate, Hydrated Silica, PEG-32, Sodium Lauryl Sulfate, Aroma, Cellulose Gum, Sodium Fluoride, Sodium Saccharin, Glycerin, Sodium Laureth Sulfate, Limonene, CI 74160.|2026-07-02 14:02:39
75142|919|8710522329795|Signal Dentifrice Système Blancheur Éclat Brillance 2x75ml|en:non-food-products;en:open-beauty-facts;en:toothpaste|Calcium carbonate, Aqua, Hydrogenated Starch Hydrolysate, Hydrated Silica, Sodium Lauryl Sulfate, Sodium Monofluorophosphate, Aroma, Cellulose Gum, Benzyl alcohol, Trisodium phosphate , Sodium Saccharin, Glycerin, CI 74160.|2026-07-02 14:02:39
75167|5642|5412748731187|instant teeth whitening|en:non-food-products;en:open-beauty-facts;en:toothpaste|Ingredients: Sorbitol, Aqua, Hydrated Silica, Disodium Pyrophosphate, Tetrapotassium Pyrophosphate, Sodium Lauryl Sulfate Sodium Folyphosphate, Aroma, Alumina, Cellulose Gum, Cyclodextrin, Mannitol, Charcdal Powder, Microcrystalline Cellulose, Sodium Fluoride, Sodium Saccharin, Phthalimidoperoxycaproic Acid, Hydroxypropyl Starch Phosphate, Zea Mays Starch, Hydrogenated Lecithin, Monosodium Citrate, Citric Acid, Cl 74160, CI 77891. Contains Sodium Fluoride (1450 ppm F)|2026-07-02 14:02:39
75180|919|8720181086304|Signal Bain de Bouche Antibactérien Integral 8 Nature Elements Fraîcheur Naturelle 500ml|en:hygiene;en:mouthwash|Aqua, Hydrogenated Starch Hydrolysate, PEG-40 Hydrogenated Castor Oil, Potassium Citrate, Glycine, Benzyl Alcohol, Phenoxyethanol, Sodium Lauryl Sulfate, Aroma, Zinc Sulfate, Sodium Saccharin, Sodium Fluoride, Propylene glycol, Lactic acid, Cocos Nucifera Fruit Extract, Limonene.|2026-07-02 14:02:39
75218|2791|8710847962301|AXE Gel Douche Homme 3en1 Yuzu & Matcha Vert 2x250ml|en:hygiene;en:showers-and-baths;en:shower-gels|Aqua, Sodium Laureth Sulfate, Cocamidopropyl Betaine, Sodium Chloride, Parfum, Sodium Benzoate, Citric Acid, PPG-6, Disodium EDTA.|2026-07-02 14:02:39
75244|4581|8720181141676|MONSAVON BIO Gel Douche certifié Bio Citron Touche de Verveine 300ml|en:hygiene;en:showers-and-baths;en:shower-gels|Aqua, Glycerin, Sodium Coco-Sulfate, Decyl Glucoside, Cocamidopropyl Betaine, Sodium Chloride, Citric Acid, Sodium Benzoate, Glyceryl Oleate, Coco-Glucoside, Parfum, Sodium Sulfate, Sodium Hydroxide, Aloe Barbadensis Leaf Juice Powder, Citral, Geraniol, Limonene, Linalool.|2026-07-02 14:02:39
75300|5775|8002410022988|Viso 50 alta|it:creme-solari|Aqua, Homosalate, Ethylhexyl Salicylate, Butyl Methoxydibenzoylmethane, Ethylhexyl Triazone, Bis-Ethylhexyloxyphenol Methoxyphenyl Triazine, Phenylbenzimidazole Sulfonic Acid, Dicaprylyl Ether, Glycerin, Arginine, Lauroyl Lysine, Cetearyl Alcohol, Polyacrylate Crosspolymer-6, Sodium Stearoyl Glutamate, Phenoxyethanol, Parfum, Xanthan Gum, Hydroxyacetophenone, Hydrolyzed Citrus Aurantium Dulcis Fruit Extract, Disodium EDTA|2026-07-02 14:02:39
75438|55|5601312601173|Cosmetic Product 5601312601173||INGREDIENTES: AQUA (WATER), ALUMINUM CHLOROHYDRATE, PPG-15 STEARYL ETHER, STEARETH-2, GLYCERIN, STEARETH-20, ETHYLHEXYLGLYCERIN ALOE BARBADENSIS LEAF JUICE, C12-15 ALKYL BENZOATE, BHT, TOCOPHEROL, CITRIC ACID, POTASSIUM SORBATE, SODIUM BENZOATE, PARFUM (FRAGRANCE), ALPHA-ISOMETHYL IONONE, BENZYL ALCOHOL, BUTYLPHENYL METHYLPROPIONAL, CITRONELLOL, GERANIOL, LIMONENE, LINALOOL. NÃO APLICAR SOBRE PELE IRRITADA OU FERIDA. CONDIÇÕES DE CONSERVAÇÃO: CONSERVAR NO RECIPIENTE ORIGINAL PROTEGIDO DA LUZ SOLAR DIRETA EM LOCAL FRESCOE SECO. MA3332449 PRODUTO CONTROLADO POR TESTES EM LABORATORIO SERVIÇO DE INFORMAÇÃO AO CONSUMIDOR Mapoiocliente@continente.pt DISTRIBUÍDO POR: MCH, S.A. RUA JOÃO MENDONÇA, 505 4464-503 SR DA HORA, PORTUGAL A ECOPONTO SONAE AMARELO|2026-07-02 14:02:40
75535|2865|8710908832420|Oil Care Nährpflege|de:haarspülung|Aqua, Cetearyl Alcohol, Dimethicone, Stearamidopropyl Dimethylamine, Behentrimonium Chloride, Parfum, Lactic Acid, Dipropylene Glycol, 1,2-Hexanediol, Benzyl Alcohol, Amodimethicone, Gluconolactone, Glycerin, Disodium EDTA, Sodium Chloride, Trehalose, Phenoxyethanol, Cetrimonium Chloride, PEG-7 Propylheptyl Ether, Paraffinum Liquidum, Prunus Amygdalus Dulcis Oil, Argania Spinosa Kernel Oil, Cocos Nucifera Oil, Sodium Sulfate, Alpha-Isomethyl lonone, Hexyl Cinnamal, Hydroxycitronellal, Linalool, Cl 17200, Cl 19140, Cl 42090.|2026-07-02 14:02:40
75587|11412|0767332601243|Resurgence Renewing Cleansing Cream||Water (Aqua), Sodium Cocoyl Isethionate, Glyceryl Stearate SE, Stearic Acid, Cetyl Alcohol, Glycerin, Prunus Armeniaca (Apricot) Kernel Oil, Urea, Yeast Amino Acids, Trehalose, Inositol, Taurine, Betaine, Echium Plantagineum Seed Oil, Borago Officinalis Seed Oil, Oenothera Biennis (Evening Primrose) Oil, Serenoa Serrulata Fruit Extract, Panthenol, Chondrus Crispus (Carrageenan) Extract, Chamomilla Recutita (Matricaria) Flower Extract , Sodium Hyaluronate, Imperata Cylindrica Root Extract, Sorbitol, Carica Papaya (Papaya) Fruit Extract, Citrus Medica Limonum (Lemon) Fruit Extract, Tocopherol, Ascorbyl Palmitate, Benzophenone-4, Butylene Glycol, Acrylates/C10-30 Alkyl Acrylate Crosspolymer, Carbomer, Xanthan Gum, Phenoxyethanol, Caprylyl Glycol, Chlorphenesin, Limonene, Linalool, Fragrance (Parfum).|2026-07-02 14:02:41
75658|11405|3614229376777|Nature In A Jar Gentle Detoxifying Cleanser With Agave||Aqua/Water/Eau, Stearic Acid, Glycerin, Myristic Acid, Potassium Hydroxide, Lauric Acid, Potassium Cocoyl Glycinate, 1,2-Hexanediol, Caprylyl Glycol, Cocamidopropyl Betaine, Glyceryl Stearate, Hydroxypropyl Methylcellulose Stearoxy Ether, Simmondsia Chinensis (Jojoba) Seed Oil, Sodium Pca, Sodium Chloride, Adansonia Digitata Seed Oil, Citrullus Lanatus (Watermelon) Seed Oil, Glyceryl Caprylate, Glyceryl Undecylenate, Propanediol, Aloe Barbadensis Leaf Juice, Adansonia Digitata Fruit Extract, Phospholipids, Xanthan Gum, Agave Americana Leaf Extract, Sodium Hyaluronate, Citric Acid, Sodium Benzoate, Potassium Sorbate.|2026-07-02 14:02:41
75672|2888|5028197197568|Vitamin E Gentle Facial Wash||Water, Octyl Palmitate, Isohexadecane, Sorbitol, Dimethicone, Glycine Soja (Soybean) Oil, Sorbitan Stearate, Triticum Vulgare (Wheat) Germ Oil, Benzyl Alcohol, Glyceryl Stearate, PEG-100 Stearate, Butyrospermum Parkii (Shea Butter), Cetearyl Alcohol, Tocopheryl Acetate, Methylparaben, Acrylates/C10-30 Alkyl Acrylate Crosspolymer, Fragrance, Propylparaben, Sodium Hydroxide, Disodium EDTA, Citronellol, Alpha-Isomethyl Ionone, Linalool, Geraniol, Limonene, Citral, Eugenol, Farnesol.|2026-07-02 14:02:41
75692|11431|0785364010321|Travel Size Enzyme Cleansing Gel||Aqua (Water,Eau), Glycerin, Propylene Glycol, PEG-8 Stearate, PPG-2 Hydroxyethyl Cocamide, Carica Papaya (Papaya) Fruit Extract, Citrus Grandis (Grapefruit) Fruit Extract, Carbomer, Sodium Chloride, Parfum (Fragrance), Phenoxyethanol, Methylparaben, Propylparaben, Triethanolamine, Diazolidinyl Urea, Mica, CI 77891 (Titanium Dioxide), CI 19140 (Yellow 5), CI 42090 (Blue 1), CI 15985 (Yellow 6).|2026-07-02 14:02:41
75731|11450|8801051695113|Cleansing Gel Oil Enriched||Cetyl Ethylhexanoate, Caprylic/Capric Triglyceride, PEG-20 Glyceryl Triisostearate, Triethylhexanoin, Dextrin Palmitate/Ethylhexanoate, Macadamia Ternifolia Seed Oil, Olea Europaea (Olive) Fruit Oil, Avena Sativa (Oat) Kernel Extract*, Calendula Officinalis Flower Extract*, Nepeta Cataria Extract*, Rubus Idaeus (Raspberry) Leaf Extract*, Baptisia Tinctoria Root Extract*, Stellaria Media (Chickweed) Extract*, Saponaria Officinalis Leaf Extract, Sapindus Mukurossi Fruit Extract, Benincasa Cerifera Seed Extract, Acorus Calamus Root Extract, Tocopheryl Acetate, Water, Fragrance, Citronellol, Limonene.|2026-07-02 14:02:41
75813|11643|8710847935961|Planet Marine Moisture Conditioner||WATER (AQUA), CETEARYL ALCOHOL*, BEHENTRIMONIUM CHLORIDE*, COCOS NUCIFERA (COCONUT) OIL*, EUCALYPTUS GLOBULUS LEAF OIL*, APHANIZOMENON FLOS-AQUAE EXTRACT*, LACTIC ACID*, DIPROPYLENE GLYCOL, FRAGRANCE (PARFUM), SODIUM BENZOATE, ACRYLATES/BEHENETH-25 METHACRYLATE COPOLYMER, CITRONELLOL, EUGENOL, LIMONENE, LINALOOL|2026-07-02 14:02:42
75917|11747|8717163889947|Love Beauty And Planet Gel Douche Femme Aurore Éclatante 400ml||Aqua, Cocamidopropyl Betaine, Sodium Methyl Lauroyl Taurate, Glycerin, Glycol distearate, Sodium Chloride, Parfum, Sclerotium Gum, Sodium Benzoate, Cocamide MEA, Guar Hydroxypropyltrimonium Chloride, Lauric Acid, Citric Acid, Sodium Methylaurate, Glycol Dilaurate, Stearic Acid, Citrus Aurantium, Amara (Bitter Orange) Flower Oil, Coco Nucifera Oil, Jasminum Officinale (Jasmine) Oil, Sodium Hydroxide, Cetrimonium Chloride, Benzyl Alcohol, Benztl Salicylate, Hydroxycitronellal, Linalool.|2026-07-02 14:02:42
75947|4208|8720181087622|Lifebuoy Expert Gel Lavant Mains Pompe 250ml||Aqua, Sodium Laureth Sulfate, Glycerin, Cocamidopropyl Betaine, Sodium Chloride, Glycol Distearate, Parfum, Sodium Benzoate, Lactic Acid, Citric Acid, Laureth-4, Terpineol, Thymol, PPG-6, Tetrasodium EDTA, Benzyl Alcohol, Benzyl Salicylate, Hexyl Cinnamal, Linalool, CI 17200.|2026-07-02 14:02:42
76328|12157|4894532923519|Nourishing micellar shampoo|en:hair;en:shampoos|Aqua (Water), Sodium Laureth Sulfate, Disodium Laureth Sulfosuccinate, Cocamidopropyl Betaine, Sodium Chloride, Parfum (Fragrance), Phenoxyethanol, Sodium Benzoate, Cocamide MEA, Citric Acid, PEG-40 Hydrogenated Castor Oil, Polyquaternium-10, Polyquaternium-7, Disodium EDTA, Glycerin, Camellia Japonica Seed Oil, Zea Mays (Corn) Starch, Hydrolyzed Ceratonia Siliqua Seed Extract, Cystoseira Compressa Extract, Biosaccharide Gum-1, Gluconolactone, Benzyl Alcohol, Potassium Sorbate, Dehydroacetic Acid, Guar Hydroxypropyltrimonium Chiloride, Calcium Gluconate, Hexyl Cinnamal, Citronellol, Linalool|2026-07-02 14:02:44
76535|12365|3700538600501|savon|fr:savon|sodium olivâtre, Aqua, glycerin, sodium Chloride, sodium hydroxide|2026-07-02 14:02:45
76839|789|8717163919934|Schmidt's Dentifrice Menthe Intense au Charbon Actif 133g|en:non-food-products;en:open-beauty-facts;en:toothpaste|Aqua, Glycerin, Hydrated Silica, Xylitol, Calcium Carbonate, Dicalcium Phosphate, Aroma, Xanthan Gum, Sodium Methyl Cocoyl Taurate, Sodium Benzoate, Stevia Rebaudiana Leaf Extract, Sodium Phosphate, Zinc Citrate, Tocopherol, Charcoal Powder, Aloe Barbadensis Leaf Juice, Melaleuca Alternifolia Leaf Oil, Magnolia Biondii Bark Extract, Lycium Barbarum Fruit Extract, Punica Granatum Fruit Extract, Ubiquinone.|2026-07-02 14:02:47
76845|12673|3245678127438|Auchan kids dentifrice fraise tube 2 + - 50ml||Aqua, calcium carbonate, sorbitol, peg-8, cellulose gum, aroma, disodium phosphate, sodium c14-16 olefin sulfonate, xanthan gum, sodium saccharin, calcium glycerophosphate, sodium fluoride, sodium phosphate, tocopheryl acetate, ci 73360.|2026-07-02 14:02:47
76848|12673|3245678127476|DENTIFRICE ET BAIN DE BOUCHE 2 en 1 ENFANT|en:hygiene;en:mouthwash|Aqua, sorbitol,calcium carbonate, aroma, disodium phosphate, xanthan gum, sodium c14-16 olefin sulfonate , sodium saccharin, sodium fluoride, calcium glycerophosphate, sodium phosphate, ci 73360|2026-07-02 14:02:47
76852|1208|3245678675052|Auchan - dentifrice - soins sensibles - dents sensibles - 75ml|en:non-food-products;en:open-beauty-facts|Aqua, sorbitol, hydrated silica, potassium nitrate, tetrapotassium pyrophosphate, sodium lauryl sulfate, aroma, xanthan gum, sodium fluoride, sodium saccharin, sodium benzoate, cetylpyridinium chloride,limonene,ci77891,ci73360|2026-07-02 14:02:47
76930|1139|3245678044421|Cosmia gel douche lait hydratant a la fleur d'oranger pour adultes et enfants de plus de 3 ans en flacon|en:hygiene;en:showers-and-baths;en:shower-gels|Aqua, sodium laureth sulfate, glycerin, cocamidopropyl betaine, parfum, sodium benzoate, sodium chloride, citric acid, peg-7 glyceryl cocoate, styrene/acrylates copolymer, polyquaternium-10, hexyl cinnamal, linalool, limonene, lactoglobulin, citrus aurantium amara flower extract, sodium hydroxide, potassium sorbate.|2026-07-02 14:02:47
77042|12815|3245678691519|Lingettes papier toilette|en:non-food-products;en:open-beauty-facts|AQUA, PRUNUS AMYGDALUS DULCIS OIL, CALENDULA OFFICINALIS FLOWER EXTRACT, COCO-GLUCOSIDE, COCAMIDOPROPYL BETAINE, SODIUM BENZOATE, POTASSIUM SORBATE, ETHYLHEXYLGLYCERIN, PROPYLENE GLYCOL, PARFUM, SODIUM CITRATE, CITRIC ACIDLingette : 100% Cellulose|2026-07-02 14:02:47
77088|12918|5420073400098|Complexe Défatiguant Jambes Légères|fr:huiles-essentielles|Aqua, alcohol denat, camphor, tapioca starch, menthol, propylene, glycol, eucalyptol, methylpropanediol, acrylate/C10-30 alkyl acrylate crosspolymer, menthyl lactate|2026-07-02 14:02:48
77138|3302|3537090020320|crème hydratante pour toute la famille|fr:cremes-hydratantes|Aqua, Helianthus Annuus Seed Oil, Glycerin, Butyrospermum Parkii Butter, Caprylic/Capric Triglyceride, Dicaprylyl Carbonate, Cetyl Alcohol, Glyceryl Stearate Citrate, Theobroma Cacao Seed Butter, Aloe Barbadensis Leaf Juice Powder, Prunus Amygdalus Dulcis Oil, Ginkgo Biloba Leaf Extract, Olive Oil Decyl esters, Oryza Sativa Powder, Squalene, Oleic Acid, Xanthan Gum, Sodium Citrate, Tocopherol, Citric Acid, Sodium Benzoate, Parfum, Citronellol, Linalool.|2026-07-02 14:02:48
77169|4330|4025089081296|Sante Anti-Aging Handcreme|de:handcremes|NATURKOSMETIK OHNE KOMPROMISSE - Mit hochwertigen Inhalts - stoffen natürlichen Ursprungs Wir engagieren uns für Tierwohl Ingredients: Aqua, Alcohol denat.*, Bellis Perennis (Daisy) Flower Extract*, Glycine Soja (Soybean) Oil*, Butyrospermum Parkii (Shea) Butter*, Polyglyceryl-3 Dicitrate/Stearate, Glyce rin, Cetearyl Alcohol, Cocos Nucifera (Coconut) Oil*, Vitis Vinifera (Grape) Seed Oil, Dodecane, Distarch Phosphate, Macadamia Integrifolia/Tetraphylla Seed Oil, Aloe Barbadensis Leaf Juice Powder*, Punica Granatum Seed Extract*, Ubiqui - none, Xanthan Gum, Sodium Stearoyl Glutamate, Sodium Cetearyl Sulfate, Lactic Acid, Sodium Lactate, Tocopherol, Helianthus Annuus (Sunflower) Seed Oil*, Sodium Chloride, Disodium Phosphate, Potassium Chloride, Potassium Phos - phate, Rosmarinus Officinalis (Rosemary) Leaf Extract*, Parfum (Fragrance)**, Limonene**, Linalool**, Benzyl Sall cylate**, Geraniol**, Citronellol**, Citral**|2026-07-02 14:02:48
77319|2607|5201178029618|NIVEA MEN  protect & care|en:non-food-products|Ingredients: Aqua, Glycerin, Dimethicone, Tapioca Sterch, Polyglyceryl-3 Methylglucose Distearate, Isopropyl Palmitate, C12-15 Alkyl Benzoale Cetearyl Alcohol, Panthenal, Aloe Barbadensis Leaf Juice Powder, Carbomer, Sodium Hydroxide, Benzoic Acid, Ethylhexylglycerin, Phenoxyethanol, Piroctone Olamine, Limonene, Linalool, Citronellol, Parfum.|2026-07-02 14:02:49
77386|55|0053100384969|parodontax|en:non-food-products;en:open-beauty-facts|inactive ingredients glycerin, peg-8, hydrated silica, pentasodium triphosphate, flavor, sodium lauryl sulfate, titanium dioxide, polyacrylic acid, sodium saccharin, cocamidopropyl betaine|2026-07-02 14:02:49
77634|13464|8002140039003|Placca e carie|it:dentifricio|AQUA, GLYCERIN, HYDRATED SILICA, ZINC COCO-SULFATE, CELLULOSE GUM, AROMA*, SODIUM MONOFLUOROPHOSPHATE, SODIUM SACCHARIN, TETRASODIUM PYROPHOSPHATE, SODIUM CARBONATE, SODIUM FLUORIDE, EUGENOL, LIMONENE, GERANIOL, LINALOOL, CI 77891. *Contenente menta da agricoltura biologica|2026-07-02 14:02:50
77638|13468|4012400800469|Leche solar 50+|en:non-food-products;en:open-beauty-facts|INGREDIENTS AQUA, OCTOCRYLENE, ALCOHOL, C12-15 ALKYL BENZOATE GLYCERIN BUTYL METHOXYDIBENZOYLMETHANE, ETHYLHEXYL SALICYLATE VP/HEXADECENE COPOLYMER, PHENYLBENZIMIDAZOLE SULFONIC ACID, TRIACONTANYL PVP, ACRYLATES COPOLYMER, XANTHAN GUM PARFUM, TOCOPHERYL ACETATE, MICROCRYSTALLINE CELLULOSE SODIUM HYDROXIDE, ACRYLATES/C10-30 ALKYL ACRYLATE CROSSPOLYMER, CAPRYLYL GLYCOL, ETHYLHEXYLGLYCERIN, GALACTOARABINAN, DISODIUM EDTA, LINALOOL, CELLULOSE GUM BENZYL ALCOHOL, LIMONENE, BENZYL SALICYLATE, EUGENCL CITRONELLOL, COUMARIN, GERANIOL. www|2026-07-02 14:02:50
78040|42|4066447452778|FESTE SPÜLUNG|de:conditioner|SODIUM COCO - SULFATE, ZEA MAYS STARCH, THEOBROMA CACAO SEED BUTTER, CITRIC ACID, PARFUM, OLEA EUROPAEA FRUIT OIL, PERSEA GRATISSIMA OIL, PRUNUS AMYGDALUS DULCIS SEED EXTRACT, GLYCERIN, AQUA, SODIUM BENZOATE, LIMONENE, LINALOOL, HEXYL CINNAMAL, BENZYL SALICYLATE.|2026-07-02 14:02:53
78128|1139|3596710516933|Gel douche soin protect|en:hygiene;en:showers-and-baths;en:shower-gels|Aqua, sodium laureth sulfate, glycerin, cocamidopropyl betaine, sodium chloride, sodium benzoate, peg-7 glyceryl cocoate, disodium cocamphodiacetate, citric acid, polyquaternium-7, triethanolamine.|2026-07-02 14:02:53
78138|1139|3596710517329|Shampoing et gel douche sport|en:hygiene;en:showers-and-baths;en:shower-gels|Aqua, sodium laureth sulfate, sodium chloride, cocamidopropyl betaine, parfum, sodium benzoate, citric acid, peg-7 glyceryl cocoate, polyquaternium-7, triethanolamine, ci 18965, ci 42090.|2026-07-02 14:02:53
78174|4221|4311501666203|Fresh Deodorant|de:deodorant|AQUA, ALCOHOL DENAT., TRIETHYL CITRATE, GLYCERYL STEARATE CITRATE, GLYCERIN, CAPRYLIC/CAPRIC TRIGLYCERIDE, PARFUM, CETEARYL ALCOHOL, MYRISTYL MYRISTATE, XANTHAN GUM, CITRIC ACID, BENZYL ALCOHOL, CITRONELLOL, ALPHA-ISOMETHYL IONONE, GERANIOL, SODIUM BENZOATE|2026-07-02 14:02:53
78340|14170|4305615723631|Men Bartöl|de:bartpflege|Ethylhexyl Stearate, Octyldodecanol, Helianthus Annuus Seed Oil, Coco-Caprylate/ Caprate, Argania Spinosa Kernel Oil, Simmondsia Chinensis Seed Oil, Parfum, Tocopheryl Acetate, Tocopherol, Limonene, Alpha-Isomethyl lonone, Citronellol, Citral, Geraniol, Phenoxyethanol.|2026-07-02 14:02:54
78613|41|0072140002428|Nivea|en:non-food-products;en:open-beauty-facts|"www.NIVEAUSA.com
Questions? Comments?1-800-227-4703
Ingredients: Water, Glycerin, Cetearyl Alcohol, C15-19 Alkane,
Isopropyl Palmitate, Glyceryl Stearate SE, Glyceryl Stearate,
Petrolatum, Dimethicone, Panthenol, Hydrogenated
Coco-Glycerides, Fragrance, Carbomer, Sodium Hydroxide,
Sodium Cetearyl Sulfate, Phenoxyethanol."|2026-07-02 14:02:56
78727||0895697004833|bolero Beverly hills moisturizing body cream||"INGREDIENTS: WaterfAqua), Glycerin,
Cetearyl Alcohol, Isopropyl Palmitate
Stearic Acid, Ceteareth-6, Glyceryl
Stearate, PEG-100 Stearate,
Ceteareth-25, Phenoxyethanol,
Caprylyl Glycol, Carbomer
Fragrance(Parfum), Cocos Nucifera
(Coconut) Oil"|2026-07-02 14:02:56
79027|14852|0876065100357|Tea Tree Lavender Mint Conditioning Spray|pt:cuidados-com-os-cabelos|Aqua/Water/Eau, Alcohol Denat., Aloe Barbadensis Leaf Juice, Polyglyceryl-4 Caprate, Melaleuca Alternifolia Leaf Oil/Melaleuca Alternifolia (Tea Tree) Leaf Oil, Lavandula Angustifolia Oil/Lavandula Angustifolia (Lavender) Oil, Mentha Piperita Oil/Mentha Piperita (Peppermint) Oil, Glycerin, Limonene, Linalool, Geraniol, Citral|2026-07-02 14:02:58
79362|12001|3596710524303|Crème hydratante visage et corps|en:non-food-products;en:open-beauty-facts|Aqua, Helianthus Annuus Seed Oil, Glyceryl Stearate SE, Glycerin, Cetearyl Alcohol, Ceteareth-20, Dimethicone, Carbomer, Sodium Hydroxide, Tocopheryl Acetate, Butyrospermum Parkii Butter, Phenoxyethanol, Ethylhexylglycerin, Parfum, Benzyl Benzoate, Cinnamyl Alcohol,Citral,Citronellol, Coumarin, Eugenol, Geraniol, Hydroxycitronellal,Isoeugenol,Limonene,Linalool,Alpha-Isomethyl Ionone.|2026-07-02 14:03:00
79476|15057|5013692271738|tempo||Aqua, Sodium Laureth Sulfate, Cocamidopropyl Betaine, Sodium Chloride, Parfum, Glycerin, Sodium Benzoate, Potassium Sorbate, Polysorbate 20, Citric Acid, Disodium EDTA, PEG-90 Glyceryl Isostearate, Laureth-2, Tocopheryl Acetate, Alpha-Isomethyl Ionone.|2026-07-02 14:03:00
80079|15308|30175259|L'Oreal Color Riche Liner Matte Signature Emeraude|en:non-food-products;en:open-beauty-facts|AQUA / WATER, STYRENE/ACRYLATES/AMMONIUM METHACRYLATE COPOLYMER, PROPYLENE GLYCOL, SYNTHETIC FLUORPHLOGOPITE, ALCOHOL DENAT., PHENOXYETHANOL, SILICA, ACRYLATES COPOLYMER, CAPRYLYL GLYCOL, BUTYLENE GLYCOL, PEG-40 HYDROGENATED CASTOR OIL, AMINOMETHYL PROPANEDIOL, SODIUM DEHYDROACETATE, SODIUM LAURETH SULFATE, MAGNESIUM SILICATE, TETRASODIUM EDTA, DISODIUM EDTA, POTASSIUM SORBATE, TIN OXIDE. [+/- MAY CONTAIN: CI 77491, CI 77492, CI 77499 / IRON OXIDES, CI 77891 / TITANIUM DIOXIDE, CI 77007 / ULTRAMARINES, CI 75470 / CARMINE, MICA].|2026-07-02 14:03:04
80115|15945|8690529004737|d'Olive hacim veren saç kremi|tr:saç-kremi|Aqua, Cetearyl Alcohol, Behentrimonium Chloride, Glyceryl Stearate, Stearamidopropyl Dimethylamine, Glycerin, Propylene Glycol, Lauryl Glucoside, Sodium PCA, Parfum, Methylheptyl Isostearate, Citric Acid, Isopropyl Alcohol, Laurdimonium Hydroxypropyl Hydrolyzed Wheat Protein, Olea Europea Fruit Oil, Triethylene Glycol, Benzyl Alcohol, Hydrolyzed Rice Protein, Tilia Tomentosa Bud Extract, Phenoxyethanol, Sodium Benzoate, Potassium Sorbate, Methylchloroisothiazolinone, Methylisothiazolinone.|2026-07-02 14:03:05
80163|15340|4005900700339|Nivea Day Care Naturally Good 50ml|en:non-food-products;en:open-beauty-facts|Aqua, Glycerin, Cetearyl Alcohol, Alcohol Denat., Simmondsia Chinensis Seed Oil, PrunusAmygdalus Dulcis Oil, Dicaprylyl Ether, ButyrospermumParkii Butter, Glyceryl Stearate, Coco-Caprylate/Caprate, Aloe Barbadensis Leaf Juice Powder, HelianthusAnnuus Seed Oil, Tocopherol, Glyceryl Caprylate, Sodium Stearoyl Glutamate, Xanthan Gum, LevulinicAcid, SodiumLevulinate, Ethylhexylglycerin, p-Anisic Acid, Sodium Chloride, Linalool, Limonene, Citronellol, Alpha-Isomethyl Ionone, Benzyl Alcohol, Geraniol, Parfum.|2026-07-02 14:03:05
80394||42289524|NIVEA Care Voedende Crème|en:non-food-products;en:open-beauty-facts|aqua, glycerin, butyrospermumparkii butter, cetyl palmitate, olus oil, cetyl alcohol, isopropyl palmitate, dimethicone, sodium polyacrylate, phenoxyethanol, alpha-isomethyl lonone, geraniol, limonene, parfum, linalool, citronellol, 12m beiersdocf ouy hi|2026-07-02 14:03:07
80403|62|8480000739698|Anticaries con flúor|en:non-food-products;en:open-beauty-facts|INGREDIENTS: AQUA, HYDRATED SILICA, SORBITOL, PEG-8, SODIUM LAURYL SULFATE, CELLULOSE GUM, SODIUM MONOFLUOROPHOSPHATE, AROMA, LIMONENE, SODIUM BICARBONATE TRISODIUM PHOSPHATE, TITANIUM DIOXIDE,SODIUM SACCHARIN DICHLOROBENZYL ALCOHOL|2026-07-02 14:03:07
80616|15340|4005900551559|Labello Blackberry Shine 5.5ml|en:non-food-products;en:open-beauty-facts|Octyldodecanol, Ricinus Communis Seed Oil, Cera Alba, Bis-Diglyceryl Polyacyladipate-2, Cocoglycerides, Butyrospermum Parkii Butter, Hydrogenated Castor Oil, Helianthus Annuus Seed Cera, Aroma, Persea Gratissima Oil, Simmondsia Chinensis Seed Oil, Rubus Fruticosus Juice, Tocopherol, Ascorbyl Palmitate, Aqua, Propylene Glycol, Mica, Silica, BHT, Benzyl Alcohol, Linalool, CI 77891, CI 15850, CI 77491, CI 42090|2026-07-02 14:03:09
80633|15308|3600531606527|Maybelline Brow Extension Medium Brown 4|en:non-food-products;en:open-beauty-facts|SYNTHETIC JAPAN WAX, STEARIC ACID, HYDROGENATED SOYBEAN OIL, HYDROGENATED COCO-GLYCERIDES, ZINC STEARATE, POLYBUTENE, HYDROGENATED VEGETABLE OIL, CERA ALBA / BEESWAX / CIRE DABEILLE, COPERNICIA CERIFERA CERA / CARNAUBA WAX / CIRE DE CARNAUBA, MYRISTYL MYRISTATE, POLYGLYCERYL-2 TRIISOSTEARATE, TRIETHOXYCAPRYLYLSILANE, VP/EICOSENE COPOLYMER, POLYHYDROXYSTEARIC ACID, TOCOPHEROL, CITRIC ACID|2026-07-02 14:03:09
80657|55|0681131050029|body wash|en:non-food-products;en:open-beauty-facts|water (aqua), cocamidopropyl betaine, sodium hydroxypropyl starch phosphate, lauric acid, sodium lauroyl méthyl isethionate, sodium lauroyl glycinate, glycine soja (soybean) oil, hydrogenated castor oil, fragrance (parfum), guar hydroxypropyltrimonium chloride, stearic acid, glycerin, tetrasodium edta, methylchloroisothiazolinone, methylisothiazolinone,|2026-07-02 14:03:09
80660|249|10191959|Colgate komplett 8|en:non-food-products;en:open-beauty-facts|LZM ENTHALT: Natr umfluorid (1450 ppm F) INGREDIENTS: Aqua, Glycerin, Hydrated Silicd, Cellulose Gum, Sodium Lauryl Sulfate, Aroma, Sodium Fluoride, Sodium Saccharin, CI 74160, CI 77891.|2026-07-02 14:03:09
80674|15792|5410076518425|Aussie Balsam Miracle Moist 400ml|en:non-food-products;en:open-beauty-facts|Aqua, Cetyl Alcohol, Stearamidopropyl Dimethylamine, Stearyl Alcohol, Quaternium-18, Benzyl Alcohol, Hydroxypropyl Guar, Cetearyl Alcohol, Parfum, Bis-Aminopropyl Dimethicone, Glyceryl Stearate, Polysorbate 60, Citric Acid, EDTA, Limonene, Oleyl Alcohol, Magnesium Nitrate, Aloe Barbadensis Leaf Juice, Macadamia Ternifolia Seed Oil, CI 19140, Methylchloroisothiazolinone, Magnesium Chloride, Methylisothiazolinone, CI 17200|2026-07-02 14:03:10
80876||0878639000230|Every man jack deo|en:non-food-products;en:open-beauty-facts|propanediol, water/eau, sodium stearate, polyglyceryl-10 caprylate/caprate, caprylyl glycol, fragrance/parfum, sodium chloride, cetyl alcohol, aloe barbadensis leaf extract*, hamamelis virginiana (witch hazel) leaf extract, gossypium herbaceum (cotton) seed extract, calendula officinalis flower extract, commiphora myrrha resin extract, usnea barbata (lichen) extract, citrus grandis (grapefruit) seed extract, chamomilla recutita (matricaria) flower extract*, fusanus spicatus (sandalwood) wood oil &quot;certified organic|2026-07-02 14:03:11
80956|2945|8001090577184|Oral-B pro-expert|en:non-food-products;en:open-beauty-facts|Glycerin, Hydrated Silica, Sodium Hexametaphosphate, Aqua, Sodium Gluconate, Sodium Lauryl Sulfate, Aroma, Trisodium Phosphate, Stannous Fluoride, Carrageenan, Sodium Saccharin, Pvp, Stannous Chloride, Xanthan Gum, Cocamidopropyl Betaine, Cinnamal, Sodium Fluoride, Eugenol, Sodium Hydroxide, CI 74160, Sodium Benzoate|2026-07-02 14:03:12
81013|2945|8700216273176|Oral-B Pro-3D White Advanced Diş macunu|tr:diş-macunu|Glycerin, Hydrated Silica, Sodium Hexametaphosphate, Aqua, PEG-6, Aroma, Trisodium Phosphate, Sodium Lauryl Sulfate, Cocamidopropyl Betaine, Sodium Saccharin, Sodium Fluoride, PVP, Xanthan Gum, Carrageenan, Sodium Chloride, Limonene, Sucralose, Sodium Benzoate, Sodium Hydroxide, CI 74160, CI 73360, Citric Acid, Sodium Citrate, Potassium Sorbate, Sodium Sulfate|2026-07-02 14:03:12
81036|3190|8850006533000|Body Wash Shower Gel Naturals Milk & Honey 1L|en:non-food-products;en:open-beauty-facts|Water*, Sodium Laureth Sulfate*, Glycerin*, Cocamidopropyl Betaine*, Sodium Chloride*, Fragrance, Cocamide MEA*, Glycol Distearate*, Sodium Salicylate, Sodium Benzoate, Citric Acid*, Tetrasodium EDTA, Coco-Glucoside*, Polyquaternium-7, Lactose*, Glyceryl Oleate*, Glyceryl Stearate*, Honey*, Whey Protein*, CI 19140, CI 16035. *Ingredient of Natural Origin.|2026-07-02 14:03:12
81052|1300|3560071421175|Savon de Marseille en paillettes||"Savon 30% (Sodium Palmate, Sodium Cocoate), Aqua, Glycerin, Sodium Chloride, Sodium Hydroxide,
Tetrasodium Glutamate Diacetate."|2026-07-02 14:03:13
81536|17366|8422385299756|Agua fresca de Bergamota|en:perfumes;es:colonias|ALCOHOL DENAT., AQUA, PARFUM, ALPHA-TERPINENE ANETHOLE, BETA-CARYOPHYLLENE, CARVONE, CITRAL, CITRONELLOL, GERANIOL, GERANY ACETATE, HEXAMETHYLINDANOPYRAN, HEXYL CINNAMAL, HYDROXYCITRONELLAL, LIMONENE. LINALOOL, LINALYL ACETATE, PINENE, ROSE KETONES, TERPINEOL, TERPINOLENE, TETRAMETHYL ACETYLOCTAHYDRONAPHTHALENES, CITRUS AURANTIUM BERGAMIA PEEL OIL, CITRUS AURANTIUM PEEL OIL, CITRUS LIMON PEEL OIL.|2026-07-02 14:03:17
81550|17380|0309047751273|Minerin Crème|en:moisturizing-cream|WATER, PETROLATUM, MINERAL OIL, CERESIN, LANOLIN ALCOHOL, CHOLESTEROL, CAPRYLHYDROXAMIC ACID, PHENOXYETHANOL, METHYLPROPANEDIOL.|2026-07-02 14:03:17
81646|55|5060194391129|Naturals Lemon Zest|en:hygiene;en:soaps|Sodium Palmate* (derived from sustainable palm oil), Sodium Palm Kernelate* (derived from sustainable palm kernel oil), Aqua (Water), Glycerin* (derived from sustainable palm oil), Limonene**, Parfum (blend made only of pure essential oils including sweet orange, lemon, May Chang and eucalyptus), Sodium Citrate (sodium salt derived from citric acid), Tetrasodium Glutamate Diacetate (naturally derived preservative to aid stability), Citric Acid, Sodium Chloride (salt), Citral**|2026-07-02 14:03:17
81731||20524920|Fio dentário||Cera microcristallina, Aroma Limonene, Linalool|2026-07-02 14:03:18
81827|2966|5410306882746|Douche 2 en 1 Parfum Ocean|en:hygiene;en:showers-and-baths;en:shower-gels|AQUA, SODIUM LAURETH SULFATE, SODIUM CHLORIDE PEG-4 RAPESEEDAMIDE, COCAMIDOPROPYL BETAINE, SODIUM BENZOATE, POLYQUATERNIUM-7, PARFUM, CITRIC ACID, POTASSIUM SORBATE, HEXYL CINNAMAL, OCTADECYL DI-t-BUTYL-4 - HYDROXYHYDROCINNAMATE, SODIUM HYDROXIDE, CI 42090, CI 19140.|2026-07-02 14:03:19
81911|17741|7322540907582|Sanft & Pur|en:accessories;en:moist-wipes;de:feuchtes-toilettenpapier|Aqua, Glycerin, Cocamidopropyl PG-Dimonium Chloride Phosphate, Sodium Benzoate, Citric Acid, Sodium Citrate.|2026-07-02 14:03:20
81976|17806|3564700206676|Lait de douche hydratant cœur de vanille|en:hygiene;en:showers-and-baths;en:shower-gels|AQUA, SODIUM LAURETH SULFATE, GLYCERIN, COCAMIDOPROPYL BETAINE, SODIUM CHLORIDE, PARFUM, SODIUM BENZOATE, SUCROSE COCOATE, CITRIC ACID, STYRENE/ACRYLATES COPOLYMER, TETRASODIUM EDTA, POLYQUATERNIUM-7, BENZYL SALICYLATE, LINALOOL, LIMONENE, VANILLA PLANIFOLIA FRUIT EXTRACT, SODIUM HYDROXIDE, POTASSIUM SORBATE.|2026-07-02 14:03:20
82289|36|3600542552981|Garnier Fructis|de:anti-frizz;de:hitzeschutz;de:stärkt-haarfasern;de:vegan;de:versiegelt-spliss|AQUA/WATER, GLYCINE SOJA OIL/SOYBEAN OIL, CANDELILLA CERA/ CANDELILLA WAX, SCLEROCARYA BIRREA SEED OIL, STEARYL ALCOHOL, DILAURYLTHIODIPROPIONATE, EDTA, SORBITAN OLEATE, BEHENTRIMONIUM CHLORIDE, PPG-1 TRIDECETH-6, ARGININE, ISOPROPYL ALCOHOL, PROPYLENE GLYCOL, PROPYLENE GLYCOL DICAPRYLATE/DICAPRATE, HYDROLYZED CORN PROTEIN, HYDROLYZED SOY PROTEIN, HYDROLYZED WHEAT PROTEIN, CAPRYLYL GLYCOL, CITRIC ACID, QUATERNIUM-87 POLYQUATERNIUM-11, POLYQUATERNIUM-37 POLYSORBATE 20, ACRYLATES/STEARYL METHACRYLATE COPOLYMER, SODIUM BENZOATE PHENOXYETHANOL, LINALOOL, COUMARIN LIMONENE, PARFUM/FRAGRANCE. (F.I.L. Y70037597/1).|2026-07-02 14:03:23
82882|15921|7702018015665|Satin Care Sensitive Skin 200 ml|en:cosmetic-products|Aqua, Palmitic Acid, Triethanolamine, Isopentane, Glyceryl Oleate, Stearic Acid, Isobutane, Sorbitol, Hydroxyethylcellulose, Parfum, PEG-45M, Linalool, Benzyl Salicylate, Aloe Barbadensis Leaf Juice Powder, Silica, Tocopherol, Lecithin, Ascorbyl Palmitate, Hydrogenated Palm Glycerides Citrate, CI 42090|2026-07-02 14:03:28
83294|18946|4640145087519|Крем для рук Питание и Восстановление|ru:крем-для-рук|Aqua (Water), Cetearyl Alcohol, Paraffinum Liquidum (Mineral Oil), Helianthus Annuus (Sunflower) Seed Oil, Glyceryl Stearate, Glycerin, Ceteareth-20, Cetyl Palmitate, Retinyl Palmitate, Tocopheryl Acetate, Linoleic Acid, Linolenic Acid, Macadamia Ternifolia Seed Oil, Panthenol Allantoin, Carbomer, Disodium EDTA, Parfum, Sodium Hydroxide, Phenoxyethanol, Ethylhexylglycerin, BHA, BHT.|2026-07-02 14:03:31
83339|12994|7501007533971|Lubriderm Intensive Care|en:skincare|Aqua, Paraffinum Liquidum, Glycerin, Carbomer, Potassium Cetyl Phosphate, Phenoxyethanol, Cetyl Alcohol, Sodium Polyacrylate, Caprylyl Glycol, Hydrogenated Palm Glycerides, Sodium preferentemente antes de la fecha impresa en el empaque/envase. INGREDIENTES: Aqua, Magnesium Aspartate, Zinc Gluconate, Copper Gluconate. Fabricado y Exportado por: Johnson Hydroxide, Butyrospermum Parkii Butter, Parfum, Disodium EDTA, Avena Sativa Kernel Oil, Copper Gluconate.|2026-07-02 14:03:32
83430|19260|8051739581140|Cosmetic Product 8051739581140||Sodium palmate, Aqua, Sodium Palm kernelate, Parfum, Glycerin, Sodium chloride, Benzyl salycilate, Amyl salicylate, Alpha-isomethyl ionone, Linalool, Coumarin, Geraniol, Citronellol|2026-07-02 14:03:32
83482|2607|4006000085036|Q10 Anti-Falten POWER|en:face;en:facial-creams|Aqua, Glycerin, Butyrospermum Parkii Butter, Cetearyl Alcohol, Methylpropanediol, Glyceryl Stearate SE, C12-15 Alkyl Benzoate, Caprylic/Capric Triglyceride, Cocoglycerides, Phenylbenzimidazole Sulfonic Acid, Butyl Methoxydibenzoylmethane, Ethylhexyl Salicylate, Bis-Ethylhexyloxyphenol Methoxyphenyl Triazine, Glyceryl Stearate, Ubiquinone, Sodium Hyaluronate, Creatine, 1-Methylhydantoin-2-Imide, Tocopheryl Acetate, Ethylhexylglycerin, Xanthan Gum, Trisodium EDTA, Sodium Hydroxide, Phenoxyethanol, Pogostemon Cablin Oil, Parfum|2026-07-02 14:03:33
83650|19434|7032069717424|Babyolje|en:baby-oil;nb:babyolje|Helianthus Annuus Seed Oil, Olea Europaea Fruit Oil, Caprylic/Capric Triglyceride, Persea Gratissima Oil, Prunus Armeniaca Kernel Oil, Tocopherol.|2026-07-02 14:03:34
83664|19494|8720181334030|duschdas Magnolie|en:hygiene;en:showers-and-baths;en:shower-gels|Duschgel mit verwöhnendem Duft nach Magnolie. INGREDIENTS: Aqua, Sodium Laureth Sulfate, Sodium Chloride, Cocamidopropyl Betaine, Glycerin, Citric Acid, Sodium Benzoate, Parfum, Glycol Distearate, Sodium Lactate, Laureth-4, Tetrasodium EDTA, Citronellol, Geraniol, Hexyl Cinnamal, Linalool, CI 17200, CI 42090.|2026-07-02 14:03:34
83879|19709|4311501010914|Frucht & Vitamin Shampoo|en:hair;en:shampoos|INGREDIENTS: AQUA, SODIUM LAURETH SULFATE, SODIUM CHLORIDE, COCAMIDOPROPYL BETAINE, GLYCERIN, CITRIC ACID, SODIUM BENZOATE, PARFUM, GUAR HYDROXYPROPYLTRIMONIUM CHLORIDE, TETRASODIUM GLUTAMATE DIACETATE, PANTHENOL. GLYCOL DISTEARATE, NIACINAMIDE, ACTINIDIA DELICIOSA FRUIT EXTRACT, CARICA PAPAYA FRUIT EXTRACT, ANANAS SATIVUS FRUIT EXTRACT, COCAMIDE MEA, POTASSIUM SORBATE, LACTIC ACID, SODIUM HYDROXIDE, SODIUM SULFATE, CI 15985.|2026-07-02 14:03:35
84035|45|8006540532782|Ampollas tratamiento intensivo Repara & Protege|en:non-open-products-facts|Aqua, Bis-Asminopropyl Dimethicone, Stearyl Alchohol, Behentrimonium Chloride, Cetyl Alcohol, Parfum, Isopropyl Alcohol, Benzyl Alcohol, Sodium Benzoate, Disodium EDTA, Citric Acid, Polysorbate 20, Glycerin, Panthenol, Panthenyl Ethyl Ether, Histidine, PEG-100 Stearate, Hexyl Cinnamal, Propylene, Glycol, Rubus Idaeus Fruit Extract, Ricinus Communis Seed Oil, Prunus Armeniaca Kernel oil, Hydrolyzed Silk, Biotin, Palmitoyl Pentapeptide-4|2026-07-02 14:03:36
84221|20051|3286010096692|Crème solaire haute protection pour bébé SPF50|en:suncare;en:in-sun-protections;en:sunscreen;fr:bebe|AQUA (WATER), C12-15 ALKYL BENZOATE, DIETHYLAMINO HYDROXYBENZOYL HEXYL BENZOATE, ETHYLHEXYL TRIAZONE, DICAPRYLYL CARBONATE, POLYGLYCERYL-4 DIISOSTEARATE/POLYHYDROXYSTEARATE/SEBACATE, BIS-ETHYLHEXYLOXYPHENOL METHOXYPHENYL TRIAZINE, DIETHYLHEXYL BUTAMIDO TRIAZONE, PROPANEDIOL, C8-12 ACID TRIGLYCERIDE, ZINC STEARATE, MAGNESIUM SULFATE, GLYCERYL CAPRYLATE, PENTYLENE GLYCOL, STEARALKONIUM HECTORITE, XANTHAN GUM, CAMELINA SATIVA SEED OIL*, SODIUM GLUCONATE, PROPYLENE CARBONATE, SODIUM DEHYDROACETATE, TOCOPHEROL, INULIN, HELIANTHUS ANNUUS (SUNFLOWER) SEED OIL, FRUCTOSE. Non parfumée.|2026-07-02 14:03:38
84326|14897|7046110067567|Ansiktskremer pleiende|nb:fuktighetskrem|Aqua, Paraffinum Liquidum, Propylene Glycol Dicaprylate/Dicaprate, Cetyl Alcohol, Glycerin, Sodium Hyaluronate, Tocopheryl Acetate, Triethanolamine, Lanolin, Panthenol, Retinyl Palmitate, Tocopherol, Stearic Acid, Glyceryl Stearate, PEG-100 Stearate, Palmitic Acid, Carbomer, Lecithin, Polysorbate 80, Propylene Glycol, Dimethicone, Disodium EDTA, Citric Acid, Phenoxyethanol, Benzoic Acid, Piroctone Olamine, Parfum.|2026-07-02 14:03:38
84354|20184|4067796106725|Balea med Waschgel Ultra Sensitive, 150 ml|de:Waschgel|INGREDIENTS: AQUA, GLYCERIN, PENTYLENE GLYCOL, COCAMIDOPROPYL BETAINE, DECYL GLUCOSIDE, XANTHAN GUM, SODIUM CHLORIDE, PANTHENOL, BISABOLOL, CITRIC ACID.|2026-07-02 14:03:39
84365|20195|3265660399407|Lingettes intimes||QUA, ALOE BARBADENSIS LEAF JUICE, COCO-GLUCOSIDE, SODIUM CITRATE, BENZYL ALCOHOL, BENZOIC ACID, DEHYDROACETIC ACID, BETAINE, CITRIC ACID|2026-07-02 14:03:39
84381|20211|8720289261542|Lip Balm Coconut|en:face;en:lip-balms|PARAFFINUM LIQUIDUM, PETROLATUM, ETHYLHEXYL PALMITATE, PARAFFIN, CERESIN, MICROCRYSTALLINE WAX, PHENOXYETHANOL, CAPRYLYL GLYCOL, PARFUM, COCOS NUCIFERA OIL, TOCOPHERYL ACETATE, SYNTHETIC BEESWAX, ETHYLHEXYLGLYCERIN, PIROCTONE OLAMINE, TOCOPHEROL, BENZYL ALCOHOL.|2026-07-02 14:03:39
84414|21|3337875588621|Lipikar Eczema Soothing Relief Cream|en:skin-cream|water, shea butter, glycerin, dimethicone, mineral oil, niacinamide, cetearyl alcohol, rapeseed seed oil, ammonium polyacryloyldimethyl taurate, PEG-100 stearate, glyceryl stearate, tocopherol, sodium benzoate, PEG-20 methyl glucose sesquistearate, dimethiconol, mannose, xanthan gum, pentaerythrityl tetra-di-t-butyl hydroxyhydrocinnamate, capryloyl glycine, microcrystalline wax, sorbitan tristearate, paraffin, disodium EDTA, vitreoscilla ferment, citric acid|2026-07-02 14:03:39
84424|55|8700216035842|Cosmetic Product 8700216035842||Glycerin, Aqua, Sorbitol, Hydrated Silica, Sodium Lauryl Sulfate, Sodium Citrate, Aroma, Sodium Gluconate, Carrageenan, Xanthan Gum, Sodium Saccharin, Stannous Fluoride, Cocamidopropyl Betaine, Sodium Hydroxide, Stannous Chloride, Sodium Chloride, Sodium Fluoride, Sucralose, Sodium Benzoate, Citric Acid, Potassium Sorbate, CI 42090 FR Tel.: 0800 944 803 (Service et appel gratuits). NL Tel.: 0800-4455388 BE Tel.: 0800-14592 LU Tel.: 800 21172 Fabriqué par:/Geproduceerd door: Procter & Gamble Manufacturing GmbH, Procter & Gamble Strasse 1, 64521 Gross-Gerau, Germany Made in Germany Procter & Gamble, 65823 Schwalbach/Ts. Germany FR e 22J A HDPE P&|2026-07-02 14:03:39
84535|20365|8906157900762|Anti-Dandruff Shampoo|en:hair;en:shampoos|Purified Water, Sodium Lauroyl Methyl Isethionate, Cocamidopropyl Betaine, Propanediol, Glycerin, Dimethiconol, TEA-Dodecylbenzenesulfonate, Acrylates Copolymer, Perfume, Piroctone Olamine, Salicylic Acid, Epilobium Angustifolium Extract, Panthenol, Rosmarinus Officinalis (Rosemary) Leaf Extract, Nasturtium Officinale Extract, Salvia Officinalis (Sage) Leaf Extract, Niacin, Biotin, Aloe Barbadensis Leaf Extract, Menthol, Cocos Nucifera (Coconut) Milk Protein, Stearamidopropyl Dimethylamine, Glycol Stearate, Guar Hydroxypropyltrimonium Chloride, Mica, Titanium Dioxide, Tin Oxide, PEG-45M, Sodium Chloride, Citric Acid, Phenoxyethanol, Sodium Benzoate, Disodium EDTA.|2026-07-02 14:03:40
84602|20432|4008666106308|hair & body shampoo||AQUA, SODIUM LAURETH SULFATE, COCAMIDOPROPYL BETAINE, GLYCERIN, PANTHENOL, SODIUM CHLO RIDE, COCOGLUCOSIDE, GLYCERYL OLE ATE, POLYQUATERNIUM-7, SODIUM LACTATE, SODIUM CITRATE, POLYQUATER NIUM-10, LACTIC ACID, CITRIC ACID, POTASSIUM SORBATE, SODIUM BENZOATE PARFUM, LIMONENE, HEXYL CINNAMAL LINALOOL, CI 42090, CI 47005.|2026-07-02 14:03:40
84698|20528|3760378510415|Boost curl, gelée capillaire anti déshydratation|en:hair;en:hair-care;en:hair-masks;fr:creme-capillaire|AQUA, DEHYDROXANTHAN GUM, PARFUM, PANTHENOL, XYLITYLGLUCOSIDE, ANHYDROXYLITOL, XYLITOL, GLUCOSE, BENZYL ALCOHOL, DEHYDROACETIC ACID, LINALOOL.|2026-07-02 14:03:41
84739|36|3600542543446|Cucumber Fresh shampoo|en:hair;en:shampoos|AQUA/WATER, SODIUM LAURETH SULFATE, CITRIC ACID, COCAMIDOPROPYL BETAINE, GLYCOL DISTEARATE, AMMONIUM HYDROXIDE, CUCUMIS SATIVUS FRUIT EXTRACT/CUCUMBER FRUIT EXTRACT, CARBOMER, PPG-5-CETETH-20, PEG-55 PROPYLENE GLYCOL OLEATE, SODIUM CHLORIDE, SODIUM HYDROXIDE, COCO - BETAINE, PROPYLENE GLYCOL, POLYQUATERNIUM-10, HEXYLENE GLYCOL, SODIUM BENZOATE, SALICYLIC ACID, LINALOOL, AMYL CINNAMAL, HEXYL CINNAMAL, BENZYL ALCOHOL, PARFUM/FRAGRANCE.|2026-07-02 14:03:41
84795|2865|8720181313417|Dove Men+care clean comfort douchegel|en:hygiene;en:showers-and-baths;en:shower-gels;nl:Bad- en doucheproducten;nl:Verzorging|AQUA, SODIUM LAURETH SULFATE, GLYCERIN, COCAMIDOPROPYL BETAINE, SODIUM CHLORIDE, ACRYLATES COPOLYMER, SODIUM LAUROYL ISETHIONATE, PARFUM, SODIUM BENZOATE, SODIUM HYDROXIDE STEARIC ACID, LAURIC ACID, HYDROXYSTEARIC ACID, PALMITIC ACID, TETRASODIUM EDTA, SODIUM ISETHIONATE, CITRIC ACID, PPG-6, ALPHA-ISOMETHYL IONONE, AMYL SALICYLATE, BENZYL SALICYLATE, LIMONENE, LINALOOL, LINALYL ACETATE, TETRAMETHYL ACETYLOCTAHYDRONAPHTHALENES, CI 17200, CI 19140, CI 42090.|2026-07-02 14:03:42
84859|967|3600551171661|Dop Douche Crème Douceurs d’enfance Au parfum de Pancakes|en:hygiene;en:showers-and-baths;fr:cremes-douche|AQUA/WATER, SODIUM LAURETH SULFATE, GLYCERIN, COCO-BETAINE PENTYLENE GLYCOL, CITRIC ACID, SODIUM HYDROXIDE, GLYCOL DISTEARATE, ACRYLATES COPOLYMER, COCAMIDE MEA, POLYQUATERNIUM-7, SODIUM CHLORIDE, SODIUM BENZOATE, PARFUM/FRAGRANCE. (F.I.L.Z70042467/1).|2026-07-02 14:03:42
85180|2791|59002192|Cherry Fizz Premium Deodorant Stick|en:hygiene;en:deodorants;en:deodorants-sticks|Dipropylene Glycol, Aqua, Propylene Glycol, Sodium Stearate, C12-15 Alkyl Benzoate, Parfum, Disodium EDTA, BHT, Simethicone, Camphor, Hexamethylindanopyran, Hexyl Cinnamal, Lavandula Oil/Extract, Linalool, Linalyl Acetate, Rose Ketone, Tetramethyl Acetyloctahydronaphthalenes, CI 42053|2026-07-02 14:03:44
85202|21032|5900956901343|Żel pod prysznic wnwrgetyzujący|en:hygiene;en:showers-and-baths;en:shower-gels|Aqua, Sodium Laureth Sulfate, Sodium Chloride, Cocamidopropyl Betaine, Glycerin, Coco-Glucoside, Glyceryl Oleate, Cannabis Sativa Seed Oil, Citrus Aurantium Dulcis Fruit Water, Panax Ginseng Root Extract, Polyquaternium-7, Parfum, Polysorbate 80, Citric Acid, Tetrasodium Glutamate Diacetate, Sodium Hydroxide, Sodium Benzoate, Potassium Sorbate, Benzyl Alcohol, Dehydroacetic Acid, Limonene, Hexamethylindanopyran. Testowa|2026-07-02 14:03:45
85247|3278|8690637921643|Rexona MotionSense Shower Fresh Kadın Anti-Perspirant Stick|en:hygiene;en:deodorants;en:anti-perspirants;en:Cosmetics;en:Stick deodorants|Aluminum Zirconium Tetrachlorohydrex GLY, Isopropyl Palmitate, Stearyl Alcohol, Cyclopentasiloxane, PPG-14 Butyl Ether, Mineral Oil, Magnesium Silicate (Talc), Hydrogenated Castor Oil, Parfum, Steareth-100, BHT, Sodium Starch Octenylsuccinate, Maltodextrin, Hydrolyzed Corn Starch Octenylsuccinate, Tocopherol, Silica, Alpha-Isomethyl Ionone, Benzyl Alcohol, Benzyl Salicylate, Citral, Citronellol, Hexyl Cinnamal, Limonene, Linalool|2026-07-02 14:03:45
85250|13775|8680690706851|Urban Care Argan Yağı & Keratin Sıvı Saç Bakım Kremi|en:hair;en:hair-conditioners;en:hair-care;en:Leave-in conditioners|Aqua, Cyclopentasiloxane, Amodimethicone, PEG-40 Hydrogenated Castor Oil, Argania Spinosa Kernel Oil, Hydrolyzed Corn Protein, Hydrolyzed Soy Protein, Hydrolyzed Wheat Protein, Leuconostoc/Radish Root Ferment Filtrate, Ethylhexyl Methoxycinnamate, Polyquaternium-6, Parfum, Tetrasodium EDTA, Sodium Chloride, Cetrimonium Chloride, Trideceth-12, Citric Acid, Benzyl Alcohol, Cocamidopropyl Betaine, PPG-2 Methyl Ether, 2-Bromo-2-Nitropropane-1,3-Diol, Sodium Benzoate, Iodopropynyl Butylcarbamate, Hexyl Cinnamal.|2026-07-02 14:03:45
85284|41|42429234|Nivea Men Deep Dimension Stick Deodorant|en:hygiene;en:deodorants|Aqua, Aluminum Chlorohydrate, PPG-14 Butyl Ether, Cetyl Palmitate, Hydrogenated Castor Oil, C12-15 Alkyl Benzoate, Cetearyl Alcohol, Propylene Glycol, Palmitic Acid, Stearic Acid, Parfum, Aluminum Sesquichlorohydrate, C20-40 Alkyl Stearate, Oleth-20, Charcoal Powder, Octyldodecanol, Persea Gratissima Oil, Steareth-2, Steareth-21, Myristic Acid, Arachidic Acid, Oleic Acid, Pentaerythrityl Tetra-di-t-butyl Hydroxyhydrocinnamate, BHT.|2026-07-02 14:03:45
85474|42|4066447429121|Balea Augen Make-up Entferner ölfrei, 100 ml|en:face;en:cleansers|"AQUA | ALOE BARBADENSIS LEAF JUICE | GLYCERIN | DECYL GLUCOSIDE | SODIUM BENZOATE | LEVULINIC ACID | LACTIC ACID | SODIUM LEVULINATE."|2026-07-02 14:03:46
85500|21329|4894819702707|Collagen By Watsons Hydro Balance Temizleme Köpüğü|en:face;en:cleansers;en:Cleansing foams;en:Face care;en:Facial cleansers;en:Skin care|Aqua, Sodium Methyl Cocoyl Taurate, Acrylates Copolymer, Propanediol, Potassium Cocoyl Glycinate, Glycerin, Potassium Cocoate, Decyl Glucoside, CI 77891, Cocamidopropyl Betaine, Parfum, Caprylyl Glycol, Sodium Chloride, Ethylhexylglycerin, Disodium EDTA, Polyquaternium-7, Sodium Benzoate, 1,2-Hexanediol, Panthenol, Squalane, Butylene Glycol, Sr-Hydrozoan Polypeptide-1, Hyaluronic Acid, Hydrolyzed Hyaluronic Acid, Hydrolyzed Sodium Hyaluronate, Citric Acid, Collagen Extract, Potassium Hyaluronate, Sodium Citrate, Sodium Hyaluronate, Hydroxypropyltrimonium Hyaluronate, Sodium Hyaluronate Crosspolymer, Sodium Acetylated Hyaluronate, Potassium Sorbate.|2026-07-02 14:03:47
85534|82|4335619124745|Hydrating facial cleanser||Aqua, Glycerin, Cetearyl Alcohol, Xanthan Gum, Betaine, Sodium Cocoyl Isethionate, Phenoxyethanol, Polyacrylate Crosspolymer-6, Ethylhexylglycerin, Coconut Acid, Sodium Isethionate, Disodium EDTA, Sodium Lauroyl Lactylate, Sodium Hydroxide, Pentylene Glycol, Ceramide NP, Ceramide AP, Phytosphingosine, Cholesterol, Carbomer, Sodium Hyaluronate Crosspolymer, Ceramide EOP, Citric Acid.|2026-07-02 14:03:47
85550|21380|3224055037744|Déodorant ANTI-TRANSPIRANT 48H|en:hygiene;en:deodorants;en:anti-perspirants;en:roll-on-deodorants|AQUA, ALUMINUM CHLOROHYDRATE, GLYCERIN, PARFUM, HYDROXYETHYLCELLULOSE, PPG-26-BUTETH-26, PEG-40 HYDROGENATED CASTOR OIL, LINALOOL, SODIUM HYDROXIDE, LIMONENE, CITRIC ACID.|2026-07-02 14:03:47
85557|2670|4008666272232|Anti Schuppen Shampoo-Konzentrat|en:hair;en:shampoos;en:anti-dandruff-shampoos;de:shampoo-gegen-schuppen|Aqua, Sodium Laureth Sulfate, Disodium Laureth Sulfosuccinate, Cocamidopropyl Betaine, PEG-3 Distearate, Sodium Chloride, PEG-7 Glyceryl Cocoate, Fumaric Acid, Sodium Hydroxide, Salicylic Acid, Laureth-2, Polyquaternium-10, PEG-200 Hydrogenated Glyceryl Palmate, Citric Acid, Tetrasodium Etidronate, Tocopherol, Caprylic/Capric Triglyceride, Ascorbic Acid, Ascorbyl Palmitate, Sodium Benzoate, Parfum, Hexyl Cinnamal, Benzyl Salicylate, Linalyl Acetate, Linalool.|2026-07-02 14:03:47
85758|19617|29023363|Zahnpasta||aqua, sorbitol, hydrated silica, propylené glycol, glycerin, lauryl glucoside, hydroxyéthylcellu - lose, aroma, olaflur, sodium fluoride, sodium saccharin, panthenol, allanton cocamidopropyl betaine, limonene, sodium benzoate, sodium hydroxide, citric acid, ci 74160.|2026-07-02 14:03:48
85780|60|50220021|Dove men care stick clean comfort 50 m|en:hygiene;en:deodorants|Aluminum Zirconium Tetrachlorohydrex GLY, PPG-14 Butyl Ether, Stearyl Alcohol, C15-19 Alkane, Isopropyl Palmitate, Paraffinum Liquidum, Hydrogenated Castor Oil, PEG-8 Distearate, Parfum, Polyethylene, Helianthus Annuus Seed Oil, PEG-8, BHT, Acetyl Cedrene, Alpha-Isomethyl Ionone, Citral, Citronellol, Citrus Aurantium Peel Oil, Coumarin, Hexyl Cinnamal, Juniperus Virginiana Oil, Limonene, Linalool, Linalyl Acetate, Pinene, Terpineol, Tetramethyl Acetyloctahydronaphthalenes|2026-07-02 14:03:48
85797|21614|96048054|Dove Déodorant Femme Bille Anti Transpirant Pure||Aqua, Aluminum Chlorohydrate, Glycerin, Helianthus Annuus Seed Oil, Steareth-2, Steareth-20, Disodium EDTA, PentaerythritylTetra-di-t-butylHydroxyhydrocinnamate, Potassium Lactate.|2026-07-02 14:03:49
85878|2|0769915190588|www.THEORDINARY.COM|en:direct-acids|AQUA (WATER), ISODECYL NEOPENTANOATE, DIMETHICONE. AZELAIC ACID, DIMETHICONE/BIS-ISOBUTYL PPG-20 CROSSPOLYMER, DIMETHYL ISOSORBIDE, HYDROXYETHYL ACRYLATE/SODIUM ACRYLOYLDIMETHYL TAURATE COPOLYMER, POLYSILICONE-11, ISOHEXADECANE, TOCOPHEROL, TRISODIUM ETHYLENEDIAMINE DISUCCINATE, ISOCETETH-20, POLYSORBATE 60. TRIETHANOLAMINE. ETHOXYDIGLYCOL. PHENOXYETHANOL, CHLORPHENESIN.|2026-07-02 14:03:49
85886|855|0792850897687|Strawberry Moisturizing Lip Balm|en:lip-balms|Helianthus annuus (sunflower) seed oil, cocos nucifera (coconut) oil, beeswax, ricinus communis (castor) seed oil, aroma (flavor), lanolin, butyrospermum parkii (Shea) butter, theobroma cacao (cocoa) seed butter, fragaria ananassa (strawberry) seed oil, tocopherol, rebaudioside A, glycine soja (soybean) oil, citral, citronellol, geraniol, limonene, linalool|2026-07-02 14:03:49
85929|21759|3058325066246|Lingettes ultra-fraîches à l'eau nettoyante|en:accessories;en:moist-wipes;en:baby-wipes|Aqua/water, PEG-8, glycerin, chlorhexidine digluconate, PEG-60 hydrogenated castor oil, phenoxyethanol, parfum / fragrance. (FIL B44107/1).|2026-07-02 14:03:50
85988|1999|3251241041629|Savon liquide action antibactérienne à l'huile essentielle de sauge et extrait de mandarine|en:hygiene;en:soaps|Aqua, Potassium Cocoate, Glycerin, Hydroxyethylcellulose, Cocos Nucifera Oil, Citrus Nobilis Fruit Extract, Salvia Sclarea Oil, Caprylyl Glycol, Olea Europaea Fruit Oil, Propylene Glycol, Potassium Olivate, PEG-40 Hydrogenated Castor Oil, Disodium EDTA, BHT, Methylisothiazolinone, Parfum, Citral, Hexyl Cinnamal, Limonene, Linalool.|2026-07-02 14:03:50
85996|55|3264680004063|Cosmetic Product 3264680004063||INGREDIENTS: AQUA/WATER, GLYCERIN, SODIUM COCOAMPHOACETATE, SODIUM LAUR LAURYL GLUCOSIDE, PARFUM/FRAGRANCE, MEL/HONEY, SUNFLOWER SEED SODIUM COCOYL GLUTAMATE, SODIUM LAURYL GLUCOSE CARBOXYLATE, ACRYLATES ACRYLATE CROSSPOLYMER, PHENOXYETHANOL, GLUCONOLACTONE, SODIUM HYDROXIDE, COCO-GLUCOSIDE, GLYCERYL OLEATE, CITRIC ACID, ALLANTOIN, SODIUM BENZOATE, TETRASODIUM GLUTAMATE DIACETATE,1,2-HEXANEDIOL, CAPRYLYL GLYCOL, CARAMEL, CALCIUM GLUCONATE, TROPOLONE, HYDROGENATED PALM GLYCERIDES CITRATE, TOCOPHEROL [N2002/A].|2026-07-02 14:03:50
86112|1510|3378872067566|Vernis à ongles laqué - L30 Not that shy|en:makeup;en:nail-makeup;en:nail-polish|Butyl acétate, Ethyl acétate, Nitrocellulose, Acetyl tributyl citrate, Phthalic anhydride/Trimellitic anhydride/Glycols copolymer, isopropyl alcohol, Stearalkonium hectorite, Adipic acid/Fumaric acid/Phthalic acid/Tricyclodecane Dimethanol Copolymer, CI 77891, Citric Acid, CI 19140, CI 77491, Styrene/Acrylates Copolymer, CI 77499|2026-07-02 14:03:51
86145|115|3401572288129|Bioderma - Créaline H2O|fr:non-food-products;fr:open-beauty-facts|"Water (aqua), PEG-6 caprylic/capric glycerides, fructooligosaccharides, mannitol, xylitol, rhamnose, cucumis sativus (cucumber) fruit extract,
propylène glycol, cetrimonium bromide, disodium EDTA. [BI 446]"|2026-07-02 14:03:51
86168|21998|3464660001628|Crème visage intense||glycerin|2026-07-02 14:03:51
86214|126|3549621020426|Crème mains réparatrice beurre de karité|en:body;en:hand-creams;en:open-beauty-facts|Aqua (water) ; glycerin ; butyrospermum parkii (shea) butter ; polyglyceryl-3 dicitrate/stearate ; stearyl alcohol ; glyceryl stearate ; coco-caprylate ; tocopherol ; tocopheryl acetate ; carbomer ; xanthan gum ; parfum (fragrance) ; ethylhexylglycerin ; decylene glycol ; sodium benzoate ; sodium hydroxide ; limonene ; alpha-isomethyl ionone ; coumarin ; linalool|2026-07-02 14:03:52
86242|30|3574660258288|Hand Cream Concentrated Unscented|en:body;en:hand-creams|Aqua, Glycerin, Cetearyl Alcohol, Sodium Cetearyl Sulfate, Ethylhexylglycerin, Palmitic Acid, Stearic Acid, Disodium Phosphate, Potassium Phosphate, Tocopherol, Phenoxyethanol.|2026-07-02 14:03:52
86365|2278|3600550564044|Douche Massage Délassante|en:hygiene;en:showers-and-baths;en:shower-gels|AQUA / WATER, SODIUM LAURETH SULFATE, SODIUM CHLORIDE, GLYCERIN, COCO-BETAINE, PARFUM / FRAGRANCE, PPG-5-CETETH-20, CI 17200 / RED 33, CI 42090 / BLUE 1, POTASSIUM SORBATE, CANANGA ODORATA OIL / CANANGA ODORATA FLOWER OIL, LINALOOL, ALPHA-ISOMETHYL IONONE, SODIUM BENZOATE, SODIUM HYDROXIDE, DISODIUM EDTA, CITRONELLOL, CITRIC ACID, HEXYL CINNAMAL, BUTYLPHENYL METHYLPROPIONAL, POLYQUATERNIUM-7, BENZYL SALICYLATE|2026-07-02 14:03:52
86379|84|3600550947397|Mixa 50+ lait fondant solaire|fr:laits-solaires|"8855963-INGREDIENTS: AQUA/WATER, ISOPROPYL PALMITATE, ALCOHOL DENAT,

DICAPRYLYL ETHER, BIS-ETHYLHEXYLOXYPHENOL METHOXYPHENYL TRIAZINE, DISOPROPYL ADIPATE, DIISOPROPYL SEBACATE, ETHYLHEXYL TRIAZONE, BUTYL METHOXYDIBENZOYLMETHANE, GLYCERIN, PROPANEDIOL, TRIETHANOLAMINE, C12-22 ALKYL ACRYLATE/HYDROXYETHYLACRYLATE COPOLYMER, OXIDIZED STARCH ACETATE, PHENYLBENZIMIDAZOLE SULFONIC ACID, DIETHYLAMINO HYDROXYBENZOYL HEXYL BENZOATE, ORYZA SATIVA CERA/RICE BRAN WAX, PEG-20, TITANIUM DIOXIDE, STEARIC ACID, DROMETRIZOLE TRISILOXANE, ALUMINUM HYDROXIDE, TOCOPHEROL, HYDROXYACETOPHENONE, CAPRYLYL GLYCOL, HYDROXYETHYLCELLULOSE, TRISODIUM ETHYLENEDIAMINE DISUCCINATE, XANTHAN GUM, ACRYLATES COPOLYMER, ACRYLATES/C10-30 ALKYL ACRYLATE CROSSPOLYMER (F.LL C262485/1),"|2026-07-02 14:03:53
86444|2552|3760211480066|Alga Maris Crème solaire 50+||"Caprylic/Capric Triglyceride, Zinc Oxide, Cocos Nucifera Oil*, Coconut Alkanes, Titanium Dioxide, Polyglyceryl-2 Dipolyhydroxystearate, Butyrospermum Parkii Butter*, Polyglyceryl-3 Diisostearate, Hydrogenated Vegetable Oil, Lauroyl Lysine, Alumina, Stearic Acid, Coco-Caprylate/Caprate, Glyceryl Caprylate, Gelidium Sesquipedale Extract, Maris Aqua, Potassium Olivoyl PCA, Tocopherol, Helianthus Annuus Seed Oil, Sodium Hydroxide
*Ingrédients issus de l'agriculture biologique"|2026-07-02 14:03:53
86454|4254|3770013899034|déodorant bergamote|en:hygiene;en:deodorants|Cocos nucifera oil, zea mays starch, sodium bicarbonate, copernicia cerifera wax, citrus bergamia peel oil expressed, melaleuca alternifolia leaf oil, linalool, citral, limonene|2026-07-02 14:03:53
86594|2746|4021457647132|Mousse à raser douceur|fr:mousse-a-raser|Water (Aqua), Palmitic Acid, Stearic Acid, Aloe Barbadensis Leaf Juice*, Glycerin, Potassium Hydroxide, Coconut Acid, Olea Europaea (Olive) Fruit Oil*, Simmondsia Chinensis (Jojoba) Seed Oil*, Hamamelis Virginiana (Witch Hazel) Leaf Extract*, Equisetum Arvense Leaf Extract*, Cannabis Sativa Seed Extract*, Bambusa Arundinacea Leaf Extract*, Pentylene Glycol, Betaine, Silica, Myristic Acid, Sorbitol, Sodium Hydroxide, Microcrystalline Cellulose, Glyceryl Stearate SE Algin, Calcium Alginate, Bisabolol, Levulinic Acid, Glyceryl Caprylate, Glyceryl Undecylenate, Sodium Levulinate, Lactic Adid, Tocopherol, Helianthus Annuus (Sunflower) Seed Oil* *ingredients from certified organic agriculture / ingrédients issus de l'agriculture biologique certifiée|2026-07-02 14:03:54
86664|2794|4103040341013|sebamed Frische Dusche|en:shower-gels;en:showers-and-baths|Aqua, Disodium Laureth Sulfosuccinate, Cocamidopropyl Betaine, Disodium Cocoamphodiacetate, Glyceryl Laurate, PEG-7 Glyceryl Cocoate, Parfum, Lactic Acid, Niacinamide, Glycine, Magnesium Aspartate, Alanine, Lysine, Leucine, Allantoin, PEG-150 Distearat, PEG-120 Methyl Glucose Dioleate, Phenoxyethanol, Sodium Benzoate, Benzyl Alcohol, Citric Acid, Ascorbyl Palmitate, CI 61570, Hexyl cinnamal, Linalool, Limonene.|2026-07-02 14:03:54
87054|324|8901009111631|Miswak|en:hygiene;en:toothpastes;en:open-beauty-facts|Calcium carbonate, Sodium lauryl sulfate, Aroma (flavour), Salvadora persica, Carrageenan, Cellulose gum, Sodium carboxy methylcellulose, Sodium benzoate, Glycerin, Sodium saccharin, Methylparaben, Propylparaben, Eugenol|2026-07-02 14:03:57
87175|17594|20590277|Moist toilet tissues||Aqua, Aloe Barbadensis Leaf Extract, Phenoxyethanol, Sodium Benzoate, Glycerin, Sodium Lauriminodipropionate, Benzoic Acid, Dehydroacetic Acid.|2026-07-02 14:03:57
87273|23103|5060120170750|Liquid Talc|en:baby-products|Aqua, Corn Starch Modified, Cetearyl Alcohol, Alcohol, Dimethicone, Glyceryl Stearate, Hydrogenated Polydecene, Sodium Lauryl Sulfate, Phenoxyethanol, Carbomer, Triethanolamine, Parfum, Dimethylglycerin, Benzyl Salicylate, Amyl Cinnamyl Alcohol, Linalool, Alpha-isomethyl ionone, Citronellol, Coumarin, Geraniol.|2026-07-02 14:03:58
87309|23139|8904473104024|Pink Therapy Collagen Night Wrapping Mask||Purified Water, Glycerin, Polyvinyl Alcohol, Propylene Glycol, Phenoxyethanol, Niacinamide, Sodium Hyaluronate, Sodium Benzoate, Polysorbate-20, Hydroxyethylcellulose, Hydrolyzed Collagen, Sodium Gluconate, Xanthan Gum, Xylitol, Rosmarinus Officinalis (Rosemary) Extract, Parfum, Citric Acid, Tocopheryl Acetate, Phospholipids, Sphingolipids.|2026-07-02 14:03:58
87318|23147|0850046839351|Le Chouchou Lip Softening Balm Guava Fresca|en:face;en:lip-balms|Hydrogenated Polyisobutene, Diisostearyl Malate, Tridecyl Trimellitate, Phytosteryl/ Isostearyl/Cetyl/Stearyl/Behenyl Dimer Dilinoleate, Bis - Diglyceryl Polyacyladipate-2, Methyl Hydrogenated Rosinate, Polyphenylsilsesquioxane, Pentaerythrityl Tetraisostearate, Ethylene/Propylene/Styrene Copolymer, Synthetic Wax, Silica Silylate, VP/Hexadecene Copolymer, Hibiscus Sabdariffa Flower Extract, Butyrospermum Parkii (Shea) Butter, Euterpe Oleracea Fruit Oil, Schinziophyton Rautanenii Kernel Oil, Tocopherol, Microcrystalline Wax, Moringa Oil/Hydrogenated Moringa Oil Esters, Water/Aqua/Eau, Ethylhexyl Palmitate, Octyldodecanol, Caprylic/Capric Triglyceride, Tribehenin, Sorbitan Isostearate, Propylene Carbonate, Flavor (Aroma), Stearalkonium Hectorite, Lactic Acid, Palmitoyl Hexapeptide-12, Palmitoyl Tripeptide-1, Butylene/Ethylene/Styrene Copolymer, Pentaerythrityl Tetra-di-t-butyl Hydroxyhydrocinnamate, Iron Oxides (CI 77491/77499), Titanium Dioxide (CI 77891), Red 7 Lake (CI 15850), Yellow 5 Lake (CI 19140)|2026-07-02 14:03:58
87553|2882|5037156297683|John Frieda Violet Crush Toning Shampoo 250mL||WATER/AQUA/EAU, SODIUM LAURETH SULFATE, COCO-GLUCOSIDE, COCAMIDOPROPYLBETAINE, CITRIC ACID, SODIUM CHLORIDE, HYDROGENATED VEGETABLE OIL, GLYCERYLOLEATE, GUAR HYDROXYPROPYLTRIMONIUM CHLORIDE, SORBITAN CAPRYLATE, PANTHENOL,TETRASODIUM GLUTAMATE DIACETATE, SODIUM BENZOATE, FRAGRANCE/PARFUM, BENZYLALCOHOL, CITRUS AURANTIUM PEEL OIL, CITRUS LIMON (LEMON) PEEL OIL, HEXYL CINNAMAL,LIMONENE, LINALOOL, ACID BLUE 9, ACID VIOLET 43.|2026-07-02 14:04:00
87634|30|9300607562033|Neutrogena Hydro Boost Hydrogel Face Mask 30g||Water, Dipropylene Glycol, Propanediol, Ceratonia Siliqua (Carob) Gum, Xanthan Gum, Chondrus Crispus Extract, Phenoxyethanol, Chlorphenesin, PEG-60 Hydrogenated Castor Oil, Potassium Chloride, Fragrance, Disodium EDTA, Hydrolyzed Hyaluronic Acid, Tremella Fuciformis Sporocarp Extract, Plukenetia Volubilis Seed Oil, Sucrose Cocoate, CI 42090 (Blue 1), Tocopherol.|2026-07-02 14:04:01
87688|4705|9300830092123|Vaseline Gluta-Hya Body Lotion Flawless Glow 200mL||Water, Ethylhexyl Methoxycinnamate, Niacinamide, Glycerin, Glutathione, Sodium Hyaluronate, Retinyl Palmitate, Glycine, Cystine, Sodium PCA, Butyl Methoxydibenzoylmethane, Helianthus Annuus (Sunflower) Seed Oil, Tocopherol, Dimethicone, Cyclopentasiloxane, Acrylates/C10-30 Alkyl Acrylate Crosspolymer, Styrene/Acrylates Copolymer, Petrolatum, Coco-Glucoside, Disodium EDTA, Citric Acid, Benzoic Acid, Phenoxyethanol, Methylparaben, Propylparaben, Fragrance.|2026-07-02 14:04:01
87756|1043|9310714230763|Schwarzkopf Brilliance Hair Gloss Black 150mL||Aqua (Water, Eau), Glycerin, Cetearyl Alcohol, Behentrimonium Chloride, Isopropyl Myristate, Glyceryl Stearate, Parfum (Fragrance), Stearamidopropyl Dimethylamine, HC Blue No. 16, Isopropyl Alcohol, Sodium Benzoate, HC Blue No. 12, Prunus Armeniaca (Apricot) Kernel Oil, Polyquaternium-37, Macadamia Ternifolia Seed Oil, Cocos Nucifera (Coconut) Oil, Dicaprylyl Carbonate, Panthenol, 2-Amino-6-Chloro-4-Nitrophenol, Citric Acid, Hydroxypropylgluconamide, Dipropylene Glycol, HC Yellow No. 2, Hydroxypropylammonium Gluconate, Basic Red 51, Lauryl Glucoside, Benzyl Alcohol|2026-07-02 14:04:02
87757|1043|9310714231012|Schwarzkopf Extra Care Full Hair Protect Anti-Breakage Shampoo 200mL||Aqua (Water, Eau), Sodium Laureth Sulfate, Cocamidopropyl Betaine, Sodium Chloride, Caffeine, Hydrolyzed Wheat Protein, Parfum (Fragrance), Sodium Benzoate, Coco-Glucoside, Citric Acid, Glyceryl Oleate, PEG-7 Glyceryl Cocoate, Hydroxypropyl Guar Hydroxypropyltrimonium Chloride, PEG-120 Methyl Glucose Dioleate, Glycol Distearate, Laureth-4, Hydrogenated Castor Oil, Citrus Aurantium Peel Oil, Limonene, Sodium Hydroxide, Benzyl Alcohol, Propylene Glycol|2026-07-02 14:04:02
87913|45|4902430931137|Pantene Pro-v Shampoo Colour Protection 375mL||WATER, SODIUM LAURETH SULFATE, COCAMIDOPROPYL BETAINE, SODIUM CITRATE, SODIUM XYLENESULFONATE, SODIUM CHLORIDE, SODIUM LAURYL SULFATE, FRAGRANCE, STEARYL ALCOHOL, GLYCERIN, CETYL ALCOHOL, DIMETHICONOL, CITRIC ACID, SODIUM BENZOATE, DIMETHICONE, GUAR HYDROXYPROPYLTRIMONIUM CHLORIDE, TETRASODIUM EDTA, TEA-DODECYLBENZENESULFONATE, POLYQUATERNIUM-6, TRIHYDROXYSTEARIN, TRIDECETH-10, PANTHENOL, HISTIDINE, PANTHENYL ETHYL ETHER, METHYLCHLOROISOTHIAZOLINONE, BENZYL ALCOHOL, PROPYLENE GLYCOL, METHYLISOTHIAZOLINONE|2026-07-02 14:04:03
88062|23863|9356892000316|Gem Skin Loving Deodorant Summer Spritz 127g 207mL||BUTANE, ISOBUTANE, PROPANE, ALUMINIUM CHLOROHYDRATE, CYCLOPENTASILOXANE, C12-15 ALKYL BENZOATE, DISTEARDIMONIUM HECTORITE, PROPYLENE CARBONATE, FRAGRANCE, BUTYROSPERMUM PARKII (SHEA) BUTTER, TOCOPHERYL ACETATE, SODIUM HYALURONATE|2026-07-02 14:04:04
88169|21733|4064666945217|Clairol Colour Strong 8.1 Medium Ash Blonde 1 Pack||BONDING PRIMER Aqua/Water/Eau, Propylene Glycol, Hydroxyethylcellulose, Quaternium-80, Sodium Diethylenetriamine Pentamethylene Phosphonate, Phenoxyethanol, Malic Acid, Cocamidopropyl Betaine, PEG-40 Hydrogenated Castor Oil, Parfum/Fragrance, Disodium EDTA, Disodium Phosphate, Polysorbate 60, Sodium Phosphate. PERMANENT COLOUR CREAM Aqua/Water/Eau, Ethanolamine, Propylene Glycol, Cetearyl Alcohol, Citric Acid, Sodium Diethylenetriamine Pentamethylene Phosphonate, Sodium Sulfite, Dicetyl Phosphate, 2-Methoxymethyl-p-Phenylenediamine, Ascorbic Acid, Parfum/Fragrance, Ceteth-10 Phosphate, Steareth-200, Trisodium Ethylenediamine Disuccinate, Xanthan Gum, Disodium EDTA, 2-Methylresorcinol, Sodium Metasilicate, 2,4-Diaminophenoxyethanol HCl, p-Aminophenol, 2-Methyl-5-Hydroxyethylaminophenol, m-Aminophenol, 1-Naphthol. ACTIVATOR Aqua/Water/Eau, Hydrogen Peroxide, Cetearyl Alcohol, Ceteareth-25, Salicylic Acid, Phosphoric Acid, Disodium Phosphate, Disodium Pyrophosphate, Sodium Stannate, Etidronic Acid. BONDING TREATMENT Aqua/Water/Eau, Bis-Hydroxy/Methoxy Amodimethicone, Stearyl Alcohol, Cetyl Alcohol, Stearamidopropyl Dimethylamine, Malic Acid, Glutamic Acid, Parfum/Fragrance, Benzyl Alcohol, Benzyl Benzoate, EDTA, Histidine, Cocos Nucifera (Coconut) Oil, Sodium Chloride, Hexamethylindanopyran, Hexyl Cinnamal, Linalool, Magnesium Nitrate, Trimethylsiloxysilicate, Aloe Barbadensis Leaf Juice, Methylchloroisothiazolinone, Magnesium Chloride, Methylisothiazolinone, Ascorbic Acid, Citric Acid, Potassium Sorbate, Sodium Benzoate, Sodium Sulfite.|2026-07-02 14:04:05
88189|24019|9310692872320|People All In One Treatment 200mL||Water, Cetearyl Alcohol*, Dipalmitoylethyl Dimonium Chloride*, Cetyl Alcohol*, Bis-(Isostearoyl/Oleoyl Isopropyl) Dimonium Methosulfate*, Bis-Aminopropyl Dimethicone, Caprylic/Capric Triglyceride*, Behentrimonium Methosulfate*, Phenoxyethanol, Panthenol, Fragrance, Citric Acid*, Sodium Benzoate, Glycerin*, Tetrasodium Glutamate Diacetate*, Urtica Dioica (Nettle) Extract*, Panax Ginseng Root Extract*|2026-07-02 14:04:05
88201|23513|9300830069750|TRESemme Shampoo Colour Revitalise 940mL||Water, Sodium Laureth Sulfate, Cocamidopropyl Betaine, Glycerin, Dimethiconol, Tocopherol (Vitamin E), Argania Spinosa (Argan) Kernel Oil (Argan Oil), Rosmarinus Officinalis (Rosemary) Leaf Extract (Rosemary), Camellia Sinensis Leaf Extract (Green Tea), Ethylhexyl Methoxycinnamate, PEG-45, Carbomer, Guar Hydroxypropyltrimonium Chloride, Cocamide MEA, TEA-Dodecylbenzenesulfonate, TEA-Sulfate, Glycol Distearate, Sodium Chloride, Citric Acid, Disodium EDTA, Sodium Benzoate, Phenoxyethanol, Fragrance, Mica, Titanium Dioxide.|2026-07-02 14:04:05
88233|819|9370700082509|Revlon Illuminance Serum Concealer Light Medium 5mL||AQUA, DIMETHICONE, ISONONYL ISONONANOATE, CAPRYLIC/CAPRIC TRIGLYCERIDE,GLYCERIN, BUTYLENE GLYCOL, CETYL PEG/PPG-10/1 DIMETHICONE, TRIMETHYLSILOXYSILICATE, SORBITAN OLIVATE, SODIUM CHLORIDE, TRIBEHENIN, DISTEARDIMONIUM HECTORITE, PHENOXYETHANOL, ETHYLHEXYLGLYCERIN, CAPRYLYL GLYCOL, ETHYLHEXYLGLYCERIN, SQUALANE, SODIUM HYALURONATE, XANTHAN GUM, MICA, TRIETHOXYCAPRYLYLSILANE, TITANIUM DIOXIDE (CI 77891), TRIETHOXYCAPRYLYLSILANE, ALUMINA, IRON OXIDES (CI 77492), TRIETHOXYCAPRYLYLSILANE, IRON OXIDES (CI 77491), TRIETHOXYCAPRYLYLSILANE, IRON OXIDES (CI 77499), TRIETHOXYCAPRYLYLSILANE|2026-07-02 14:04:05
88282|23881|9314057012239|Dermaveen Soothing Oatmeal Conditioner 1L||Aqua, Cetearyl Alcohol, Cyclotetrasiloxane, Avena Sativa (Colloidal Oatmeal) Kernel Flour, Dimethicone, Cetrimonium Chloride, Hydroxyethylcellulose, Phenoxyethanol, Caprylyl Glycol, Behentrimonium Methosulfate, Lauryl Pyrrolidone, Amodimethicone, Sodium PCA, Panthenol, Cyclopentasiloxane, Cocodimonium Hydroxypropyl Hydrolyzed Wheat Protein, Aloe Barbadensis Leaf Juice, Sorbic Acid, Trideceth12, Maltodextrin|2026-07-02 14:04:05
88326|2865|9300830087983|Dove Women Deodorant Advanced 72hr Aerosol Invisible Dry 250mL||Butane, Isobutane, Propane, Cyclopentasiloxane, PPG-14 Butyl Ether, Aluminum Sesquichlorohydrate, Fragrance, Disteardimonium Hectorite, Hydrolyzed Hyaluronic Acid, Glycine, Water, Calcium Chloride, Propylene Carbonate, BHT.|2026-07-02 14:04:06
88339|807|3616302250813|Sally Hansen Insta Dri Nail Polish Cinna Snap 9.17mL||BUTYL ACETATE, ETHYL ACETATE, NITROCELLULOSE, ADIPIC ACID/NEOPENTYL GLYCOL/TRIMELLITIC ANHYDRIDE COPOLYMER, ISOPROPYL ALCOHOL, ACETYL TRIBUTYL CITRATE, CALCIUM ALUMINUM BOROSILICATE, STEARALKONIUM BENTONITE, ACRYLATES COPOLYMER, SILICA, SODIUM STYRENE/ACRYLATES COPOLYMER, STYRENE/ACRYLATES COPOLYMER, AQUA/WATER/EAU, BENZOPHENONE-1, CAPRYLIC/CAPRIC TRIGLYCERIDE, DIACETONE ALCOHOL, HEXANAL, TRIMETHYLPENTANEDIYL DIBENZOATE, KAOLIN, PISTACIA LENTISCUS (MASTIC) GUM OIL, TOCOPHERYL ACETATE, TRIPHENYL PHOSPHATE, PHOSPHORIC ACID, DIMETHICONE, TRIMETHYLSILOXYSILICATE, CETYL PEG/PPG-10/1 DIMETHICONE, TIN OXIDE, [May Contain/Peut Contenir/+/-:MICA, TITANIUM DIOXIDE (CI 77891), FD&C YELLOW NO. 5 ALUMINUM LAKE (CI 19140), ALUMINUM POWDER (CI 77000), MANGANESE VIOLET (CI 77742), D&C RED NO. 6 BARIUM LAKE (CI 15850), IRON OXIDES (CI 77491, CI 77492, CI 77499), D&C RED NO. 7 CALCIUM LAKE (CI 15850), FD&C BLUE NO. 1 ALUMINUM LAKE (CI 42090), FERRIC AMMONIUM FERROCYANIDE (CI 77510), D&C RED NO. 34 CALCIUM LAKE (CI 15880), ULTRAMARINES (CI 77007), D&C BLACK NO. 2 (CI 77266)]. Clearly Quick Top Coat #103 ETHYL ACETATE, BUTYL ACETATE, CELLULOSE ACETATE BUTYRATE, ISOPROPYL ALCOHOL, ACETYL TRIBUTYL CITRATE, ADIPIC ACID/NEOPENTYL GLYCOL/TRIMELLITIC ANHYDRIDE COPOLYMER, NITROCELLULOSE, BENZOPHENONE-3, HEXANAL, TRIMETHYLPENTANEDIYL DIBENZOATE, CAPRYLIC/CAPRIC TRIGLYCERIDE, PISTACIA LENTISCUS (MASTIC) GUM OIL, D&C VIOLET NO. 2 (CI 60725). Grape Shifter #483 ETHYL ACETATE, BUTYL ACETATE, NITROCELLULOSE, POLYETHYLENE TEREPHTHALATE, ADIPIC ACID/NEOPENTYL GLYCOL/TRIMELLITIC ANHYDRIDE COPOLYMER, ACETYL TRIBUTYL CITRATE, ISOPROPYL ALCOHOL, SILICA, n-BUTYL ALCOHOL, ISOSORBIDE DICAPRYLATE/CAPRATE, ETOCRYLENE, POLYURETHANE-11, KAOLIN, POLYURETHANE-33, GLYCIDYL NEODECANOATE/PHTHALIC ANHYDRIDE/TMP CROSSPOLYMER, ACRYLATES/DIMETHICONE COPOLYMER, DIMETHICONE, STYRENE/ACRYLATES COPOLYMER, AQUA/WATER/EAU, TRIMETHYLSILOXYSILICATE, TOCOPHERYL ACETATE, CARTHAMUS TINCTORIUS (SAFFLOWER) SEED OIL, TRIPHENYL PHOSPHATE, CETYL PEG/PPG-10/1 DIMETHICONE, MACROCYSTIS PYRIFERA (KELP) EXTRACT, BUTYLENE GLYCOL, HYDROLYZED CONCHIOLIN PROTEIN, METHYLPARABEN, PROPYLPARABEN, [May Contain/Peut Contenir/+/-:FERRIC AMMONIUM FERROCYANIDE (CI 77510), D&C RED NO. 7 CALCIUM LAKE (CI 15850), ALUMINUM POWDER (CI 77000), FD&C YELLOW NO. 5 ALUMINUM LAKE (CI 19140), D&C VIOLET NO. 2 (CI 60725)].|2026-07-02 14:04:06
88560|24390|8852660636875|INGU Tri-peptide Balm Nude Pink|en:suncare;en:face;en:in-sun-protections;en:sunscreen;en:lip-balms;en:lip-balms-with-sun-protection|Polybutene, Hydrogenated Polyisobutene, Ethylhexyl Palmitate, Microcrystalline Wax, Phytosteryl/Isostearyl/Cetyl/Stearyl/Behenyl Dimer Dilinoleate, Camellia Oleifera Seed Oil, Diisostearyl Malate, Cocos Nucifera (Coconut) Oil, Bis-Ethylhexyloxyphenol Methoxyphenyl Triazine, Ethylhexyl Triazone, Silica Dimethyl Silylate, Butyrospermum Parkii (Shea) Butter, Kojic Acid Dipalmitate, Cetearyl Ethylhexano - até, Water, Ethylene/Propylene/Styrene Copoly - mer, BHT, Bisabolol, Tocopheryl Acetate, Sorbitan Isostearate, Ceteareth-25, Butylene/Ethylene/ Styrene Copolymer, Glycerin, Cetyl Alcohol, Portulaca Pilosa Extract, Phenoxyethanol, Behenic Acid, Ceramide NP, Cholesterol, Sucrose Cocoate, Ceramide NS, Ethylhexylglycerin, Ceramide AP, Ceramide EOP Ceramide EOS, Caprooyl Phytosphingosine, Caprooyl Sphin - gosine, Palmitoyl Tripeptide-38, Ascorbyl - Palmitate, Citric Acid, Glyceryl Oleate, Glyceryl Stearate, Lecithin, Tocopherol. May Contain (+/-): CI 77891, CI 15850, CI 77491, CI 19140, CI 42090, CI 15985, CI 47005|2026-07-02 14:04:08
88632|20904|8699375052091|Bee Beauty Young Flower Doğal Kadın Deodorant Roll-On 50 ml|en:hygiene;en:deodorants;en:roll-on-deodorants;en:Aluminum-free deodorants;en:Body deodorants;en:Cosmetics;en:Women's deodorants|Alcohol Denat, Aqua, Propylene Glycol, Parfum, Carbomer, Triethanolamine, Melaleuca Alternifolia Leaf Oil, Limonene, Hexyl Cinnamal, Linalool, Geraniol, Turpentine, Terpinolene, Camphor, Rose Ketones, Linalyl Acetate, Terpineol, Eucalyptus Globulus Oil, Pinene, Citral, Beta-Caryophyllene, Geranyl Acetate.|2026-07-02 14:04:08
88709|24492|8033765642088|Miss Kay Boyfriend Tee EDP Kadın Parfüm 25 ml|en:perfumes;en:Cosmetics;en:Eau de parfum;en:Women's perfumes|Alcohol Denat. (Sd Alcohol 39-c), Aqua (Water), Parfum (Fragrance), Ethylhexyl Methoxycinnamate, Ethylhexyl Salicylate, Butyl Methoxydibenzoylmethane, Linalool, Coumarin, Limonene, Benzyl Salicylate, Alpha-Isomethyl Ionone, Benzyl Benzoate, Cinnamal|2026-07-02 14:04:09
88754|24582|0810175610641|Rhode Peptide Lip Tint|en:Lip tint|Hydrogenated Polyisobutene, Diisostearyl Malate, Butyrospermum Parkii (Shea) Butter, Polybutene, Microcrystalline Wax (Cera Microcristallina) (Cire microcristalline), Synthetic Beeswax, Synthetic Wax, Octyldodecanol, Hydrogenated Poly(C6-14 Olefin), Polyglyceryl-2 Triisostearate, Dimer Dilinoleyl Dimer Dilinoleate, Glyceryl Behenate/Eicosadioate, Triethyl Citrate, Tocopherol, Tocopheryl Acetate, Tetrahexyldecyl Ascorbate, Palmitoyl Tripeptide-1, Orbignya Oleifera Seed Oil*, Theobroma Grandiflorum Seed Butter, Lactic Acid, Tribehenin, Stevioside, Ethylhexyl Palmitate, Sorbitan Isostearate, Synthetic Fluorphlogopite, Disteardimonium Hectorite, o-Cymen-5-ol, Fragrance (Parfum), Benzyl Benzoate, Dimethyl Phenethyl Acetate, Linalool, Benzaldehyde, Red 28 Lake (CI 45410), Red 7 (CI 15850), Blue 1 Lake (CI 42090) *|2026-07-02 14:04:09
